iata,icao,name,city,country,lat,lon,tz
AAA,NTGA,Anaa Airport,,PF,-17.3526,-145.50999,Pacific/Tahiti
AAB,YARY,Arrabury Airport,,AU,-26.7,141.05,Australia/Brisbane
AAC,HEAR,El Arish International Airport,El Arish,EG,31.0733,33.8358,Africa/Cairo
AAD,HCAD,Adado Airport,Adado,SO,6.09583,46.6375,Africa/Mogadishu
AAE,DABB,Annaba Airport,Annabah,DZ,36.8222,7.80917,Africa/Algiers
AAF,KAAF,Apalachicola Regional Airport,Apalachicola,US,29.7275,-85.0275,America/New_York
AAG,SSYA,Arapoti Airport,Arapoti,BR,-24.1039,-49.7891,America/Sao_Paulo
AAH,EDKA,Aachen-Merzbruck Airport,Aachen,DE,50.82306,6.18639,Europe/Berlin
AAI,SWRA,Arraias Airport,Arraias,BR,-13.02389,-46.88556,America/Araguaina
AAJ,SMCA,Cayana Airstrip,Awaradam,SR,3.89868,-55.57791,America/Paramaribo
AAK,NGUK,Buariki Airport,Buariki,KI,0.18528,173.63699,Pacific/Tarawa
AAL,EKYT,Aalborg Airport,Aalborg,DK,57.09276,9.84924,Europe/Copenhagen
AAM,FAMD,Malamala Airport,Malamala,ZA,-24.8181,31.5446,Africa/Johannesburg
AAN,OMAL,Al Ain International Airport,Al Ain,AE,24.2617,55.6092,Asia/Dubai
AAO,SVAN,Anaco Airport,Anaco,VE,9.43023,-64.47073,America/Caracas
AAP,WALS,Aji Pangeran Tumenggung Pranoto International Airport,Samarinda,ID,-0.37361,117.25556,Asia/Makassar
AAQ,URKA,Anapa Airport,Anapa,RU,45.0021,37.3473,Europe/Moscow
AAR,EKAH,Aarhus Airport,Aarhus,DK,56.3,10.619,Europe/Copenhagen
AAT,ZWAT,Altay Air Base,Altay,CN,47.74989,88.08581,Asia/Shanghai
AAU,NSAU,Asau Airport,Asau,WS,-13.5058,-172.62801,Pacific/Apia
AAV,RPMA,Allah Valley Airport,Surallah,PH,6.36682,124.751,Asia/Manila
AAW,OPAB,Abbottabad Airport,Abbottabad,PK,34.2,73.25,Asia/Karachi
AAX,SBAX,Araxa Airport,Araxa,BR,-19.5632,-46.9604,America/Sao_Paulo
AAY,OYGD,Al Ghaidah International Airport,Al Ghaydah,YE,16.1917,52.175,Asia/Aden
AAZ,MGQZ,Quezaltenango Airport,Quezaltenango,GT,14.8656,-91.502,America/Guatemala
ABA,UNAA,Abakan Airport,Abakan,RU,53.74,91.385,Asia/Krasnoyarsk
ABB,DNAS,Asaba International Airport,Asaba,NG,6.20333,6.65889,Africa/Lagos
ABC,LEAB,Albacete-Los Llanos Airport,Albacete,ES,38.9485,-1.86352,Europe/Madrid
ABD,OIAA,Abadan Airport,Abadan,IR,30.3711,48.2283,Asia/Tehran
ABE,KABE,Lehigh Valley International Airport,Allentown,US,40.6521,-75.4408,America/New_York
ABF,NGAB,Abaiang Airport,Abaiang,KI,1.79861,173.041,Pacific/Tarawa
ABG,YABI,Abingdon Downs Airport,,AU,-17.6167,143.16701,Australia/Brisbane
ABH,YAPH,Alpha Airport,Alpha,AU,-23.6461,146.584,Australia/Brisbane
ABI,KABI,Abilene Regional Airport,Abilene,US,32.4113,-99.6819,America/Chicago
ABJ,DIAP,Port Bouet Airport,Abidjan,CI,5.26139,-3.92629,Africa/Abidjan
ABK,HAKD,Kabri Dehar Airport,Kabri Dehar,ET,6.734,44.253,Africa/Addis_Ababa
ABL,PAFM,Ambler Airport,Ambler,US,67.1063,-157.85699,America/Anchorage
ABM,YBAM,Bamaga Injinoo Airport,Bamaga,AU,-10.9508,142.459,Australia/Brisbane
ABN,SMBN,Albina Airport,Albina,SR,5.51272,-54.0501,America/Cayenne
ABO,DIAO,Aboisso Airport,Aboisso,CI,5.46194,-3.23472,Africa/Abidjan
ABQ,KABQ,Albuquerque International Sunport Airport,Albuquerque,US,35.0402,-106.609,America/Denver
ABR,KABR,Aberdeen Regional Airport,Aberdeen,US,45.4491,-98.4218,America/Chicago
ABS,HEBL,Abu Simbel Airport,Abu Simbel,EG,22.376,31.6117,Africa/Cairo
ABT,OEBA,Al Baha Airport,Al Bahah,SA,20.2961,41.6343,Asia/Riyadh
ABU,WRKA,Haliwen Airport,Atambua-Timor Island,ID,-9.07305,124.905,Asia/Makassar
ABV,DNAA,Nnamdi Azikiwe International Airport,Abuja,NG,9.00679,7.26317,Africa/Lagos
ABX,YMAY,Albury Airport,Albury,AU,-36.0678,146.95799,Australia/Melbourne
ABY,KABY,Southwest Georgia Regional Airport,Albany,US,31.5355,-84.1945,America/New_York
ABZ,EGPD,Aberdeen Dyce Airport,Aberdeen,GB,57.2019,-2.19778,Europe/London
ACA,MMAA,General Juan N Alvarez International Airport,Acapulco,MX,16.7571,-99.754,America/Mexico_City
ACB,KACB,Antrim County Airport,Bellaire,US,44.9886,-85.1984,America/Detroit
ACC,DGAA,Kotoka International Airport,Accra,GH,5.60519,-0.16679,Africa/Accra
ACD,SKAD,Alcides Fernandez Airport,Acandi,CO,8.51667,-77.3,America/Bogota
ACE,GCRR,Lanzarote Airport,Lanzarote Island,ES,28.9455,-13.6052,Atlantic/Canary
ACF,ZWAL,Aral Talim Airport,Aral,CN,40.4358,81.26412,Asia/Shanghai
ACH,LSZR,St Gallen Altenrhein Airport,Altenrhein,CH,47.485,9.56077,Europe/Vienna
ACI,EGJA,Alderney Airport,Saint Anne,GG,49.7061,-2.21472,Europe/Guernsey
ACJ,VCCA,Anuradhapura Air Force Base,Anuradhapura,LK,8.30149,80.4279,Asia/Colombo
ACK,KACK,Nantucket Memorial Airport,Nantucket,US,41.2531,-70.0602,America/New_York
ACN,MMCC,Ciudad Acuna New International Airport,Ciudad Acuna,MX,29.3329,-101.099,America/Matamoros
ACP,OITM,Sahand Airport,Maragheh,IR,37.348,46.1279,Asia/Tehran
ACR,SKAC,Araracuara Airport,Araracuara,CO,-0.5833,-72.4083,America/Bogota
ACS,UNKS,Achinsk Airport,Achinsk,RU,56.2683,90.5708,Asia/Krasnoyarsk
ACT,KACT,Waco Regional Airport,Waco,US,31.6113,-97.2305,America/Chicago
ACV,KACV,California Redwood Coast-Humboldt County Airport,Arcata/Eureka,US,40.9781,-124.109,America/Los_Angeles
ACX,ZUYI,Xingyi Airport,Xingyi,CN,25.08639,104.95944,Asia/Shanghai
ACY,KACY,Atlantic City International Airport,Atlantic City,US,39.4576,-74.5772,America/New_York
ACZ,OIZB,Zabol Airport,Zabol,IR,31.0983,61.5439,Asia/Tehran
ADA,LTAF,Adana Airport,Adana,TR,36.9822,35.2804,Europe/Istanbul
ADB,LTBJ,Adnan Menderes International Airport,Izmir,TR,38.2924,27.157,Europe/Istanbul
ADC,AYAN,Andakombe Airport,Andekombe,PG,-7.13722,145.74472,Pacific/Port_Moresby
ADD,HAAB,Bole International Airport,Addis Ababa,ET,8.97789,38.7993,Africa/Addis_Ababa
ADE,OYAA,Aden International Airport,Aden,YE,12.8295,45.0288,Asia/Aden
ADF,LTCP,Adiyaman Airport,Adiyaman,TR,37.7314,38.4689,Europe/Istanbul
ADG,KADG,Lenawee County Airport,Adrian,US,41.8677,-84.0773,America/Detroit
ADH,UEEA,Aldan Airport,Aldan,RU,58.6028,125.409,Asia/Yakutsk
ADI,FYAR,Arandis Airport,Arandis,NA,-22.4622,14.98,Africa/Windhoek
ADJ,OJAM,Amman-Marka International Airport,Amman,JO,31.9727,35.9916,Asia/Amman
ADK,PADK,Adak Airport,Adak Island,US,51.878,-176.646,America/Adak
ADL,YPAD,Adelaide International Airport,Adelaide,AU,-34.945,138.53101,Australia/Adelaide
ADM,KADM,Ardmore Municipal Airport,Ardmore,US,34.30301,-97.01963,America/Chicago
ADN,SKAN,Andes Airport,Andes,CO,5.66667,-75.8833,America/Bogota
ADO,YAMK,Andamooka Airport,Andamooka,AU,-30.4383,137.13699,Australia/Adelaide
ADP,VCCG,Ampara Airport,Ampara,LK,7.33694,81.63028,Asia/Colombo
ADQ,PADQ,Kodiak Airport,Kodiak,US,57.75,-152.494,America/Anchorage
ADR,KPHH,Robert F Swinnie Airport,Andrews,US,33.4517,-79.5262,America/New_York
ADS,KADS,Addison Airport,Dallas,US,32.9686,-96.8364,America/Chicago
ADT,KADH,Ada Municipal Airport,Ada,US,34.8043,-96.6713,America/Chicago
ADU,OITL,Ardabil Airport,Ardabil,IR,38.3257,48.4244,Asia/Tehran
ADW,KADW,Andrews Air Force Base,Camp Springs,US,38.8108,-76.867,America/New_York
ADX,EGQL,RAF Leuchars,St. Andrews,GB,56.3729,-2.86844,Europe/London
ADY,FAAL,Alldays Airport,Alldays,ZA,-22.679,29.0555,Africa/Johannesburg
ADZ,SKSP,Gustavo Rojas Pinilla International Airport,San Andres,CO,12.5836,-81.7112,America/Bogota
AEA,NGTB,Abemama Atoll Airport,Abemama Atoll,KI,0.49083,173.82899,Pacific/Tarawa
AEB,ZBGS,Tian Yang Air Base,Baise,CN,23.7206,106.96,Asia/Shanghai
AEG,WIME,Aek Godang Airport,Padang Sidempuan,ID,1.4001,99.43045,Asia/Jakarta
AEH,FTTC,Abeche Airport,Abeche,TD,13.847,20.8443,Africa/Ndjamena
AEL,KAEL,Albert Lea Municipal Airport,Albert Lea,US,43.6815,-93.3672,America/Chicago
AEM,UHTG,Amgu Airport,Amgu,RU,45.84126,137.67357,Asia/Vladivostok
AEO,GQNA,Aioun el Atrouss Airport,Aioun El Atrouss,MR,16.7113,-9.63788,Africa/Nouakchott
AEP,SABE,Jorge Newbery Airpark,Buenos Aires,AR,-34.5592,-58.4156,America/Argentina/Buenos_Aires
AER,URSS,Sochi International Airport,Sochi,RU,43.4499,39.9566,Europe/Moscow
AES,ENAL,Alesund Airport,Alesund,NO,62.5625,6.1197,Europe/Oslo
AET,PFAL,Allakaket Airport,Allakaket,US,66.5518,-152.62199,America/Anchorage
AEU,OIBA,Abumusa Island Airport,Abu Musa,IR,25.8757,55.033,Asia/Tehran
AEX,KAEX,Alexandria International Airport,Alexandria,US,31.3274,-92.5498,America/Chicago
AEY,BIAR,Akureyri Airport,Akureyri,IS,65.66,-18.0727,Atlantic/Reykjavik
AFA,SAMR,Suboficial Ay Santiago Germano Airport,San Rafael,AR,-34.5883,-68.4039,America/Argentina/Mendoza
AFD,FAPA,Port Alfred Airport,Port Alfred,ZA,-33.5542,26.8777,Africa/Johannesburg
AFE,PAFE,Kake Airport,Kake,US,56.9614,-133.91,America/Sitka
AFF,KAFF,USAF Academy Airfield,Colorado Springs,US,38.9697,-104.813,America/Denver
AFI,SKAM,Amalfi Airport,Amalfi,CO,6.91667,-75.0667,America/Bogota
AFL,SBAT,Alta Floresta Airport,Alta Floresta,BR,-9.86639,-56.105,America/Cuiaba
AFN,KAFN,Jaffrey Airport Silver Ranch Airport,Jaffrey,US,42.8051,-72.003,America/New_York
AFO,KAFO,Afton Municipal Airport,Afton,US,42.7112,-110.942,America/Denver
AFR,AYAF,Afore Airstrip,Afore,PG,-9.14222,148.39083,Pacific/Port_Moresby
AFS,UZSN,Sugraly Airport,Zarafshan,UZ,41.6139,64.2332,Asia/Samarkand
AFT,AGAF,Afutara Aerodrome,Bila,SB,-9.19139,160.94861,Pacific/Guadalcanal
AFW,KAFW,Fort Worth Alliance Airport,Fort Worth,US,32.9876,-97.3188,America/Chicago
AFY,LTAH,Afyon Airport,Afyonkarahisar,TR,38.7264,30.6011,Europe/Istanbul
AFZ,OIMS,Sabzevar National Airport,Sabzevar,IR,36.1681,57.5952,Asia/Tehran
AGA,GMAD,Al Massira Airport,Agadir,MA,30.325,-9.41307,Africa/Casablanca
AGB,EDMA,Augsburg Airport,Augsburg,DE,48.42528,10.93167,Europe/Berlin
AGC,KAGC,Allegheny County Airport,Pittsburgh,US,40.3544,-79.9302,America/New_York
AGE,EDWG,Wangerooge Airport,Wangerooge,DE,53.78278,7.91389,Europe/Berlin
AGF,LFBA,Agen-La Garenne Airport,Agen/La Garenne,FR,44.1747,0.59056,Europe/Paris
AGH,ESTA,Angelholm-Helsingborg Airport,Angelholm,SE,56.2961,12.8471,Europe/Stockholm
AGI,SMWA,Wageningen Airport Airport,Wageningen Airport,SR,5.76667,-56.63333,America/Paramaribo
AGJ,RORA,Aguni Airport,Aguni,JP,26.5925,127.241,Asia/Tokyo
AGL,AYWG,Wanigela Airport,,PG,-9.3375,149.15556,Pacific/Port_Moresby
AGN,PAGN,Angoon Seaplane Base,Angoon,US,57.50361,-134.585,America/Juneau
AGO,KAGO,Magnolia Municipal Airport,Magnolia,US,33.228,-93.217,America/Chicago
AGP,LEMG,Malaga Airport,Malaga,ES,36.6749,-4.49911,Europe/Madrid
AGQ,LGAG,Agrinion Airport,Agrinion,GR,38.602,21.3512,Europe/Athens
AGR,VIAG,Agra Airport,Agra,IN,27.1558,77.9609,Asia/Kolkata
AGS,KAGS,Augusta Regional At Bush Field,Augusta,US,33.3699,-81.9645,America/New_York
AGT,SGES,Guarani International Airport,Ciudad del Este,PY,-25.46,-54.84,America/Asuncion
AGU,MMAS,Jesus Teran International Airport,Aguascalientes,MX,21.7056,-102.318,America/Mexico_City
AGV,SVAC,Oswaldo Guevara Mujica Airport,Acarigua,VE,9.55338,-69.23787,America/Caracas
AGX,VOAT,Agatti Airport,Agatti,IN,10.8237,72.176,Asia/Kolkata
AGZ,FAAG,Aggeneys Airport,Aggeneys,ZA,-29.2818,18.8139,Africa/Johannesburg
AHB,OEAB,Abha Regional Airport,Abha,SA,18.2404,42.6566,Asia/Riyadh
AHC,KAHC,Amedee Army Air Field,Herlong,US,40.2662,-120.153,America/Los_Angeles
AHE,NTHE,Ahe Airport,Ahe Atoll,PF,-14.4281,-146.257,Pacific/Tahiti
AHF,K37V,Arapahoe Municipal Airport,Arapahoe,US,40.34158,-99.90781,America/Chicago
AHH,KAHH,Amery Municipal Airport,Amery,US,45.2811,-92.3754,America/Chicago
AHI,WAPA,Amahai Airport,Amahai-Seram Island,ID,-3.348,128.92599,Asia/Jayapura
AHJ,ZUHY,Ngawa Hongyuan Airport,Hongyuan,CN,32.52917,102.35694,Asia/Shanghai
AHL,SYAH,Aishalton Airport,Aishalton,GY,2.48653,-59.3134,America/Guyana
AHM,KS03,Ashland Municipal Sumner Parker Field,Ashland,US,42.1903,-122.661,America/Los_Angeles
AHN,KAHN,Athens Ben Epps Airport,Athens,US,33.9486,-83.3263,America/New_York
AHO,LIEA,Alghero / Fertilia Airport,Alghero,IT,40.6321,8.29077,Europe/Rome
AHS,MHAH,Ahuas Airport,Ahuas,HN,15.4722,-84.3522,America/Tegucigalpa
AHU,GMTA,Cherif Al Idrissi Airport,Al Hoceima,MA,35.1771,-3.83952,Africa/Casablanca
AHZ,LFHU,L'alpe D'huez Airport,Bourg,FR,45.0883,6.08472,Europe/Paris
AIA,KAIA,Alliance Municipal Airport,Alliance,US,42.0532,-102.804,America/Denver
AID,KAID,Anderson Municipal Darlington Field,Anderson,US,40.1086,-85.613,America/Indiana/Indianapolis
AIE,AYAO,Aiome Airport,Aiome,PG,-5.1457,144.7307,Pacific/Port_Moresby
AIF,SBAS,Marcelo Pires Halzhausen Airport,Assis,BR,-22.64,-50.45306,America/Sao_Paulo
AIG,FEFY,Yalinga Airport,Yalinga,CF,6.52,23.26,Africa/Bangui
AII,HDAS,Ali-Sabieh Airport,Ali-Sabieh,DJ,11.14689,42.72,Africa/Djibouti
AIK,KAIK,Aiken Municipal Airport,Aiken,US,33.6494,-81.685,America/New_York
AIN,PAWI,Wainwright Airport,Wainwright,US,70.638,-159.995,America/Anchorage
AIO,KAIO,Atlantic Municipal Airport,Atlantic,US,41.4073,-95.0469,America/Chicago
AIP,VIAX,Adampur Air Force Station,Jalandhar,IN,31.4338,75.7588,Asia/Kolkata
AIR,SSOU,Aripuanã Airport,Aripuanã,BR,-10.18556,-59.45778,America/Cuiaba
AIS,NGTR,Arorae Island Airport,Arorae Island,KI,-2.61611,176.80299,Pacific/Tarawa
AIT,NCAI,Aitutaki Airport,Aitutaki,CK,-18.8309,-159.76401,Pacific/Rarotonga
AIU,NCAT,Enua Airport,Atiu Island,CK,-19.9678,-158.119,Pacific/Rarotonga
AIV,KAIV,George Downer Airport,Aliceville,US,33.1065,-88.1978,America/Chicago
AIZ,KAIZ,Lee C Fine Memorial Airport,Kaiser Lake Ozark,US,38.096,-92.5495,America/Chicago
AJA,LFKJ,Ajaccio-Napoleon Bonaparte Airport,Ajaccio/Napoleon Bonaparte,FR,41.9236,8.80292,Europe/Paris
AJF,OESK,Al-Jawf Domestic Airport,Al-Jawf,SA,29.7851,40.1,Asia/Riyadh
AJI,LTCO,Agri Airport,Agri,TR,39.65454,43.02598,Europe/Istanbul
AJJ,GQNJ,Akjoujt Airport,Akjoujt,MR,19.73302,-14.38325,Africa/Nouakchott
AJK,OIHR,Arak Airport,Araak,IR,34.1381,49.8473,Asia/Tehran
AJL,VELP,Lengpui Airport,Aizawl,IN,23.8406,92.6197,Asia/Kolkata
AJN,FMCV,Ouani Airport,Ouani,KM,-12.1317,44.4303,Indian/Comoro
AJR,ESNX,Arvidsjaur Airport,Arvidsjaur,SE,65.5903,19.2819,Europe/Stockholm
AJU,SBAR,Santa Maria Airport,Aracaju,BR,-10.984,-37.0703,America/Maceio
AJY,DRZA,Mano Dayak International Airport,Agadez,NE,16.966,8.00011,Africa/Niamey
AKA,ZLAK,Ankang Airport,Ankang,CN,32.7081,108.931,Asia/Shanghai
AKB,PAAK,Atka Airport,Atka,US,52.2203,-174.20599,America/Adak
AKC,KAKR,Akron Fulton International Airport,Akron,US,41.0375,-81.4669,America/New_York
AKD,VAAK,Akola Airport,Akola,IN,20.699,77.0586,Asia/Kolkata
AKE,FOGA,Akiéni Airport,Akiéni,GA,-1.13333,13.9,Africa/Libreville
AKF,HLKF,Kufra Airport,Kufra,LY,24.1787,23.314,Africa/Tripoli
AKH,OEPS,Prince Sultan Air Base,Al Kharj,SA,24.0627,47.5805,Asia/Riyadh
AKI,PFAK,Akiak Airport,Akiak,US,60.9029,-161.231,America/Anchorage
AKJ,RJEC,Asahikawa Airport,Asahikawa,JP,43.6708,142.44701,Asia/Tokyo
AKK,PAKH,Akhiok Airport,Akhiok,US,56.9387,-154.183,America/Anchorage
AKL,NZAA,Auckland International Airport,Auckland,NZ,-37.0081,174.79201,Pacific/Auckland
AKN,PAKN,King Salmon Airport,King Salmon,US,58.6768,-156.649,America/Anchorage
AKO,KAKO,Colorado Plains Regional Airport,Akron,US,40.1756,-103.222,America/Denver
AKP,PAKP,Anaktuvuk Pass Airport,Anaktuvuk Pass,US,68.1336,-151.743,America/Anchorage
AKQ,WIAG,Menggala Airport,Menggala-Sumatra Island,ID,-4.48944,105.217,Asia/Jakarta
AKR,DNAK,Akure Airport,Akure,NG,7.24674,5.30101,Africa/Lagos
AKS,AGGA,Auki Airport,Auki,SB,-8.70257,160.68201,Pacific/Guadalcanal
AKT,LCRA,RAF Akrotiri,Akrotiri,CY,34.5904,32.9879,Asia/Nicosia
AKU,ZWAK,Aksu Airport,Aksu,CN,41.2625,80.2917,Asia/Shanghai
AKV,CYKO,Akulivik Airport,Akulivik,CA,60.8186,-78.1486,America/Iqaluit
AKW,OIAG,Aghajari Airport,Omidiyeh,IR,30.7444,49.6772,Asia/Tehran
AKX,UATT,Aktobe Airport,Aktyubinsk,KZ,50.2458,57.2067,Asia/Aqtobe
AKY,VYSW,Sittwe Airport,Sittwe,MM,20.1327,92.8726,Asia/Yangon
ALA,UAAA,Almaty Airport,Almaty,KZ,43.3521,77.0405,Asia/Almaty
ALB,KALB,Albany International Airport,Albany,US,42.7483,-73.8017,America/New_York
ALC,LEAL,Alicante International Airport,Alicante,ES,38.2822,-0.55816,Europe/Madrid
ALD,SPAR,Alerta Airport,Fortaleza,PE,-11.683,-69.333,America/Lima
ALF,ENAT,Alta Airport,Alta,NO,69.9761,23.3717,Europe/Oslo
ALG,DAAG,Houari Boumediene Airport,Algiers,DZ,36.691,3.21541,Africa/Algiers
ALH,YABA,Albany Airport,Albany,AU,-34.9433,117.809,Australia/Perth
ALI,KALI,Alice International Airport,Alice,US,27.7409,-98.0269,America/Chicago
ALJ,FAAB,Alexander Bay Airport,Alexander Bay,ZA,-28.575,16.5333,Africa/Johannesburg
ALL,LIMG,Villanova D'Albenga International Airport,Albenga,IT,44.0506,8.12743,Europe/Rome
ALM,KALM,Alamogordo White Sands Regional Airport,Alamogordo,US,32.8399,-105.991,America/Denver
ALN,KALN,St Louis Regional Airport,Alton/St Louis,US,38.8903,-90.046,America/Chicago
ALO,KALO,Waterloo Regional Airport,Waterloo,US,42.5571,-92.4003,America/Chicago
ALP,OSAP,Aleppo International Airport,Aleppo,SY,36.1807,37.2244,Asia/Damascus
ALQ,SSLT,Alegrete Novo Airport,Alegrete,BR,-29.8127,-55.8934,America/Sao_Paulo
ALR,NZLX,Alexandra Airport,Alexandra,NZ,-45.2117,169.373,Pacific/Auckland
ALS,KALS,San Luis Valley Regional Bergman Field,Alamosa,US,37.4349,-105.867,America/Denver
ALT,SDWQ,Alenquer Airport,Alenquer,BR,-1.91694,-54.72278,America/Santarem
ALU,HCMA,Alula Airport,Alula,SO,11.9582,50.748,Africa/Mogadishu
ALW,KALW,Walla Walla Regional Airport,Walla Walla,US,46.0949,-118.288,America/Los_Angeles
ALX,KALX,Thomas C Russell Field,Alexander City,US,32.9147,-85.963,America/Chicago
ALY,HEAX,El Nouzha Airport,Alexandria,EG,31.1839,29.9489,Africa/Cairo
AMA,KAMA,Rick Husband Amarillo International Airport,Amarillo,US,35.2194,-101.706,America/Chicago
AMB,FMNE,Ambilobe Airport,Ambilobe,MG,-13.1884,48.988,Indian/Antananarivo
AMC,FTTN,Am Timan Airport,Am Timan,TD,11.034,20.274,Africa/Ndjamena
AMD,VAAH,Sardar Vallabhbhai Patel International Airport,Ahmedabad,IN,23.0772,72.6347,Asia/Kolkata
AMH,HAAM,Arba Minch Airport,Arba Minch,ET,6.03939,37.5905,Africa/Addis_Ababa
AMI,WADA,Selaparang Airport,Mataram-Lombok Island,ID,-8.56071,116.095,Asia/Makassar
AMJ,SNAR,Cirilo Queiroz Airport,Almenara,BR,-16.18389,-40.66722,America/Sao_Paulo
AMK,K00C,Animas Air Park,Durango,US,37.2032,-107.869,America/Denver
AMM,OJAI,Queen Alia International Airport,Amman,JO,31.7226,35.9932,Asia/Amman
AMN,KAMN,Gratiot Community Airport,Alma,US,43.3221,-84.688,America/Detroit
AMO,FTTU,Mao Airport,Mao,TD,14.1456,15.3144,Africa/Ndjamena
AMP,FMSY,Ampanihy Airport,Ampanihy,MG,-24.6997,44.7342,Indian/Antananarivo
AMQ,WAPP,Pattimura Airport Ambon,Ambon,ID,-3.71026,128.089,Asia/Jayapura
AMS,EHAM,Amsterdam Airport Schiphol,Amsterdam,NL,52.3086,4.76389,Europe/Amsterdam
AMT,YAMT,Amata Airport,Amata,AU,-26.1083,131.207,Australia/Adelaide
AMU,AYAM,Amanab Airport,Amanab,PG,-3.586,141.21433,Pacific/Port_Moresby
AMV,ULDD,Amderma Airport,Amderma,RU,69.7633,61.5564,Europe/Moscow
AMW,KAMW,Ames Municipal Airport,Ames,US,41.992,-93.6218,America/Chicago
AMX,YAMM,Ammaroo Airport,,AU,-21.7383,135.242,Australia/Darwin
AMZ,NZAR,Ardmore Airport,Manurewa,NZ,-37.0297,174.97301,Pacific/Auckland
ANB,KANB,Anniston Metropolitan Airport,Anniston,US,33.5882,-85.8581,America/Chicago
ANC,PANC,Ted Stevens Anchorage International Airport,Anchorage,US,61.1744,-149.996,America/Anchorage
AND,KAND,Anderson Regional Airport,Anderson,US,34.4946,-82.7094,America/New_York
ANE,LFJR,Angers-Loire Airport,Angers/Marce,FR,47.5603,-0.31222,Europe/Paris
ANF,SCFA,Cerro Moreno Airport,Antofagasta,CL,-23.4445,-70.4451,America/Santiago
ANG,LFBU,Angouleme-Brie-Champniers Airport,Angouleme/Brie/Champniers,FR,45.7292,0.22146,Europe/Paris
ANI,PANI,Aniak Airport,Aniak,US,61.5816,-159.543,America/Anchorage
ANJ,FCBZ,Zanaga Airport,Zanaga,CG,-2.85,13.817,Africa/Brazzaville
ANK,LTAD,Etimesgut Air Base,Ankara,TR,39.9498,32.6886,Europe/Istanbul
ANM,FMNH,Antsirabato Airport,Antalaha,MG,-14.9994,50.3202,Indian/Antananarivo
ANN,PANT,Annette Island Airport,Annette,US,55.0424,-131.57201,America/Metlakatla
ANO,FQAG,Angoche Airport,Angoche,MZ,-16.18187,39.94522,Africa/Maputo
ANP,KANP,Lee Airport,Annapolis,US,38.9429,-76.5684,America/New_York
ANQ,KANQ,Tri State Steuben County Airport,Angola,US,41.6397,-85.0835,America/Indiana/Indianapolis
ANR,EBAW,Antwerp International Airport (Deurne),Antwerp,BE,51.1894,4.46028,Europe/Brussels
ANS,SPHY,Andahuaylas Airport,Andahuaylas,PE,-13.7064,-73.3504,America/Lima
ANU,TAPA,V.C. Bird International Airport,St. George,AG,17.1367,-61.7927,America/Antigua
ANV,PANV,Anvik Airport,Anvik,US,62.6467,-160.19099,America/Anchorage
ANW,KANW,Ainsworth Municipal Airport,Ainsworth,US,42.5792,-99.993,America/Chicago
ANX,ENAN,Andoya Airport,Andenes,NO,69.2925,16.1442,Europe/Oslo
ANY,KANY,Anthony Municipal Airport,Anthony,US,37.1585,-98.0796,America/Chicago
AOC,EDAC,Altenburg-Nobitz Airport,Altenburg,DE,50.98195,12.50639,Europe/Berlin
AOE,LTBY,Anadolu University Airport,Eskisehir,TR,39.8099,30.5194,Europe/Istanbul
AOG,ZYAS,Anshan Air Base,Anshan,CN,41.1053,122.854,Asia/Shanghai
AOH,KAOH,Lima Allen County Airport,Lima,US,40.7069,-84.0267,America/New_York
AOI,LIPY,Ancona / Falconara Airport,Ancona,IT,43.6163,13.3623,Europe/Rome
AOJ,RJSA,Aomori Airport,Aomori,JP,40.7347,140.69099,Asia/Tokyo
AOK,LGKP,Karpathos Airport,Karpathos Island,GR,35.4214,27.146,Europe/Athens
AOL,SARL,Paso De Los Libres Airport,Paso de los Libres,AR,-29.6894,-57.1521,America/Argentina/Cordoba
AOM,OOAD,Adam Airport,Adam,OM,22.49306,57.38194,Asia/Muscat
AOO,KAOO,Altoona Blair County Airport,Altoona,US,40.2964,-78.32,America/New_York
AOP,SPAS,Alferez FAP Alfredo Vladimir Sara Bauer Airport,Andoas,PE,-2.79613,-76.4666,America/Lima
AOR,WMKA,Sultan Abdul Halim Airport,Alor Satar,MY,6.18967,100.398,Asia/Kuala_Lumpur
AOT,LIMW,Aosta Airport,Aosta,IT,45.7385,7.36872,Europe/Rome
AOU,VLAP,Attopeu Airport,Attopeu,LA,14.81472,106.8217,Asia/Vientiane
AOY,OIBI,Asaloyeh Airport,Asaloyeh,IR,27.4814,52.6155,Asia/Tehran
APA,KAPA,Centennial Airport,Denver,US,39.5701,-104.849,America/Denver
APB,SLAP,Apolo Airport,Apolo,BO,-14.7356,-68.4119,America/La_Paz
APC,KAPC,Napa County Airport,Napa,US,38.2132,-122.281,America/Los_Angeles
APE,SPAO,San Juan Aposento Airport,San Juan Aposento,PE,-15.3539,-75.1671,America/Lima
APF,KAPF,Naples Municipal Airport,Naples,US,26.1526,-81.7753,America/New_York
APG,KAPG,Phillips Army Air Field,Aberdeen Proving Grounds(Aberdeen),US,39.4662,-76.1688,America/New_York
APH,KAPH,A P Hill Aaf (Fort A P Hill) Airport,Fort A. P. Hill,US,38.0689,-77.3183,America/New_York
API,SKAP,Gomez Nino Apiay Air Base,Apiay,CO,4.07607,-73.5627,America/Bogota
APJ,ZUPL,Ali Pulan Airport,Burang,CN,30.39098,81.13804,Asia/Shanghai
APK,NTGD,Apataki Airport,Apataki,PF,-15.5736,-146.41499,Pacific/Tahiti
APL,FQNP,Nampula Airport,Nampula,MZ,-15.1056,39.2818,Africa/Maputo
APN,KAPN,Alpena County Regional Airport,Alpena,US,45.0781,-83.5603,America/Detroit
APO,SKLC,Antonio Roldan Betancourt Airport,Carepa,CO,7.81196,-76.7164,America/Bogota
APQ,SNAL,Arapiraca Airport,Arapiraca,BR,-9.77536,-36.6292,America/Maceio
APS,SWNS,Anapolis Airport,Anapolis,BR,-16.3623,-48.9271,America/Sao_Paulo
APT,KAPT,Marion County Brown Field,Jasper,US,35.0607,-85.5853,America/Chicago
APU,SSAP,Apucarana Airport,Apucarana,BR,-23.6095,-51.3845,America/Sao_Paulo
APV,KAPV,Apple Valley Airport,Apple Valley,US,34.5753,-117.186,America/Los_Angeles
APW,NSFA,Faleolo International Airport,Apia,WS,-13.83,-172.008,Pacific/Apia
APX,SSOG,Arapongas Airport,Arapongas,BR,-23.3529,-51.4917,America/Sao_Paulo
APY,SNAI,Alto Parnaiba Airport,Alto Parnaiba,BR,-9.08361,-45.95056,America/Fortaleza
APZ,SAHZ,Zapala Airport,Zapala,AR,-38.9755,-70.1136,America/Argentina/Salta
AQA,SBAQ,Araraquara Airport,Araraquara,BR,-21.812,-48.133,America/Sao_Paulo
AQB,MGQC,Santa Cruz del Quiche Airport,Santa Cruz del Quiche,GT,15.0122,-91.1506,America/Guatemala
AQG,ZSAQ,Anqing Airport,Anqing,CN,30.5822,117.05,Asia/Shanghai
AQI,OEPA,Hafr Al Batin Airport,Qaisumah,SA,28.3352,46.1251,Asia/Riyadh
AQJ,OJAQ,Aqaba King Hussein International Airport,Aqaba,JO,29.6116,35.0181,Asia/Amman
AQM,SWNI,Nova Vida Airport,Ariquemes,BR,-10.17806,-62.82556,America/Porto_Velho
AQP,SPQU,Rodriguez Ballon International Airport,Arequipa,PE,-16.3411,-71.5831,America/Lima
ARA,KARA,Acadiana Regional Airport,New Iberia,US,30.0378,-91.8839,America/Chicago
ARB,KARB,Ann Arbor Municipal Airport,Ann Arbor,US,42.223,-83.7456,America/Detroit
ARC,PARC,Arctic Village Airport,Arctic Village,US,68.1147,-145.57899,America/Anchorage
ARD,WATM,Mali Airport,Alor Island,ID,-8.13234,124.597,Asia/Makassar
ARE,TJAB,Antonio Nery Juarbe Pol Airport,Arecibo,PR,18.45,-66.6753,America/Puerto_Rico
ARG,KARG,Walnut Ridge Regional Airport,Walnut Ridge,US,36.12467,-90.92511,America/Chicago
ARH,ULAA,Talagi Airport,Archangelsk,RU,64.6003,40.7167,Europe/Moscow
ARI,SCAR,Chacalluta Airport,Arica,CL,-18.3485,-70.3387,America/Lima
ARJ,WAJA,Arso Airport,Arso-Papua Island,ID,-2.93333,140.78334,Asia/Jayapura
ARK,HTAR,Arusha Airport,Arusha,TZ,-3.36779,36.6333,Africa/Dar_es_Salaam
ARL,DFER,Arly Airport,Arly,BF,11.597,1.483,Africa/Ouagadougou
ARM,YARM,Armidale Airport,Armidale,AU,-30.5281,151.617,Australia/Sydney
ARN,ESSA,Stockholm-Arlanda Airport,Stockholm,SE,59.6519,17.9186,Europe/Stockholm
ARR,SAVR,D. Casimiro Szlapelis Airport,Alto Rio Senguerr,AR,-45.0136,-70.8122,America/Argentina/Catamarca
ARS,SWEC,Estancia das Cascatas Airport,Aragarcas,BR,-15.8967,-52.0956,America/Cuiaba
ART,KART,Watertown International Airport,Watertown,US,43.9919,-76.0217,America/New_York
ARU,SBAU,Aracatuba Airport,Aracatuba,BR,-21.1413,-50.4247,America/Sao_Paulo
ARV,KARV,Lakeland-Noble F. Lee Memorial field,Minocqua-Woodruff,US,45.9279,-89.7309,America/Chicago
ARW,LRAR,Arad International Airport,Arad,RO,46.1766,21.262,Europe/Bucharest
ARY,YARA,Ararat Airport,Ararat,AU,-37.3094,142.989,Australia/Melbourne
ARZ,FNZE,N'zeto Airport,N'zeto,AO,-7.25944,12.8631,Africa/Luanda
ASA,HHSB,Assab International Airport,Asab,ER,13.0718,42.645,Africa/Asmara
ASB,UTAA,Ashgabat Airport,Ashgabat,TM,37.9868,58.361,Asia/Ashgabat
ASC,SLAS,Ascencion De Guarayos Airport,Ascension de Guarayos,BO,-15.9303,-63.1567,America/La_Paz
ASD,MYAF,Andros Town Airport,Andros Town,BS,24.6979,-77.7956,America/Nassau
ASE,KASE,Aspen-Pitkin Co/Sardy Field,Aspen,US,39.2232,-106.869,America/Denver
ASF,URWA,Astrakhan Airport,Astrakhan,RU,46.2833,48.0063,Europe/Astrakhan
ASG,NZAS,Ashburton Aerodrome,Ashburton,NZ,-43.9033,171.797,Pacific/Auckland
ASH,KASH,Boire Field,Nashua,US,42.7817,-71.5148,America/New_York
ASI,FHAW,RAF Ascension Island,Ascension Island,SH,-7.9696,-14.3937,Atlantic/St_Helena
ASJ,RJKA,Amami Airport,Amami,JP,28.4306,129.713,Asia/Tokyo
ASK,DIYO,Yamoussoukro Airport,Yamoussoukro,CI,6.90317,-5.36558,Africa/Abidjan
ASL,KASL,Harrison County Airport,Marshall,US,32.5205,-94.3078,America/Chicago
ASM,HHAS,Asmara International Airport,Asmara,ER,15.2919,38.9107,Africa/Asmara
ASN,KASN,Talladega Municipal Airport,Talladega,US,33.5699,-86.0509,America/Chicago
ASO,HASO,Asosa Airport,Asosa,ET,10.0185,34.5863,Africa/Addis_Ababa
ASP,YBAS,Alice Springs Airport,Alice Springs,AU,-23.8067,133.90199,Australia/Darwin
ASQ,KTMT,Austin Airport,Austin,US,39.468,-117.195,America/Los_Angeles
ASR,LTAU,Kayseri Erkilet Airport,Kayseri,TR,38.7704,35.4954,Europe/Istanbul
AST,KAST,Astoria Regional Airport,Astoria,US,46.158,-123.879,America/Los_Angeles
ASU,SGAS,Silvio Pettirossi International Airport,Asuncion,PY,-25.24,-57.52,America/Asuncion
ASV,HKAM,Amboseli Airport,Amboseli National Park,KE,-2.64505,37.2531,Africa/Nairobi
ASW,HESN,Aswan International Airport,Aswan,EG,23.9644,32.82,Africa/Cairo
ASX,KASX,John F Kennedy Memorial Airport,Ashland,US,46.5485,-90.919,America/Chicago
ASY,KASY,Ashley Municipal Airport,Ashley,US,46.0239,-99.3526,America/Chicago
ATA,SPHZ,Comandante FAP German Arias Graziani Airport,Anta,PE,-9.34744,-77.5984,America/Lima
ATB,HSAT,Atbara Airport,Atbara,SD,17.71034,34.05702,Africa/Khartoum
ATC,MYCA,Arthur's Town Airport,Arthur's Town,BS,24.6294,-75.6738,America/Nassau
ATD,AGAT,Uru Harbour Airport,Atoifi,SB,-8.87333,161.011,Pacific/Guadalcanal
ATE,K80F,Antlers Municipal Airport,Antlers,US,34.1926,-95.6499,America/Chicago
ATF,SEAM,Chachoan Airport,Ambato,EC,-1.21207,-78.5746,America/Guayaquil
ATH,LGAV,Eleftherios Venizelos International Airport,Athens,GR,37.9364,23.9445,Europe/Athens
ATI,SUAG,Artigas International Airport,Artigas,UY,-30.4007,-56.5079,America/Montevideo
ATJ,FMME,Antsirabe Airport,Antsirabe,MG,-19.83922,47.06371,Indian/Antananarivo
ATK,PATQ,Atqasuk Edward Burnell Sr Memorial Airport,Atqasuk,US,70.4673,-157.436,America/Anchorage
ATL,KATL,Hartsfield Jackson Atlanta International Airport,Atlanta,US,33.6367,-84.4281,America/New_York
ATM,SBHT,Altamira Airport,Altamira,BR,-3.25391,-52.254,America/Santarem
ATO,KUNI,Ohio University Snyder Field,Athens/Albany,US,39.211,-82.2314,America/New_York
ATP,AYAI,Aitape Airport,Aitape,PG,-3.14361,142.34681,Pacific/Port_Moresby
ATQ,VIAR,Sri Guru Ram Dass Jee International Airport Amritsar,Amritsar,IN,31.7096,74.7973,Asia/Kolkata
ATR,GQPA,Atar International Airport,Atar,MR,20.5068,-13.0432,Africa/Nouakchott
ATS,KATS,Artesia Municipal Airport,Artesia,US,32.8525,-104.468,America/Denver
ATU,PAAT,Casco Cove Coast Guard Station,Attu,US,52.83254,173.17555,America/Adak
ATV,FTTI,Ati Airport,Ati,TD,13.2389,18.3133,Africa/Ndjamena
ATW,KATW,Appleton International Airport,Appleton,US,44.2581,-88.5191,America/Chicago
ATY,KATY,Watertown Regional Airport,Watertown,US,44.914,-97.1547,America/Chicago
ATZ,HEAT,Assiut International Airport,Assiut,EG,27.0465,31.012,Africa/Cairo
AUA,TNCA,Queen Beatrix International Airport,Oranjestad,AW,12.5014,-70.0152,America/Aruba
AUC,SKUC,Santiago Perez Airport,Arauca,CO,7.06888,-70.7369,America/Bogota
AUD,YAGD,Augustus Downs Airport,,AU,-18.515,139.87801,Australia/Brisbane
AUF,LFLA,Auxerre-Branches Airport,Auxerre/Branches,FR,47.8502,3.49711,Europe/Paris
AUG,KAUG,Augusta State Airport,Augusta,US,44.3206,-69.7973,America/New_York
AUH,OMAA,Abu Dhabi International Airport,Abu Dhabi,AE,24.433,54.6511,Asia/Dubai
AUJ,AYAT,Ambunti Airport,Ambunti,PG,-4.21567,142.82317,Pacific/Port_Moresby
AUK,PAUK,Alakanuk Airport,Alakanuk,US,62.68004,-164.65993,America/Nome
AUM,KAUM,Austin Municipal Airport,Austin,US,43.665,-92.9334,America/Chicago
AUN,KAUN,Auburn Municipal Airport,Auburn,US,38.9548,-121.082,America/Los_Angeles
AUO,KAUO,Auburn Opelika Robert G. Pitts Airport,Auburn,US,32.6151,-85.434,America/Chicago
AUQ,NTMN,Hiva Oa-Atuona Airport,Atuona,PF,-9.76879,-139.011,Pacific/Marquesas
AUR,LFLW,Aurillac Airport,Aurillac,FR,44.8914,2.42194,Europe/Paris
AUS,KAUS,Austin Bergstrom International Airport,Austin,US,30.1945,-97.6699,America/Chicago
AUT,WPAT,Atauro Airport,Atauro,TL,-8.21052,125.616,Asia/Dili
AUU,YAUR,Aurukun Airport,Aurukun,AU,-13.3539,141.72099,Australia/Brisbane
AUW,KAUW,Wausau Downtown Airport,Wausau,US,44.9262,-89.6266,America/Chicago
AUX,SWGN,Araguaina Airport,Araguaina,BR,-7.22787,-48.2405,America/Araguaina
AUY,NVVA,Anelghowhat Airport,Anelghowhat,VU,-20.2492,169.771,Pacific/Efate
AUZ,KARR,Aurora Municipal Airport,Chicago/Aurora,US,41.7719,-88.4757,America/Chicago
AVA,ZUAS,Anshun Huangguoshu Airport,Anshun,CN,26.26056,105.87333,Asia/Shanghai
AVB,LIPA,Aviano Air Base,Aviano,IT,46.0319,12.5965,Europe/Rome
AVG,YAUV,Auvergne Airport,,AU,-15.7,130.0,Australia/Darwin
AVI,MUCA,Maximo Gomez Airport,Ciego de Avila,CU,22.0271,-78.7896,America/Havana
AVK,ZMAH,Arvaikheer Airport,Arvaikheer,MN,46.2503,102.802,Asia/Ulaanbaatar
AVL,KAVL,Asheville Regional Airport,Asheville,US,35.4362,-82.5418,America/New_York
AVN,LFMV,Avignon-Caumont Airport,Avignon/Caumont,FR,43.9073,4.90183,Europe/Paris
AVO,KAVO,Avon Park Executive Airport,Avon Park,US,27.5912,-81.5278,America/New_York
AVP,KAVP,Wilkes Barre Scranton International Airport,Wilkes-Barre/Scranton,US,41.3385,-75.7234,America/New_York
AVR,LPAR,Alverca Airport,Alverca,PT,38.88536,-9.02831,Europe/Lisbon
AVU,AGGJ,Avu Avu Airport,,SB,-9.86833,160.41056,Pacific/Guadalcanal
AVV,YMAV,Avalon Airport,Melbourne,AU,-38.0394,144.46899,Australia/Melbourne
AVW,KAVQ,Marana Regional Airport,Tucson,US,32.4096,-111.218,America/Phoenix
AVX,KAVX,Catalina Airport,Avalon,US,33.4049,-118.416,America/Los_Angeles
AWA,HALA,Awassa Airport,Awassa,ET,7.067,38.5,Africa/Addis_Ababa
AWB,AYAW,Awaba Airport,Awaba,PG,-8.00611,142.74835,Pacific/Port_Moresby
AWD,NVVB,Aniwa Airport,Aniwa,VU,-19.24,169.605,Pacific/Efate
AWK,PWAK,Wake Island Airfield,Wake Island,UM,19.2821,166.636,Pacific/Wake
AWM,KAWM,West Memphis Municipal Airport,West Memphis,US,35.1351,-90.2344,America/Chicago
AWN,YADS,Alton Downs Airport,,AU,-26.5333,139.267,Australia/Adelaide
AWP,YAUS,Austral Downs Airport,,AU,-20.5,137.75,Australia/Darwin
AWZ,OIAW,Ahwaz Airport,Ahwaz,IR,31.3374,48.762,Asia/Tehran
AXA,TQPF,Wallblake Airport,The Valley,AI,18.2048,-63.0551,America/Anguilla
AXC,YAMC,Aramac Airport,Aramac,AU,-22.9667,145.242,Australia/Brisbane
AXD,LGAL,Dimokritos Airport,Alexandroupolis,GR,40.8559,25.9563,Europe/Athens
AXE,SSXX,Xanxere Airport,Xanxere,BR,-26.87556,-52.37305,America/Sao_Paulo
AXF,ZBAL,Alxa Left Banner Bayanhot Airport,Bayanhot,CN,38.74831,105.58858,Asia/Shanghai
AXG,KAXA,Algona Municipal Airport,Algona,US,43.0779,-94.272,America/Chicago
AXJ,RJDA,Amakusa Airport,Amakusa,JP,32.4825,130.159,Asia/Tokyo
AXK,OYAT,Ataq Airport,Ataq,YE,14.5513,46.8262,Asia/Aden
AXL,YALX,Alexandria Homestead Airport,,AU,-19.0602,136.71001,Australia/Darwin
AXM,SKAR,El Eden Airport,Armenia,CO,4.45278,-75.7664,America/Bogota
AXN,KAXN,Chandler Field,Alexandria,US,45.8663,-95.3947,America/Chicago
AXP,MYAP,Spring Point Airport,Spring Point,BS,22.4418,-73.9709,America/Nassau
AXR,NTGU,Arutua Airport,Arutua,PF,-15.2483,-146.617,Pacific/Tahiti
AXS,KAXS,Altus Quartz Mountain Regional Airport,Altus,US,34.6964,-99.3403,America/Chicago
AXT,RJSK,Akita Airport,Akita,JP,39.6156,140.21899,Asia/Tokyo
AXU,HAAX,Axum Airport,Axum,ET,14.1468,38.7728,Africa/Addis_Ababa
AXV,KAXV,Neil Armstrong Airport,Wapakoneta,US,40.4934,-84.2989,America/New_York
AXX,KAXX,Angel Fire Airport,Angel Fire,US,36.422,-105.29,America/Denver
AYG,SKYA,Yaguara Airport,San Vicente Del Caguan,CO,1.54417,-73.9333,America/Bogota
AYJ,VEAY,Ayodhya Airport,Ayodhya,IN,26.74803,82.15078,Asia/Kolkata
AYK,UAUR,Arkalyk North Airport,Arkalyk,KZ,50.3186,66.9528,Asia/Qostanay
AYL,YANL,Anthony Lagoon Airport,,AU,-18.01808,135.53507,Australia/Darwin
AYN,ZHAY,Anyang Airport,Anyang,CN,36.1339,114.344,Asia/Shanghai
AYO,SGAY,Juan De Ayolas Airport,Ayolas,PY,-27.37,-56.85,America/Asuncion
AYP,SPHO,Coronel FAP Alfredo Mendivil Duarte Airport,Ayacucho,PE,-13.1548,-74.2044,America/Lima
AYQ,YAYE,Ayers Rock Connellan Airport,Ayers Rock,AU,-25.1861,130.976,Australia/Darwin
AYR,YAYR,Ayr Airport,Ayr,AU,-19.5844,147.32899,Australia/Brisbane
AYS,KAYS,Waycross Ware County Airport,Waycross,US,31.2491,-82.3955,America/New_York
AYT,LTAI,Antalya International Airport,Antalya,TR,36.8987,30.8005,Europe/Istanbul
AYU,AYAY,Aiyura Airport,Aiyura Valley,PG,-6.33806,145.90417,Pacific/Port_Moresby
AYX,SPAY,Teniente General Gerardo Perez Pinedo Airport,Atalaya,PE,-10.7291,-73.7665,America/Lima
AZA,KIWA,Phoenix-Mesa-Gateway Airport,Phoenix,US,33.3078,-111.655,America/Phoenix
AZD,OIYY,Shahid Sadooghi Airport,Yazd,IR,31.9049,54.2765,Asia/Tehran
AZH,VEAH,Azamgarh Airport,Azamgarh,IN,26.15333,83.11833,Asia/Kolkata
AZI,OMAD,Al Bateen Executive Airport,Abu Dhabi,AE,24.4283,54.4581,Asia/Dubai
AZL,SWTU,Fazenda Tucunare Airport,Sapezal,BR,-13.46553,-58.86693,America/Cuiaba
AZN,UZFA,Andijan Airport,Andijan,UZ,40.7277,72.294,Asia/Tashkent
AZO,KAZO,Kalamazoo Battle Creek International Airport,Kalamazoo,US,42.2349,-85.5521,America/Detroit
AZP,MMJC,Atizapan De Zaragoza Airport,Ciudad Lopez Mateos,MX,19.5748,-99.2888,America/Mexico_City
AZR,DAUA,Touat Cheikh Sidi Mohamed Belkebir Airport,Adrar,DZ,27.8376,-0.18641,Africa/Algiers
AZS,MDCY,Samana El Catey International Airport,Samana,DO,19.267,-69.742,America/Santo_Domingo
AZZ,FNAM,Ambriz Airport,Ambriz,AO,-7.86222,13.1161,Africa/Luanda
BAA,AYBL,Bialla Airport,Bialla,PG,-5.32944,151.00613,Pacific/Port_Moresby
BAB,KBAB,Beale Air Force Base,Marysville,US,39.1361,-121.437,America/Los_Angeles
BAD,KBAD,Barksdale Air Force Base,Bossier City,US,32.5018,-93.6627,America/Chicago
BAE,LFMR,Barcelonnette - Saint-Pons Airport,Le Castellet,FR,44.3883,6.61028,Europe/Paris
BAF,KBAF,Westfield-Barnes Regional Airport,Westfield/Springfield,US,42.1578,-72.7156,America/New_York
BAG,RPUB,Loakan Airport,Baguio City,PH,16.3751,120.62,Asia/Manila
BAH,OBBI,Bahrain International Airport,Manama,BH,26.2708,50.6336,Asia/Bahrain
BAI,MRBA,Buenos Aires Airport,Punta Arenas,CR,9.16361,-83.3299,America/Costa_Rica
BAL,LTCJ,Batman Airport,Batman,TR,37.929,41.1166,Europe/Istanbul
BAM,KBAM,Battle Mountain Airport,Battle Mountain,US,40.599,-116.874,America/Los_Angeles
BAN,FZVR,Basongo Airport,Basongo,CD,-4.317,20.433,Africa/Lubumbashi
BAO,VTED,Udorn Air Base,Ban Mak Khaen,TH,17.383,102.8,Asia/Bangkok
BAQ,SKBQ,Ernesto Cortissoz International Airport,Barranquilla,CO,10.8896,-74.7808,America/Bogota
BAR,ZJQH,Qionghai Boao Airport,Qionghai,CN,19.14056,110.45889,Asia/Shanghai
BAS,AGGE,Ballalae Airport,Ballalae,SB,-6.99075,155.88666,Pacific/Guadalcanal
BAT,SBBT,Chafei Amsei Airport,Barretos,BR,-20.5845,-48.5941,America/Sao_Paulo
BAU,SBBU,Bauru Airport,Bauru,BR,-22.345,-49.0538,America/Sao_Paulo
BAV,ZBOW,Baotou Airport,Baotou,CN,40.56,109.997,Asia/Shanghai
BAX,UNBB,Barnaul Airport,Barnaul,RU,53.3638,83.5385,Asia/Barnaul
BAY,LRBM,Tautii Magheraus Airport,Baia Mare,RO,47.6584,23.47,Europe/Bucharest
BAZ,SWBC,Barcelos Airport,Barcelos,BR,-0.98129,-62.9196,America/Manaus
BBA,SCBA,Balmaceda Airport,Balmaceda,CL,-45.9161,-71.6895,America/Santiago
BBB,KBBB,Benson Municipal Airport,Benson,US,45.3319,-95.6506,America/Chicago
BBC,KBYY,Bay City Municipal Airport,Bay City,US,28.9733,-95.8635,America/Chicago
BBD,KBBD,Curtis Field,Brady,US,31.1793,-99.3239,America/Chicago
BBE,YBBE,Big Bell Airport,Big Bell,AU,-27.3286,117.673,Australia/Perth
BBG,NGTU,Butaritari Atoll Airport,Butaritari Atoll,KI,3.08583,172.811,Pacific/Tarawa
BBH,EDBH,Barth Airport,Stralsund,DE,54.3375,12.6997,Europe/Berlin
BBI,VEBS,Biju Patnaik Airport,Bhubaneswar,IN,20.2444,85.8178,Asia/Kolkata
BBJ,EDRB,Bitburg Airport,Bitburg,DE,49.94528,6.565,Europe/Berlin
BBK,FBKE,Kasane Airport,Kasane,BW,-17.8329,25.1624,Africa/Gaborone
BBL,YLLE,Ballera Airport,,AU,-27.4083,141.808,Australia/Brisbane
BBM,VDBG,Battambang Airport,Battambang,KH,13.0956,103.224,Asia/Phnom_Penh
BBN,WBGZ,Bario Airport,Bario,MY,3.73389,115.479,Asia/Kuching
BBO,HCMI,Berbera Airport,Berbera,SO,10.3892,44.9411,Africa/Mogadishu
BBP,EGHJ,Bembridge Airport,Bembridge,GB,50.6781,-1.10944,Europe/London
BBQ,TAPH,Codrington Airport,Codrington,AG,17.6358,-61.8286,America/Antigua
BBR,TFFB,Baillif Airport,Basse Terre,GP,16.0133,-61.7422,America/Guadeloupe
BBS,EGLK,Blackbushe Airport,Yateley,GB,51.3239,-0.8475,Europe/London
BBT,FEFT,Berberati Airport,Berberati,CF,4.22158,15.7864,Africa/Bangui
BBU,LRBS,Baneasa International Airport,Bucharest,RO,44.5032,26.1021,Europe/Bucharest
BBV,DIGN,Nero-Mer Airport,Grand-Bereby,CI,4.64341,-6.92396,Africa/Abidjan
BBW,KBBW,Broken Bow Municipal Airport,Broken Bow,US,41.4365,-99.6422,America/Chicago
BBX,KLOM,Wings Field,Philadelphia,US,40.1375,-75.2651,America/New_York
BBY,FEFM,Bambari Airport,Bambari,CF,5.84694,20.6475,Africa/Bangui
BBZ,FLZB,Zambezi Airport,Zambezi,ZM,-13.5361,23.1085,Africa/Lusaka
BCA,MUBA,Gustavo Rizo Airport,Baracoa,CU,20.3653,-74.5062,America/Havana
BCB,KBCB,Virginia Tech Montgomery Executive Airport,Blacksburg,US,37.2076,-80.4078,America/New_York
BCD,RPVB,Bacolod-Silay City International Airport,Bacolod City,PH,10.7764,123.015,Asia/Manila
BCE,KBCE,Bryce Canyon Airport,Bryce Canyon,US,37.7064,-112.145,America/Denver
BCF,FEGU,Bouca Airport,Bouca,CF,6.517,18.267,Africa/Bangui
BCG,SYBE,Bemichi Airport,Bemichi,GY,7.7,-59.16666,America/Guyana
BCH,WPEC,Cakung Airport,Baucau,TL,-8.48903,126.401,Asia/Dili
BCI,YBAR,Barcaldine Airport,Barcaldine,AU,-23.5653,145.30701,Australia/Brisbane
BCL,MRBC,Barra del Colorado Airport,Pococi,CR,10.7687,-83.5856,America/Costa_Rica
BCM,LRBC,Bacau Airport,Bacau,RO,46.5219,26.9103,Europe/Bucharest
BCN,LEBL,Barcelona International Airport,Barcelona,ES,41.2971,2.07846,Europe/Madrid
BCO,HABC,Baco Airport,Baco,ET,5.78287,36.562,Africa/Addis_Ababa
BCR,SWNK,Novo Campo Airport,Boca Do Acre,BR,-8.83456,-67.3124,America/Manaus
BCS,65LA,Southern Seaplane Airport,Belle Chasse,US,29.8661,-90.0222,America/Chicago
BCT,KBCT,Boca Raton Airport,Boca Raton,US,26.3785,-80.1077,America/New_York
BCX,UWUB,Beloretsk Airport,Beloretsk,RU,53.9381,58.34,Asia/Yekaterinburg
BDA,TXKF,L.F. Wade International International Airport,Hamilton,BM,32.364,-64.6787,Atlantic/Bermuda
BDB,YBUD,Bundaberg Airport,Bundaberg,AU,-24.9039,152.319,Australia/Brisbane
BDC,SNBC,Barra do Corda Airport,Barra Do Corda,BR,-5.5025,-45.21583,America/Fortaleza
BDD,YBAU,Badu Island Airport,Badu,AU,-10.15,142.1734,Australia/Brisbane
BDE,KBDE,Baudette International Airport,Baudette,US,48.7284,-94.6122,America/Chicago
BDF,3IS8,Rinkenberger Restricted Landing Area,Bradford,US,41.2309,-89.6157,America/Chicago
BDG,KBDG,Blanding Municipal Airport,Blanding,US,37.5833,-109.483,America/Denver
BDH,OIBL,Bandar Lengeh Airport,Bandar Lengeh,IR,26.532,54.8248,Asia/Tehran
BDI,FSSB,Bird Island Airport,Bird Island,SC,-3.72472,55.2053,Indian/Mahe
BDJ,WAOO,Syamsudin Noor Airport,Banjarmasin-Borneo Island,ID,-3.44236,114.763,Asia/Makassar
BDK,DIBU,Soko Airport,Bondoukou,CI,8.01722,-2.76194,Africa/Abidjan
BDL,KBDL,Bradley International Airport,Hartford,US,41.9389,-72.6832,America/New_York
BDM,LTBG,Bandirma Airport,Bandirma,TR,40.318,27.9777,Europe/Istanbul
BDN,OPTH,Talhar Airport,Badin,PK,24.8415,68.8384,Asia/Karachi
BDO,WICC,Husein Sastranegara International Airport,Bandung-Java Island,ID,-6.90063,107.576,Asia/Jakarta
BDP,VNCG,Bhadrapur Airport,Bhadrapur,NP,26.5708,88.0796,Asia/Kathmandu
BDQ,VABO,Vadodara Airport,Vadodara,IN,22.3362,73.2263,Asia/Kolkata
BDR,KBDR,Igor I Sikorsky Memorial Airport,Bridgeport,US,41.1635,-73.1262,America/New_York
BDS,LIBR,Brindisi / Casale Airport,Brindisi,IT,40.6576,17.947,Europe/Rome
BDT,FZFD,Gbadolite Airport,Gbadolite,CD,4.25321,20.9753,Africa/Kinshasa
BDU,ENDU,Bardufoss Airport,Malselv,NO,69.0558,18.5404,Europe/Oslo
BDV,FZRB,Moba Airport,Moba,CD,-7.067,29.783,Africa/Lubumbashi
BDW,YBDF,Bedford Downs Airport,,AU,-17.2867,127.463,Australia/Perth
BDX,K00F,Broadus Airport,Broadus,US,45.4725,-105.454,America/Denver
BDY,KS05,Bandon State Airport,Bandon,US,43.0865,-124.408,America/Los_Angeles
BDZ,AYBG,Baindoung Airport,,PG,-6.34722,146.94222,Pacific/Port_Moresby
BEB,EGPL,Benbecula Airport,Balivanich,GB,57.4811,-7.36278,Europe/London
BEC,KBEC,Beech Factory Airport,Wichita,US,37.6945,-97.215,America/Chicago
BED,KBED,Laurence G Hanscom Field,Bedford,US,42.47,-71.289,America/New_York
BEF,MNBL,Bluefields Airport,Bluefileds,NI,11.991,-83.7741,America/Managua
BEG,LYBE,Belgrade Nikola Tesla Airport,Belgrad,RS,44.8184,20.3091,Europe/Belgrade
BEH,KBEH,Southwest Michigan Regional Airport,Benton Harbor,US,42.1286,-86.4285,America/Detroit
BEI,HABE,Beica Airport,Beica,ET,9.38639,34.5219,Africa/Addis_Ababa
BEJ,WALK,Barau(Kalimaru) Airport,Tanjung Redep-Borneo Island,ID,2.1555,117.432,Asia/Makassar
BEK,VIBY,Bareilly Air Force Station,Bareilly,IN,28.4221,79.4508,Asia/Kolkata
BEL,SBBE,Val de Cans/Julio Cezar Ribeiro International Airport,Belem,BR,-1.37925,-48.4763,America/Belem
BEM,GMMD,Beni Mellal Airport,Beni Mellal,MA,32.4,-6.33333,Africa/Casablanca
BEN,HLLB,Benina International Airport,Benghazi,LY,32.0968,20.2695,Africa/Tripoli
BEO,YPEC,Aeropelican Airport,Lake Macquarie,AU,-33.0667,151.64799,Australia/Sydney
BEP,VOBI,Bellary Airport,Bellary,IN,15.1628,76.8828,Asia/Kolkata
BEQ,EGXH,RAF Honington,Thetford,GB,52.3426,0.77294,Europe/London
BER,EDDB,Berlin Brandenburg Airport,Berlin,DE,52.36667,13.50333,Europe/Berlin
BES,LFRB,Brest Bretagne Airport,Brest/Guipavas,FR,48.4479,-4.41854,Europe/Paris
BET,PABE,Bethel Airport,Bethel,US,60.7798,-161.838,America/Anchorage
BEU,YBIE,Bedourie Airport,Bedourie,AU,-24.3461,139.46001,Australia/Brisbane
BEV,LLBS,Be'er Sheva (Teyman) Airport,Beersheva,IL,31.287,34.723,Asia/Jerusalem
BEW,FQBR,Beira Airport,Beira,MZ,-19.7964,34.9076,Africa/Maputo
BEX,EGUB,RAF Benson,Benson,GB,51.6164,-1.09583,Europe/London
BEY,OLBA,Beirut Rafic Hariri International Airport,Beirut,LB,33.8209,35.4884,Asia/Beirut
BEZ,NGBR,Beru Airport,Beru,KI,-1.35472,176.007,Pacific/Tarawa
BFA,SGBN,Bahia Negra Airport,Bahia Negra,PY,-20.2246,-58.1792,America/Asuncion
BFD,KBFD,Bradford Regional Airport,Bradford,US,41.8031,-78.6401,America/New_York
BFE,EDLI,Bielefeld Airport,Bielefeld,DE,51.96472,8.54444,Europe/Berlin
BFF,KBFF,Western Neb. Rgnl/William B. Heilig Airport,Scottsbluff,US,41.874,-103.596,America/Denver
BFG,KU07,Bullfrog Basin Airport,Glen Canyon Natl Rec Area,US,37.5458,-110.713,America/Denver
BFH,SBBI,Bacacheri Airport,Curitiba,BR,-25.4051,-49.232,America/Sao_Paulo
BFI,KBFI,Boeing Field King County International Airport,Seattle,US,47.53,-122.302,America/Los_Angeles
BFJ,ZUBJ,Bijie Feixiong Airport,Bijie,CN,27.26667,105.47917,Asia/Shanghai
BFK,KBKF,Buckley Air Force Base,Aurora,US,39.7017,-104.752,America/Denver
BFL,KBFL,Meadows Field,Bakersfield,US,35.4336,-119.057,America/Los_Angeles
BFM,KBFM,Mobile Downtown Airport,Mobile,US,30.6268,-88.0681,America/Chicago
BFN,FABL,J B M Hertzog International Airport,Bloemfontain,ZA,-29.0927,26.3024,Africa/Johannesburg
BFO,FVCZ,Buffalo Range Airport,Chiredzi,ZW,-21.0081,31.5786,Africa/Harare
BFP,KBVI,Beaver County Airport,Beaver Falls,US,40.7725,-80.3914,America/New_York
BFR,KBFR,Virgil I Grissom Municipal Airport,Bedford,US,38.84,-86.4454,America/Indiana/Indianapolis
BFS,EGAA,Belfast International Airport,Belfast,GB,54.6575,-6.21583,Europe/London
BFT,KARW,Beaufort County Airport,Beaufort,US,32.4122,-80.6344,America/New_York
BFU,ZSBB,Bengbu Airport,Bengbu,CN,32.84773,117.32024,Asia/Shanghai
BFV,VTUO,Buri Ram Airport,Buriram,TH,15.2295,103.253,Asia/Bangkok
BFW,DAOS,Sidi Bel Abbes Airport,Sidi Bel Abbes,DZ,35.1718,-0.59328,Africa/Algiers
BFX,FKKU,Bafoussam Airport,Bafoussam,CM,5.53692,10.3546,Africa/Douala
BGA,SKBG,Palonegro Airport,Bucaramanga,CO,7.1265,-73.1848,America/Bogota
BGB,FOGB,Booue Airport,Booue,GA,-0.1,11.95,Africa/Libreville
BGC,LPBG,Braganca Airport,Braganca,PT,41.8578,-6.70713,Europe/Lisbon
BGD,KBGD,Hutchinson County Airport,Borger,US,35.7009,-101.394,America/Chicago
BGE,KBGE,Decatur County Industrial Air Park,Bainbridge,US,30.9715,-84.6374,America/New_York
BGF,FEFF,Bangui M'Poko International Airport,Bangui,CF,4.39848,18.5188,Africa/Bangui
BGG,LTCU,Bingöl Airport,Bingöl,TR,38.86111,40.5925,Europe/Istanbul
BGH,GQNE,Abbaye Airport,Boghe,MR,16.63331,-14.2,Africa/Nouakchott
BGI,TBPB,Sir Grantley Adams International Airport,Bridgetown,BB,13.0746,-59.4925,America/Barbados
BGJ,BIBF,Borgarfjordur eystri Airport,Borgarfjordur eystri,IS,65.5164,-13.805,Atlantic/Reykjavik
BGL,VNBL,Baglung Airport,Baglung,NP,28.2128,83.6663,Asia/Kathmandu
BGM,KBGM,Greater Binghamton/Edwin A Link field,Binghamton,US,42.2087,-75.9798,America/New_York
BGN,UESG,Belaya Gora Airport,Belaya Gora,RU,68.55694,146.23472,Asia/Srednekolymsk
BGO,ENBR,Bergen Airport Flesland,Bergen,NO,60.2934,5.21814,Europe/Oslo
BGQ,PAGQ,Big Lake Airport,Big Lake,US,61.5361,-149.814,America/Anchorage
BGR,KBGR,Bangor International Airport,Bangor,US,44.8074,-68.8281,America/New_York
BGS,KBPG,Big Spring Mc Mahon-Wrinkle Airport,Big Spring,US,32.2126,-101.522,America/Chicago
BGT,KE51,Bagdad Airport,Bagdad,US,34.5959,-113.17,America/Phoenix
BGU,FEFG,Bangassou Airport,Bangassou,CF,4.785,22.781,Africa/Bangui
BGV,SSBG,Aeroclube de Bento Goncalves Airport,Bento Goncalves,BR,-29.14833,-51.53639,America/Sao_Paulo
BGW,ORBI,Baghdad International Airport,Baghdad,IQ,33.2625,44.2346,Asia/Baghdad
BGX,SBBG,Comandante Gustavo Kraemer Airport,Bage,BR,-31.3905,-54.1122,America/Sao_Paulo
BGY,LIME,Bergamo / Orio Al Serio Airport,Bergamo,IT,45.6739,9.70417,Europe/Rome
BGZ,LPBR,Braga Municipal Aerodrome,Braga,PT,41.5871,-8.44514,Europe/Lisbon
BHA,SESV,Los Perales Airport,Bahia de Caraquez,EC,-0.60811,-80.4027,America/Guayaquil
BHB,KBHB,Hancock County-Bar Harbor Airport,Bar Harbor,US,44.45,-68.3615,America/New_York
BHD,EGAC,George Best Belfast City Airport,Belfast,GB,54.6181,-5.8725,Europe/London
BHE,NZWB,Woodbourne Airport,Blenheim,NZ,-41.5183,173.87,Pacific/Auckland
BHF,SKCP,Cupica Airport,Bahia Solano,CO,6.69194,-77.47722,America/Bogota
BHG,MHBL,Brus Laguna Airport,Brus Laguna,HN,15.7631,-84.5436,America/Tegucigalpa
BHH,OEBH,Bisha Airport,Bisha,SA,19.9844,42.6209,Asia/Riyadh
BHI,SAZB,Comandante Espora Airport,Bahia Blanca,AR,-38.725,-62.1693,America/Argentina/Buenos_Aires
BHJ,VABJ,Bhuj Airport,Bhuj,IN,23.2878,69.6702,Asia/Kolkata
BHK,UZSB,Bukhara Airport,Bukhara,UZ,39.775,64.4833,Asia/Samarkand
BHM,KBHM,Birmingham-Shuttlesworth International Airport,Birmingham,US,33.5629,-86.7535,America/Chicago
BHN,OYBN,Beihan Airport,Beihan,YE,14.782,45.7201,Asia/Aden
BHO,VABP,Bhopal Airport,Bhopal,IN,23.2875,77.3374,Asia/Kolkata
BHP,VNBJ,Bhojpur Airport,Bhojpur,NP,27.1474,87.0508,Asia/Kathmandu
BHQ,YBHI,Broken Hill Airport,Broken Hill,AU,-32.0014,141.472,Australia/Broken_Hill
BHR,VNBP,Bharatpur Airport,Bharatpur,NP,27.6781,84.4294,Asia/Kathmandu
BHS,YBTH,Bathurst Airport,Bathurst,AU,-33.4094,149.65199,Australia/Sydney
BHU,VABV,Bhavnagar Airport,Bhavnagar,IN,21.7522,72.1852,Asia/Kolkata
BHV,OPBW,Bahawalpur Airport,Bahawalpur,PK,29.3481,71.718,Asia/Karachi
BHW,OPBG,Bhagatanwala Airport,Bhagatanwala,PK,32.0561,72.9484,Asia/Karachi
BHX,EGBB,Birmingham International Airport,Birmingham,GB,52.4539,-1.74803,Europe/London
BHY,ZGBH,Beihai Airport,Beihai,CN,21.5394,109.294,Asia/Shanghai
BIA,LFKB,Bastia-Poretta Airport,Bastia/Poretta,FR,42.5527,9.48373,Europe/Paris
BIB,HCMB,Baidoa Airport,Baidoa,SO,3.10222,43.6286,Africa/Mogadishu
BID,KBID,Block Island State Airport,Block Island,US,41.1681,-71.5778,America/New_York
BIE,KBIE,Beatrice Municipal Airport,Beatrice,US,40.3013,-96.7541,America/Chicago
BIF,KBIF,Biggs Army Air Field (Fort Bliss),Fort Bliss/El Paso,US,31.8495,-106.38,America/Denver
BIG,PABI,Allen Army Airfield,Delta Junction Ft Greely,US,63.9945,-145.722,America/Anchorage
BIH,KBIH,Eastern Sierra Regional Airport,Bishop,US,37.3731,-118.364,America/Los_Angeles
BIK,WABB,Frans Kaisiepo Airport,Biak-Supiori Island,ID,-1.19002,136.108,Asia/Jayapura
BIL,KBIL,Billings Logan International Airport,Billings,US,45.8077,-108.543,America/Denver
BIM,MYBS,South Bimini Airport,South Bimini,BS,25.6999,-79.2647,America/Nassau
BIN,OABN,Bamiyan Airport,Bamiyan,AF,34.817,67.817,Asia/Kabul
BIO,LEBB,Bilbao Airport,Bilbao,ES,43.3011,-2.91061,Europe/Madrid
BIP,YBWM,Bulimba Airport,,AU,-16.8808,143.479,Australia/Brisbane
BIQ,LFBZ,Biarritz-Anglet-Bayonne Airport,Biarritz/Anglet/Bayonne,FR,43.4684,-1.52332,Europe/Paris
BIR,VNVT,Biratnagar Airport,Biratnagar,NP,26.4815,87.264,Asia/Kathmandu
BIS,KBIS,Bismarck Municipal Airport,Bismarck,US,46.7727,-100.746,America/Chicago
BIT,VNBT,Baitadi Airport,Baitadi,NP,29.4653,80.5492,Asia/Kathmandu
BIU,BIBD,Bildudalur Airport,Bildudalur,IS,65.6413,-23.5462,Atlantic/Reykjavik
BIV,FEFR,Bria Airport,Bria,CF,6.52778,21.9894,Africa/Bangui
BIW,YBIL,Billiluna Airport,Billiluna,AU,-19.5667,127.667,Australia/Perth
BIX,KBIX,Keesler Air Force Base,Biloxi,US,30.4104,-88.9244,America/Chicago
BIY,FABE,Bisho Airport,Bisho,ZA,-32.8971,27.2791,Africa/Johannesburg
BJA,DAAE,Soummam Airport,Bejaia,DZ,36.712,5.06992,Africa/Algiers
BJB,OIMN,Bojnord Airport,Bojnord,IR,37.493,57.3082,Asia/Tehran
BJC,KBJC,Rocky Mountain Metropolitan Airport,Denver,US,39.9088,-105.117,America/Denver
BJD,BIBK,Bakkafjordur Airport,Bakkafjordur,IS,66.0219,-14.8244,Atlantic/Reykjavik
BJF,ENBS,Batsfjord Airport,Batsfjord,NO,70.6005,29.6914,Europe/Oslo
BJH,VNBG,Bajhang Airport,Bajhang,NP,29.539,81.1854,Asia/Kathmandu
BJI,KBJI,Bemidji Regional Airport,Bemidji,US,47.5094,-94.9337,America/Chicago
BJJ,KBJJ,Wayne County Airport,Wooster,US,40.8748,-81.8883,America/New_York
BJK,WAPK,Nangasuri Airport,Maikoor Island,ID,-6.0662,134.274,Asia/Jayapura
BJL,GBYD,Banjul International Airport,Banjul,GM,13.338,-16.6522,Africa/Banjul
BJM,HBBA,Bujumbura International Airport,Bujumbura,BI,-3.32402,29.3185,Africa/Bujumbura
BJO,SLBJ,Bermejo Airport,Bermejo,BO,-22.7733,-64.3129,America/Argentina/Salta
BJP,SBBP,Aeroporto Estadual Arthur Siqueira Airport,Braganca Paulista,BR,-22.97917,-46.5375,America/Sao_Paulo
BJR,HABD,Bahir Dar Airport,Bahir Dar,ET,11.6081,37.3216,Africa/Addis_Ababa
BJU,VNBR,Bajura Airport,Bajura,NP,29.502,81.669,Asia/Kathmandu
BJV,LTFE,Milas Bodrum International Airport,Bodrum,TR,37.2506,27.6643,Europe/Istanbul
BJW,WATB,Bajawa Soa Airport,Bajawa,ID,-8.70743,121.05743,Asia/Makassar
BJX,MMLO,Del Bajio International Airport,Silao,MX,20.9935,-101.481,America/Mexico_City
BJY,LYBT,Batajnica Air Base,Batajnica,RS,44.9353,20.2575,Europe/Belgrade
BJZ,LEBZ,Badajoz Airport,Badajoz,ES,38.8913,-6.82133,Europe/Madrid
BKA,UUBB,Bykovo Airport,Moscow,RU,55.6172,38.06,Europe/Moscow
BKB,VIBK,Nal Airport,Bikaner,IN,28.0706,73.2072,Asia/Kolkata
BKC,PABL,Buckland Airport,Buckland,US,65.9816,-161.149,America/Anchorage
BKD,KBKD,Stephens County Airport,Breckenridge,US,32.719,-98.891,America/Chicago
BKE,KBKE,Baker City Municipal Airport,Baker City,US,44.8373,-117.809,America/Los_Angeles
BKG,KBBG,Branson Airport,Branson,US,36.53208,-93.20054,America/Chicago
BKH,PHBK,Barking Sands Airport,Kekaha,US,22.0228,-159.785,Pacific/Honolulu
BKI,WBKK,Kota Kinabalu International Airport,Kota Kinabalu,MY,5.93721,116.051,Asia/Kuching
BKJ,GUOK,Boke Airport,Boke,GN,10.9658,-14.2811,Africa/Conakry
BKK,VTBS,Suvarnabhumi Airport,Bangkok,TH,13.6811,100.747,Asia/Bangkok
BKL,KBKL,Burke Lakefront Airport,Cleveland,US,41.5175,-81.6833,America/New_York
BKM,WBGQ,Bakalalan Airport,Bakalalan,MY,3.974,115.618,Asia/Kuching
BKN,UTAN,Balkanabat International Airport,Jebel,TM,39.6805,54.20467,Asia/Ashgabat
BKO,GABS,Senou Airport,Senou,ML,12.5335,-7.94994,Africa/Bamako
BKP,YBAW,Barkly Downs Airport,,AU,-20.49583,138.47472,Australia/Brisbane
BKQ,YBCK,Blackall Airport,Blackall,AU,-24.4278,145.429,Australia/Brisbane
BKR,FTTK,Bokoro Airport,Bokoro,TD,12.383,17.067,Africa/Ndjamena
BKS,WIPL,Padang Kemiling (Fatmawati Soekarno) Airport,Bengkulu-Sumatra Island,ID,-3.8637,102.339,Asia/Jakarta
BKT,KBKT,Allen C Perkinson Blackstone Army Air Field,Blackstone,US,37.0742,-77.9575,America/New_York
BKU,FMSV,Betioky Airport,Betioky,MG,-23.733,44.389,Indian/Antananarivo
BKW,KBKW,Raleigh County Memorial Airport,Beckley,US,37.7873,-81.1242,America/New_York
BKX,KBKX,Brookings Regional Airport,Brookings,US,44.3048,-96.8169,America/Chicago
BKY,FZMA,Bukavu Kavumu Airport,Bukavu,CD,-2.30898,28.8088,Africa/Lubumbashi
BKZ,HTBU,Bukoba Airport,Bukoba,TZ,-1.332,31.8212,Africa/Dar_es_Salaam
BLA,SVBC,General Jose Antonio Anzoategui International Airport,Barcelona,VE,10.1071,-64.6892,America/Caracas
BLB,MPPA,Howard/Panama Pacifico International Airport,Panama City,PA,8.91479,-79.5996,America/Panama
BLC,FKKG,Bali Airport,Bali,CM,5.89528,10.03389,Africa/Douala
BLD,KBVU,Boulder City Municipal Airport,Boulder City,US,35.9475,-114.861,America/Los_Angeles
BLE,ESSD,Borlange Airport,Borlange,SE,60.422,15.5152,Europe/Stockholm
BLF,KBLF,Mercer County Airport,Bluefield,US,37.2958,-81.2077,America/New_York
BLG,WBGC,Belaga Airport,Belaga,MY,2.65,113.767,Asia/Kuching
BLH,KBLH,Blythe Airport,Blythe,US,33.6192,-114.717,America/Los_Angeles
BLI,KBLI,Bellingham International Airport,Bellingham,US,48.7928,-122.538,America/Los_Angeles
BLJ,DABT,Batna Airport,Batna,DZ,35.7521,6.30859,Africa/Algiers
BLK,EGNH,Blackpool International Airport,Blackpool,GB,53.7717,-3.02861,Europe/London
BLL,EKBI,Billund Airport,Billund,DK,55.7403,9.15178,Europe/Copenhagen
BLM,KBLM,Monmouth Executive Airport,Belmar/Farmingdale,US,40.1869,-74.1249,America/New_York
BLN,YBLA,Benalla Airport,Benalla,AU,-36.5519,146.007,Australia/Melbourne
BLO,BIBL,Hjaltabakki Airport,Blonduos,IS,65.645,-20.2875,Atlantic/Reykjavik
BLP,SPBL,Huallaga Airport,Bellavista,PE,-7.06056,-76.5822,America/Lima
BLQ,LIPE,Bologna / Borgo Panigale Airport,Bologna,IT,44.5354,11.2887,Europe/Rome
BLR,VOBL,Bengaluru International Airport,Bangalore,IN,13.1979,77.7063,Asia/Kolkata
BLS,YBLL,Bollon Airport,Bollon,AU,-28.0583,147.483,Australia/Brisbane
BLT,YBTR,Blackwater Airport,Blackwater,AU,-23.6031,148.80701,Australia/Brisbane
BLU,KBLU,Blue Canyon Nyack Airport,Emigrant Gap,US,39.275,-120.71,America/Los_Angeles
BLV,KBLV,Scott AFB/Midamerica Airport,Belleville,US,38.5452,-89.8352,America/Chicago
BLX,LIDB,Belluno Airport,Belluno,IT,46.1675,12.2479,Europe/Rome
BLY,EIBT,Belmullet Aerodrome,Belmullet,IE,54.2228,-10.0308,Europe/Dublin
BLZ,FWCL,Chileka International Airport,Blantyre,MW,-15.6791,34.974,Africa/Blantyre
BMA,ESSB,Stockholm-Bromma Airport,Stockholm,SE,59.3544,17.9417,Europe/Stockholm
BMB,FZFU,Bumbar Airport,Bumbar,CD,2.18278,22.4817,Africa/Kinshasa
BMC,KBMC,Brigham City Airport,Brigham City,US,41.5524,-112.062,America/Denver
BMD,FMML,Belo sur Tsiribihina Airport,Belo sur Tsiribihina,MG,-19.6867,44.5419,Indian/Antananarivo
BME,YBRM,Broome International Airport,Broome,AU,-17.9447,122.232,Australia/Perth
BMF,FEGM,Bakouma Airport,Bakouma,CF,5.694,22.801,Africa/Bangui
BMG,KBMG,Monroe County Airport,Bloomington,US,39.146,-86.6167,America/Indiana/Indianapolis
BMI,KBMI,Central Illinois Regional Airport at Bloomington-Normal,Bloomington-Normal,US,40.4771,-88.9159,America/Chicago
BMJ,SYBR,Baramita Airport,Baramita,GY,7.37012,-60.488,America/Guyana
BMK,EDWR,Borkum Airport,Borkum,DE,53.59639,6.70917,Europe/Berlin
BML,KBML,Berlin Regional Airport,Berlin,US,44.5754,-71.1759,America/New_York
BMM,FOOB,Bitam Airport,Bitam,GA,2.07564,11.4932,Africa/Libreville
BMN,ORBB,Bamarni Airport,Bamarni,IQ,37.0988,43.2666,Asia/Baghdad
BMO,VYBM,Banmaw Airport,Banmaw,MM,24.269,97.2462,Asia/Yangon
BMP,YBPI,Brampton Island Airport,,AU,-20.8033,149.27,Australia/Brisbane
BMR,EDWZ,Baltrum Airport,Baltrum,DE,53.72472,7.37333,Europe/Berlin
BMS,SNBU,Socrates Mariani Bittencourt Airport,Brumado,BR,-14.2554,-41.8175,America/Bahia
BMT,KBMT,Beaumont Municipal Airport,Beaumont,US,30.0707,-94.2158,America/Chicago
BMU,WADB,Muhammad Salahuddin Airport,Bima-Sumbawa Island,ID,-8.53965,118.687,Asia/Makassar
BMV,VVBM,Buon Ma Thuot Airport,Buon Ma Thuot,VN,12.6683,108.12,Asia/Ho_Chi_Minh
BMW,DATM,Bordj Badji Mokhtar Airport,Bordj Badji Mokhtar,DZ,21.375,0.92389,Africa/Algiers
BMX,PABM,Big Mountain Airport,Big Mountain,US,59.3612,-155.259,America/Anchorage
BMY,NWWC,Ile Art - Waala Airport,Waala,NC,-19.7206,163.661,Pacific/Noumea
BNA,KBNA,Nashville International Airport,Nashville,US,36.1245,-86.6782,America/Chicago
BNB,FZGN,Boende Airport,Boende,CD,-0.217,20.85,Africa/Kinshasa
BNC,FZNP,Beni Airport,Beni,CD,0.575,29.4739,Africa/Lubumbashi
BND,OIKB,Bandar Abbas International Airport,Bandar Abbas,IR,27.2183,56.3778,Asia/Tehran
BNE,YBBN,Brisbane International Airport,Brisbane,AU,-27.3842,153.117,Australia/Brisbane
BNG,KBNG,Banning Municipal Airport,Banning,US,33.9231,-116.851,America/Los_Angeles
BNI,DNBE,Benin Airport,Benin,NG,6.31698,5.5995,Africa/Lagos
BNJ,EDKB,Bonn-Hangelar Airport,Bonn,DE,50.76889,7.16333,Europe/Berlin
BNK,YBNA,Ballina Byron Gateway Airport,Ballina,AU,-28.8339,153.562,Australia/Sydney
BNL,KBNL,Barnwell Regional Airport,Barnwell,US,33.2578,-81.3883,America/New_York
BNN,ENBN,Bronnoysund Airport,Bronnoy,NO,65.4611,12.2175,Europe/Oslo
BNO,KBNO,Burns Municipal Airport,Burns,US,43.5919,-118.955,America/Los_Angeles
BNP,OPBN,Bannu Airport,Bannu,PK,32.9729,70.5279,Asia/Karachi
BNR,DFOB,Banfora Airport,Banfora,BF,10.683,-4.717,Africa/Ouagadougou
BNS,SVBI,Barinas Airport,Barinas,VE,8.61957,-70.2208,America/Caracas
BNU,SSBL,Blumenau Airport,Blumenau,BR,-26.8306,-49.0903,America/Sao_Paulo
BNW,KBNW,Boone Municipal Airport,Boone,US,42.0496,-93.8476,America/Chicago
BNX,LQBK,Banja Luka International Airport,Banja Luka,BA,44.9414,17.2975,Europe/Sarajevo
BNY,AGGB,Bellona/Anua Airport,Anua,SB,-11.30222,159.79833,Pacific/Guadalcanal
BOA,FZAJ,Boma Airport,Boma,CD,-5.854,13.064,Africa/Kinshasa
BOB,NTTB,Bora Bora Airport,Motu Mute,PF,-16.4444,-151.75101,Pacific/Tahiti
BOC,MPBO,Bocas Del Toro International Airport,Isla Colon,PA,9.34085,-82.2508,America/Panama
BOD,LFBD,Bordeaux-Merignac (BA 106) Airport,Bordeaux/Merignac,FR,44.8283,-0.71556,Europe/Paris
BOE,FCOB,Boundji Airport,Boundji,CG,-1.033,15.383,Africa/Brazzaville
BOG,SKBO,El Dorado International Airport,Bogota,CO,4.70159,-74.1469,America/Bogota
BOH,EGHH,Bournemouth Airport,Bournemouth,GB,50.78,-1.8425,Europe/London
BOI,KBOI,Boise Air Terminal/Gowen field,Boise,US,43.5644,-116.223,America/Boise
BOJ,LBBG,Burgas Airport,Burgas,BG,42.5696,27.5152,Europe/Sofia
BOL,EGQB,Ballykelly Airport,Ballykelly,GB,55.0603,-7.02028,Europe/London
BOM,VABB,Chhatrapati Shivaji International Airport,Mumbai,IN,19.0887,72.8679,Asia/Kolkata
BON,TNCB,Flamingo International Airport,Kralendijk,BQ,12.131,-68.2685,America/Kralendijk
BOO,ENBO,Bodo Airport,Bodo,NO,67.2692,14.3653,Europe/Oslo
BOP,FEFO,Bouar Airport,Bouar,CF,5.958,15.637,Africa/Bangui
BOR,LFSQ,Fontaine Airport,Belfort,FR,47.6556,7.01083,Europe/Paris
BOS,KBOS,General Edward Lawrence Logan International Airport,Boston,US,42.3643,-71.0052,America/New_York
BOU,LFLD,Bourges Airport,Bourges,FR,47.0581,2.37028,Europe/Paris
BOW,KBOW,Bartow Municipal Airport,Bartow,US,27.9434,-81.7834,America/New_York
BOX,YBRL,Borroloola Airport,Borroloola,AU,-16.0753,136.302,Australia/Darwin
BOY,DFOO,Bobo Dioulasso Airport,Bobo Dioulasso,BF,11.1601,-4.33097,Africa/Ouagadougou
BOZ,FEGZ,Bozoum Airport,Bozoum,CF,6.34417,16.3219,Africa/Bangui
BPC,FKKV,Bamenda Airport,Bamenda,CM,6.03924,10.1226,Africa/Douala
BPF,AGBT,Batuna Aerodrome,Batuna Mission Station,SB,-8.56203,158.11931,Pacific/Guadalcanal
BPG,SBBW,Barra do Garcas Airport,Barra Do Garcas,BR,-15.8613,-52.3889,America/Cuiaba
BPH,RPMF,Bislig Airport,Bislig,PH,8.19595,126.322,Asia/Manila
BPI,KBPI,Miley Memorial Field,Big Piney,US,42.5851,-110.111,America/Denver
BPL,ZWBL,Alashankou Bole (Bortala) airport,Bole,CN,44.895,82.3,Asia/Shanghai
BPM,VOHY,Begumpet Airport,Hyderabad,IN,17.4531,78.4676,Asia/Kolkata
BPN,WALL,Sepinggan International Airport,Balikpapan-Borneo Island,ID,-1.26827,116.894,Asia/Makassar
BPR,RPVW,Borongan Airport,Borongan City,PH,11.6743,125.479,Asia/Manila
BPS,SBPS,Porto Seguro Airport,Porto Seguro,BR,-16.4386,-39.0809,America/Bahia
BPT,KBPT,Jack Brooks Regional Airport,Beaumont/Port Arthur,US,29.9508,-94.0207,America/Chicago
BPX,ZUBD,Qamdo Bangda Airport,Bangda,CN,30.5536,97.1083,Asia/Shanghai
BPY,FMNQ,Besalampy Airport,Besalampy,MG,-16.74453,44.48248,Indian/Antananarivo
BQA,RPUR,Dr.Juan C. Angara Airport,Baler,PH,15.7298,121.5,Asia/Manila
BQB,YBLN,Busselton Regional Airport,Busselton,AU,-33.68842,115.4016,Australia/Perth
BQD,BIBR,Budardalur Airport,Budardalur,IS,65.0753,-21.8003,Atlantic/Reykjavik
BQE,GGBU,Bubaque Airport,Bubaque,GW,11.29736,-15.83808,Africa/Bissau
BQG,UHNB,Bogorodskoye Airport,Bogorodskoye,RU,52.38,140.448,Asia/Vladivostok
BQH,EGKB,London Biggin Hill Airport,London,GB,51.3308,0.0325,Europe/London
BQK,KBQK,Brunswick Golden Isles Airport,Brunswick,US,31.2588,-81.4665,America/New_York
BQL,YBOU,Boulia Airport,Boulia,AU,-22.9133,139.89999,Australia/Brisbane
BQN,TJBQ,Rafael Hernandez Airport,Aguadilla,PR,18.4949,-67.1294,America/Puerto_Rico
BQO,DIBN,Bouna Airport,Bouna,CI,9.2775,-3.02528,Africa/Abidjan
BQQ,SNBX,Barra Airport,Barra,BR,-11.0808,-43.1475,America/Bahia
BQS,UHBB,Ignatyevo Airport,Blagoveschensk,RU,50.4254,127.412,Asia/Yakutsk
BQT,UMBB,Brest Airport,Brest,BY,52.1083,23.8981,Europe/Minsk
BQU,TVSB,J F Mitchell Airport,Bequia,VC,12.9884,-61.262,America/St_Vincent
BQW,YBGO,Balgo Hill Airport,Balgo,AU,-20.1483,127.973,Australia/Perth
BRA,SNBR,Barreiras Airport,Barreiras,BR,-12.0789,-45.009,America/Bahia
BRB,SSRS,Barreirinhas Lençóis Maranhenses Regional Airport,Barreirinhas,BR,-2.75667,-42.80472,America/Fortaleza
BRC,SAZS,San Carlos De Bariloche Airport,San Carlos de Bariloche,AR,-41.1512,-71.1575,America/Argentina/Salta
BRD,KBRD,Brainerd Lakes Regional Airport,Brainerd,US,46.3983,-94.1381,America/Chicago
BRE,EDDW,Bremen Airport,Bremen,DE,53.0475,8.78667,Europe/Berlin
BRI,LIBD,Bari / Palese International Airport,Bari,IT,41.1389,16.7606,Europe/Rome
BRK,YBKE,Bourke Airport,Bourke,AU,-30.0392,145.952,Australia/Sydney
BRL,KBRL,Southeast Iowa Regional Airport,Burlington,US,40.7832,-91.1255,America/Chicago
BRM,SVBM,Barquisimeto International Airport,Barquisimeto,VE,10.04275,-69.35862,America/Caracas
BRN,LSZB,Bern Belp Airport,Bern,CH,46.9141,7.49715,Europe/Zurich
BRO,KBRO,Brownsville South Padre Island International Airport,Brownsville,US,25.9068,-97.4259,America/Chicago
BRQ,LKTB,Brno-Turany Airport,Brno,CZ,49.1513,16.6944,Europe/Prague
BRR,EGPR,Barra Airport,Eoligarry,GB,57.0228,-7.44306,Europe/London
BRS,EGGD,Bristol International Airport,Bristol,GB,51.3827,-2.71909,Europe/London
BRT,YBTI,Bathurst Island Airport,Wurrumiyanga,AU,-11.7692,130.62,Australia/Darwin
BRU,EBBR,Brussels Airport,Brussels,BE,50.9014,4.48444,Europe/Brussels
BRV,EDWB,Bremerhaven Airport,Bremerhaven,DE,53.50694,8.57278,Europe/Berlin
BRW,PABR,Wiley Post Will Rogers Memorial Airport,Barrow,US,71.2854,-156.76601,America/Anchorage
BRX,MDBH,Maria Montez International Airport,Barahona,DO,18.2515,-71.1204,America/Santo_Domingo
BRY,KBRY,Samuels Field,Bardstown,US,37.8143,-85.4996,America/New_York
BSA,HCMF,Bosaso Airport,Bosaso,SO,11.2753,49.1494,Africa/Mogadishu
BSB,SBBR,Presidente Juscelino Kubistschek International Airport,Brasilia,BR,-15.86917,-47.92083,America/Sao_Paulo
BSC,SKBS,Jose Celestino Mutis Airport,Bahia Solano,CO,6.20292,-77.3947,America/Bogota
BSD,ZPBS,Baoshan Yunduan Airport,Baoshan,CN,25.0533,99.1683,Asia/Shanghai
BSE,WBGN,Sematan Airport,Sematan,MY,1.81361,109.763,Asia/Kuching
BSF,PHSF,Bradshaw Army Airfield,Camp Pohakuloa,US,19.7601,-155.554,Pacific/Honolulu
BSG,FGBT,Bata Airport,Bata,GQ,1.90547,9.80568,Africa/Malabo
BSJ,YBNS,Bairnsdale Airport,Bairnsdale,AU,-37.8875,147.56799,Australia/Melbourne
BSK,DAUB,Biskra Airport,Biskra,DZ,34.7933,5.73823,Africa/Algiers
BSL,LFSB,EuroAirport Basel-Mulhouse-Freiburg Airport,Bale/Mulhouse,FR,47.5896,7.52991,Europe/Paris
BSM,OINJ,Bishe Kola Air Base,Amol,IR,36.6551,52.3496,Asia/Tehran
BSN,FEFS,Bossangoa Airport,Bossangoa,CF,6.492,17.429,Africa/Bangui
BSO,RPUO,Basco Airport,Basco,PH,20.4513,121.98,Asia/Manila
BSQ,KP04,Bisbee Municipal Airport,Bisbee,US,31.364,-109.883,America/Hermosillo
BSR,ORMM,Basrah International Airport,Basrah,IQ,30.5491,47.6621,Asia/Baghdad
BSS,SNBS,Balsas Airport,Balsas,BR,-7.52603,-46.0533,America/Fortaleza
BST,OABT,Bost Airport,Bost,AF,31.5597,64.365,Asia/Kabul
BSU,FZEN,Basankusu Airport,Basankusu,CD,1.22472,19.7889,Africa/Kinshasa
BSW,AK97,Boswell Bay Airport,Boswell Bay,US,60.4231,-146.146,America/Anchorage
BSX,VYPN,Pathein Airport,Pathein,MM,16.8152,94.7799,Asia/Yangon
BSY,HCMD,Bardera Airport,Bardera,SO,2.33611,42.30778,Africa/Mogadishu
BSZ,UCFM,Manas International Airport,Bishkek,KG,43.06127,74.47751,Asia/Bishkek
BTA,FKKO,Bertoua Airport,Bertoua,CM,4.54861,13.7261,Africa/Douala
BTB,FCOT,Betou Airport,Betou,CG,3.05,18.5,Africa/Brazzaville
BTC,VCCB,Batticaloa Airport,Batticaloa,LK,7.70576,81.6788,Asia/Colombo
BTD,YBRU,Brunette Downs Airport,,AU,-18.64,135.938,Australia/Darwin
BTE,GFBN,Sherbro International Airport,Bonthe,SL,7.53242,-12.5189,Africa/Freetown
BTF,KBTF,Skypark Airport,Bountiful,US,40.8694,-111.927,America/Denver
BTG,FEGF,Batangafo Airport,Batangafo,CF,7.31411,18.3088,Africa/Bangui
BTH,WIDD,Hang Nadim Airport,Batam Island,ID,1.12103,104.119,Asia/Jakarta
BTI,PABA,Barter Island LRRS Airport,Barter Island Lrrs,US,70.134,-143.582,America/Anchorage
BTJ,WITT,Sultan Iskandarmuda Airport,Banda Aceh-Sumatra Island,ID,5.52352,95.4204,Asia/Jakarta
BTK,UIBB,Bratsk Airport,Bratsk,RU,56.3706,101.698,Asia/Irkutsk
BTL,KBTL,Battle Creek Executive Airport at Kellogg Field,Battle Creek,US,42.3073,-85.2515,America/Detroit
BTM,KBTM,Bert Mooney Airport,Butte,US,45.9548,-112.497,America/Denver
BTN,KBBP,Marlboro County Jetport H.E. Avent Field,Bennettsville,US,34.6217,-79.7344,America/New_York
BTO,SMBO,Botopasi Airport,Botopasi,SR,4.21751,-55.44705,America/Paramaribo
BTP,KBTP,Pittsburgh/Butler Regional Airport,Butler,US,40.7769,-79.9497,America/New_York
BTQ,HRYI,Butare Airport,Butare,RW,-2.59583,29.7367,Africa/Kigali
BTR,KBTR,Baton Rouge Metropolitan Ryan Field,Baton Rouge,US,30.5332,-91.1496,America/Chicago
BTS,LZIB,M. R. Stefanik Airport,Bratislava,SK,48.1702,17.2127,Europe/Bratislava
BTT,PABT,Bettles Airport,Bettles,US,66.9139,-151.52901,America/Anchorage
BTU,WBGB,Bintulu Airport,Bintulu,MY,3.12385,113.02,Asia/Kuching
BTV,KBTV,Patrick Leahy Burlington International Airport,Burlington,US,44.4719,-73.1533,America/New_York
BTW,WAOC,Batu Licin Airport,Batu Licin-Borneo Island,ID,-3.41241,115.995,Asia/Makassar
BTX,YBEO,Betoota Airport,Betoota,AU,-25.6417,140.783,Australia/Brisbane
BTY,KBTY,Beatty Airport,Beatty,US,36.8611,-116.787,America/Los_Angeles
BTZ,VTSY,Yala Betong International Airport,Yarom,TH,5.78629,101.14752,Asia/Bangkok
BUA,AYBK,Buka Airport,Buka Island,PG,-5.42232,154.673,Pacific/Bougainville
BUB,KBUB,Cram Field,Burwell,US,41.7767,-99.1497,America/Chicago
BUC,YBKT,Burketown Airport,Burketown,AU,-17.7486,139.534,Australia/Brisbane
BUD,LHBP,Budapest Ferenc Liszt International Airport,Budapest,HU,47.4369,19.2556,Europe/Budapest
BUF,KBUF,Buffalo Niagara International Airport,Buffalo,US,42.9405,-78.7322,America/New_York
BUG,FNBG,Benguela Airport,Benguela,AO,-12.609,13.4037,Africa/Luanda
BUI,WAJB,Bokondini Airport,Bokondini-Papua Island,ID,-3.58365,138.53345,Asia/Jayapura
BUJ,DAAD,Bou Saada Airport,Bou Saada,DZ,35.3325,4.20639,Africa/Algiers
BUL,AYBU,Bulolo Airport,Bulolo,PG,-7.21629,146.64954,Pacific/Port_Moresby
BUM,KBUM,Butler Memorial Airport,Butler,US,38.2898,-94.3401,America/Chicago
BUN,SKBU,Gerardo Tobar Lopez Airport,Buenaventura,CO,3.81963,-76.9898,America/Bogota
BUO,HCMV,Burao Airport,Burao,SO,9.5275,45.5549,Africa/Mogadishu
BUP,VIBT,Bhatinda Air Force Station,Bathinda,IN,30.2701,74.7558,Asia/Kolkata
BUQ,FVBU,Joshua Mqabuko Nkomo International Airport,Bulawayo,ZW,-20.0174,28.6179,Africa/Harare
BUR,KBUR,Bob Hope Airport,Burbank,US,34.2007,-118.359,America/Los_Angeles
BUS,UGSB,Batumi International Airport,Batumi,GE,41.6103,41.5997,Asia/Tbilisi
BUT,VQBT,Bathpalathang Airport,Jakar,BT,27.5622,90.7471,Asia/Thimphu
BUW,WAWB,Betoambari Airport,Bau Bau-Butung Island,ID,-5.48688,122.569,Asia/Makassar
BUX,FZKA,Bunia Airport,Bunia,CD,1.56572,30.2208,Africa/Lubumbashi
BUY,YBUN,Bunbury Airport,Bunbury,AU,-33.3783,115.677,Australia/Perth
BUZ,OIBB,Bushehr Airport,Bushehr,IR,28.9448,50.8346,Asia/Tehran
BVA,LFOB,Paris Beauvais Tille Airport,Beauvais/Tille,FR,49.4544,2.11278,Europe/Paris
BVB,SBBV,Atlas Brasil Cantanhede Airport,Boa Vista,BR,2.84139,-60.69222,America/Boa_Vista
BVC,GVBA,Rabil Airport,Rabil,CV,16.1365,-22.8889,Atlantic/Cape_Verde
BVE,LFSL,Brive–Souillac Airport,Nespouls,FR,45.03966,1.48571,Europe/Paris
BVG,ENBV,Berlevag Airport,Berlevag,NO,70.8714,29.0342,Europe/Oslo
BVH,SBVH,Vilhena Airport,Vilhena,BR,-12.6944,-60.0983,America/Porto_Velho
BVI,YBDV,Birdsville Airport,Birdsville,AU,-25.8975,139.34801,Australia/Brisbane
BVJ,USDB,Bovanenkovo,Bovanenkovo,RU,70.31528,68.33361,Asia/Yekaterinburg
BVK,SLHJ,Huacaraje Airport,Itenes,BO,-13.55,-63.7479,America/La_Paz
BVL,SLBA,Baures Airport,Baures,BO,-13.58333,-63.58333,America/La_Paz
BVM,SNBL,Belmonte Airport,Belmonte,BR,-15.8717,-38.8719,America/Bahia
BVO,KBVO,Bartlesville Municipal Airport,Bartlesville,US,36.7625,-96.0112,America/Chicago
BVR,GVBR,Esperadinha Airport,Brava Island,CV,14.86431,-24.746,Atlantic/Cape_Verde
BVS,SNVS,Breves Airport,Breves,BR,-1.63653,-50.4436,America/Belem
BVU,PABG,Beluga Airport,Beluga,US,61.1722,-151.04401,America/Anchorage
BVV,UHSB,Burevestnik Airport,Iturup Island,RU,44.92,147.62199,Asia/Magadan
BVX,KBVX,Batesville Regional Airport,Batesville,US,35.7262,-91.6473,America/Chicago
BVY,KBVY,Beverly Regional Airport,Beverly,US,42.5842,-70.9165,America/New_York
BVZ,YBYS,Beverley Springs Airport,,AU,-16.7333,125.433,Australia/Perth
BWA,VNBW,Bhairahawa Airport,Bhairawa,NP,27.5057,83.4163,Asia/Kathmandu
BWB,YBWX,Barrow Island Airport,,AU,-20.8644,115.406,Australia/Perth
BWC,KBWC,Brawley Municipal Airport,Brawley,US,32.9929,-115.517,America/Los_Angeles
BWD,KBWD,Brownwood Regional Airport,Brownwood,US,31.7936,-98.9565,America/Chicago
BWE,EDVE,Braunschweig Wolfsburg Airport,Braunschweig,DE,52.3192,10.5561,Europe/Berlin
BWF,EGNL,Barrow Walney Island Airport,Barrow-in-Furness,GB,54.1312,-3.26367,Europe/London
BWG,KBWG,Bowling Green Warren County Regional Airport,Bowling Green,US,36.9645,-86.4197,America/Chicago
BWH,WMKB,Butterworth Airport,Butterworth,MY,5.46592,100.391,Asia/Kuala_Lumpur
BWI,KBWI,Baltimore/Washington International Thurgood Marshal Airport,Baltimore,US,39.1754,-76.6683,America/New_York
BWK,LDSB,Brac Airport,Brac Island,HR,43.2857,16.6797,Europe/Zagreb
BWL,KBKN,Blackwell Tonkawa Municipal Airport,Blackwell,US,36.7451,-97.3496,America/Chicago
BWM,KBPP,Bowman Municipal Airport,Bowman,US,46.187,-103.428,America/Denver
BWN,WBSB,Brunei International Airport,Bandar Seri Begawan,BN,4.9442,114.928,Asia/Brunei
BWO,UWSB,Balakovo Airport,Balakovo,RU,51.8583,47.7456,Europe/Saratov
BWQ,YBRW,Brewarrina Airport,Brewarrina,AU,-29.9739,146.817,Australia/Sydney
BWT,YWYY,Wynyard Airport,Burnie,AU,-40.9989,145.731,Australia/Hobart
BWU,YSBK,Sydney Bankstown Airport,Sydney,AU,-33.9244,150.98801,Australia/Sydney
BWW,MUBR,Las Brujas Airport,Cayo Santa Maria,CU,22.6213,-79.1472,America/Havana
BXA,KBXA,George R Carr Memorial Air Field,Bogalusa,US,30.8137,-89.865,America/Chicago
BXB,WASO,Babo Airport,Babo-Papua Island,ID,-2.53224,133.439,Asia/Jayapura
BXD,WAKE,Bade Airport,Bade-Papua Island,ID,-7.71463,139.575,Asia/Jayapura
BXE,GOTB,Bakel Airport,Bakel,SN,14.8473,-12.4683,Africa/Dakar
BXF,YBEB,Pumululu National Park,Bellburn,AU,-17.545,128.305,Australia/Perth
BXG,YBDG,Bendigo Airport,Bendigo,AU,-36.7394,144.33,Australia/Melbourne
BXH,UAAH,Balkhash Airport,Balkhash,KZ,46.8933,75.005,Asia/Almaty
BXI,DIBI,Boundiali Airport,Boundiali,CI,9.533,-6.467,Africa/Abidjan
BXJ,UAAR,Boralday Airport,Aima Ata,KZ,43.3526,76.8837,Asia/Almaty
BXK,KBXK,Buckeye Municipal Airport,Buckeye,US,33.4204,-112.686,America/Phoenix
BXN,LTBV,Imsik Airport,Bodrum,TR,37.1401,27.6697,Europe/Istanbul
BXO,LSZC,Buochs Airport,Buochs,CH,46.97444,8.39694,Europe/Zurich
BXP,EPBP,Biala Podlaska Airport,Biala Podlaska,PL,52.0058,23.1436,Europe/Warsaw
BXR,OIKM,Bam Airport,Bam,IR,29.0842,58.45,Asia/Tehran
BXS,KL08,Borrego Valley Airport,Borrego Springs,US,33.259,-116.321,America/Los_Angeles
BXT,WRLC,Bontang Airport,Bontang-Borneo Island,ID,0.11969,117.475,Asia/Makassar
BXU,RPME,Bancasi Airport,Butuan City,PH,8.95132,125.478,Asia/Manila
BXV,BIBV,Breiddalsvik Airport,Breiddalsvik,IS,64.79,-14.0228,Atlantic/Reykjavik
BXY,UAOL,Krainiy Airport,Baikonur,KZ,45.622,63.215,Asia/Qyzylorda
BYC,SLYA,Yacuiba Airport,Yacuiba,BO,-21.9609,-63.6517,America/La_Paz
BYD,OYBI,Al-Bayda Airport,Al-Bayda,YE,13.967,45.583,Asia/Aden
BYF,LFAQ,Albert-Bray Airport,Albert/Bray,FR,49.9715,2.69766,Europe/Paris
BYG,KBYG,Johnson County Airport,Buffalo,US,44.3811,-106.722,America/Denver
BYH,KBYH,Arkansas International Airport,Blytheville,US,35.9643,-89.944,America/Chicago
BYI,KBYI,Burley Municipal Airport,Burley,US,42.5426,-113.772,America/Boise
BYJ,LPBJ,Beja International Airport,Beja,PT,38.0789,-7.9324,Europe/Lisbon
BYK,DIBK,Bouake Airport,Bouake,CI,7.7388,-5.07367,Africa/Abidjan
BYM,MUBY,Carlos Manuel de Cespedes Airport,Bayamo,CU,20.3964,-76.6214,America/Havana
BYN,ZMBH,Bayankhongor Airport,Bayankhongor,MN,46.1633,100.704,Asia/Ulaanbaatar
BYO,SBDB,Bonito Airport,Bonito,BR,-21.22944,-56.45611,America/Campo_Grande
BYP,YBRY,Barimunya Airport,,AU,-22.6739,119.166,Australia/Perth
BYQ,WALV,Bunyu Airport,Bunju Island,ID,3.45572,117.867,Asia/Makassar
BYR,EKLS,Laeso Airport,Laeso,DK,57.2772,11.0001,Europe/Copenhagen
BYS,KBYS,Bicycle Lake Army Air Field,Fort Irwin/Barstow,US,35.2805,-116.63,America/Los_Angeles
BYT,EIBN,Bantry Aerodrome,Bantry,IE,51.6686,-9.48417,Europe/Dublin
BYU,EDQD,Bayreuth Airport,Bayreuth,DE,49.985,11.64,Europe/Berlin
BYW,38WA,Blakely Island Airport,Blakely Island,US,48.579,-122.826,America/Los_Angeles
BZA,MNBZ,San Pedro Airport,Bonanza,NI,13.95,-84.6,America/Managua
BZC,SBBZ,Umberto Modiano Airport,Cabo Frio,BR,-22.771,-41.9629,America/Sao_Paulo
BZD,YBRN,Balranald Airport,Balranald,AU,-34.6236,143.578,Australia/Sydney
BZE,MZBZ,Philip S. W. Goldson International Airport,Belize City,BZ,17.5391,-88.3082,America/Belize
BZG,EPBY,Bydgoszcz Ignacy Jan Paderewski Airport,Bydgoszcz,PL,53.0968,17.9777,Europe/Warsaw
BZI,LTBF,Balikesir Merkez Airport,Balikesir,TR,39.6193,27.926,Europe/Istanbul
BZK,UUBP,Bryansk Airport,Bryansk,RU,53.2142,34.1764,Europe/Moscow
BZL,VGBR,Barisal Airport,Barisal,BD,22.801,90.3012,Asia/Dhaka
BZN,KBZN,Bozeman Yellowstone International Airport,Bozeman,US,45.7775,-111.153,America/Denver
BZO,LIPB,Bolzano Airport,Bolzano,IT,46.4602,11.3264,Europe/Rome
BZP,YBIZ,Bizant Airport,Lakefield National Park,AU,-14.74028,144.11944,Australia/Brisbane
BZR,LFMU,Beziers-Vias Airport,Beziers/Vias,FR,43.3235,3.3539,Europe/Paris
BZU,FZKJ,Buta Zega Airport,Buta,CD,2.81835,24.7937,Africa/Lubumbashi
BZV,FCBB,Maya-Maya Airport,Brazzaville,CG,-4.2517,15.253,Africa/Brazzaville
BZX,ZUBZ,Bazhong Enyang Airport,Bazhong,CN,31.738,106.645,Asia/Shanghai
BZY,LUBL,Balti International Airport,Strymba,MD,47.8381,27.7815,Europe/Chisinau
BZZ,EGVN,RAF Brize Norton,Brize Norton,GB,51.75,-1.58362,Europe/London
CAA,MHCA,Catacamas Airport,Catacamas,HN,14.917,-85.9,America/Tegucigalpa
CAB,FNCA,Cabinda Airport,Cabinda,AO,-5.59699,12.1884,Africa/Luanda
CAC,SBCA,Cascavel Airport,Cascavel,BR,-25.0003,-53.5008,America/Sao_Paulo
CAD,KCAD,Wexford County Airport,Cadillac,US,44.2753,-85.4189,America/Detroit
CAE,KCAE,Columbia Metropolitan Airport,Columbia,US,33.9388,-81.1195,America/New_York
CAF,SWCA,Carauari Airport,Carauari,BR,-4.87152,-66.8975,America/Manaus
CAG,LIEE,Cagliari / Elmas Airport,Cagliari,IT,39.2515,9.05428,Europe/Rome
CAH,VVCM,Ca Mau Airport,Ca Mau City,VN,9.17767,105.17778,Asia/Ho_Chi_Minh
CAI,HECA,Cairo International Airport,Cairo,EG,30.1219,31.4056,Africa/Cairo
CAJ,SVCN,Canaima Airport,Canaima,VE,6.23199,-62.85443,America/Caracas
CAK,KCAK,Akron Canton Regional Airport,Akron,US,40.9161,-81.4422,America/New_York
CAL,EGEC,Campbeltown Airport,Campbeltown,GB,55.4372,-5.68639,Europe/London
CAM,SLCA,Camiri Airport,Camiri,BO,-20.0064,-63.5278,America/La_Paz
CAN,ZGGG,Guangzhou Baiyun International Airport,Guangzhou,CN,23.3924,113.299,Asia/Shanghai
CAO,KCAO,Clayton Municipal Airpark,Clayton,US,36.4462,-103.167,America/Denver
CAP,MTCH,Cap Haitien International Airport,Cap Haitien,HT,19.733,-72.1947,America/Port-au-Prince
CAQ,SKCU,Juan H White Airport,Caucasia,CO,7.96847,-75.1985,America/Bogota
CAR,KCAR,Caribou Municipal Airport,Caribou,US,46.8715,-68.0179,America/New_York
CAS,GMMC,Anfa Airport,Casablanca,MA,33.5533,-7.66139,Africa/Casablanca
CAT,LPCS,Cascais Airport,Cascais,PT,38.725,-9.35523,Europe/Lisbon
CAU,SNRU,Caruaru Airport,Caruaru,BR,-8.28239,-36.0135,America/Recife
CAV,FNCZ,Cazombo Airport,Cazombo,AO,-11.8931,22.9164,Africa/Luanda
CAW,SBCP,Bartolomeu Lisandro Airport,Campos Dos Goytacazes,BR,-21.6983,-41.3017,America/Sao_Paulo
CAX,EGNC,Carlisle Airport,Carlisle,GB,54.9375,-2.80917,Europe/London
CAY,SOCA,Cayenne-Rochambeau Airport,Cayenne / Rochambeau,GF,4.81981,-52.3604,America/Cayenne
CAZ,YCBA,Cobar Airport,Cobar,AU,-31.5383,145.79401,Australia/Sydney
CBB,SLCB,Jorge Wilsterman International Airport,Cochabamba,BO,-17.4211,-66.1771,America/La_Paz
CBD,VOCX,Car Nicobar Air Force Station,Car Nicobar,IN,9.15251,92.8196,Asia/Kolkata
CBE,KCBE,Greater Cumberland Regional Airport,Cumberland,US,39.6154,-78.7609,America/New_York
CBF,KCBF,Council Bluffs Municipal Airport,Council Bluffs,US,41.2592,-95.7606,America/Chicago
CBG,EGSC,Cambridge Airport,Cambridge,GB,52.205,0.175,Europe/London
CBH,DAOR,Bechar Boudghene Ben Ali Lotfi Airport,Bechar,DZ,31.6457,-2.26986,Africa/Algiers
CBI,YCBN,Cape Barren Island Airport,,AU,-40.3917,148.017,Australia/Hobart
CBJ,MDCR,Cabo Rojo Airport,Cabo Rojo,DO,17.929,-71.6448,America/Santo_Domingo
CBK,KCBK,Shalz Field,Colby,US,39.4275,-101.047,America/Chicago
CBL,SVCB,Ciudad Bolivar Airport,Ciudad Bolivar,VE,8.12216,-63.53696,America/Caracas
CBM,KCBM,Columbus Air Force Base,Columbus,US,33.6438,-88.4438,America/Chicago
CBN,WICD,Penggung Airport,Cirebon-Java Island,ID,-6.75614,108.54,Asia/Jakarta
CBO,RPMC,Awang Airport,Cotabato City,PH,7.16524,124.21,Asia/Manila
CBP,LPCO,Coimbra Airport,Coimbra,PT,40.1572,-8.47,Europe/Lisbon
CBQ,DNCA,Margaret Ekpo International Airport,Calabar,NG,4.97602,8.3472,Africa/Lagos
CBR,YSCB,Canberra International Airport,Canberra,AU,-35.3069,149.19501,Australia/Sydney
CBS,SVON,Oro Negro Airport,Cabimas,VE,10.3307,-71.3225,America/Caracas
CBT,FNCT,Catumbela Airport,Catumbela,AO,-12.4792,13.4869,Africa/Luanda
CBU,EDCD,Cottbus-Drewitz Airport,Cottbus,DE,51.88944,14.53194,Europe/Berlin
CBV,MGCB,Coban Airport,Coban,GT,15.469,-90.4067,America/Guatemala
CBW,SSKM,Campo Mourao Airport,Campo Mourao,BR,-24.0092,-52.3568,America/Sao_Paulo
CBX,YCDO,Condobolin Airport,Condobolin,AU,-33.0644,147.209,Australia/Sydney
CBY,YCBE,Canobie Airport,Canobie,AU,-19.4794,140.927,Australia/Brisbane
CCB,KCCB,Cable Airport,Upland,US,34.1116,-117.688,America/Los_Angeles
CCC,MUCC,Jardines Del Rey Airport,Cayo Coco,CU,22.461,-78.3284,America/Havana
CCE,HECP,Cairo Capital International Airport,New Administrative Capital,EG,30.07583,31.83333,Africa/Cairo
CCF,LFMK,Carcassonne Airport,Carcassonne/Salvaza,FR,43.216,2.30632,Europe/Paris
CCG,KE13,Crane County Airport,Crane,US,31.4151,-102.363,America/Chicago
CCH,SCCC,Chile Chico Airport,Chile Chico,CL,-46.5833,-71.6874,America/Santiago
CCI,SSCK,Concordia Airport,Concordia,BR,-27.1806,-52.0527,America/Sao_Paulo
CCJ,VOCL,Calicut International Airport,Calicut,IN,11.1368,75.9553,Asia/Kolkata
CCK,YPCC,Cocos (Keeling) Islands Airport,Cocos (Keeling) Islands,CC,-12.1883,96.8339,Indian/Cocos
CCL,YCCA,Chinchilla Airport,Chinchilla,AU,-26.775,150.617,Australia/Brisbane
CCM,SBCM,Forquilhinha - Criciuma Airport,Criciuma,BR,-28.72444,-49.42139,America/Sao_Paulo
CCN,OACC,Chakcharan Airport,Chakcharan,AF,34.533,65.267,Asia/Kabul
CCO,SKCI,Carimagua Airport,Puerto Lopez,CO,4.56417,-71.3364,America/Bogota
CCP,SCIE,Carriel Sur Airport,Concepcion,CL,-36.7727,-73.0631,America/Santiago
CCR,KCCR,Buchanan Field,Concord,US,37.9897,-122.057,America/Los_Angeles
CCS,SVMI,Maiquetia (Simon Bolivar Internacional) Airport,Caracas,VE,10.60312,-66.99059,America/Caracas
CCT,SA30,Colonia Catriel Airport,Colonia Catriel,AR,-37.9102,-67.835,America/Argentina/Salta
CCU,VECC,Netaji Subhash Chandra Bose International Airport,Kolkata,IN,22.6547,88.4467,Asia/Kolkata
CCV,NVSF,Craig Cove Airport,Craig Cove,VU,-16.265,167.924,Pacific/Efate
CCW,YCWL,Cowell Airport,Cowell,AU,-33.6667,136.892,Australia/Adelaide
CCX,SWKC,Caceres Airport,Caceres,BR,-16.0436,-57.6299,America/Cuiaba
CCY,KCCY,Northeast Iowa Regional Airport,Charles City,US,43.0726,-92.6108,America/Chicago
CCZ,MYBC,Chub Cay Airport,Chub Cay,BS,25.4171,-77.8809,America/Nassau
CDA,YCOO,Cooinda Airport,,AU,-12.9033,132.532,Australia/Darwin
CDB,PACD,Cold Bay Airport,Cold Bay,US,55.2061,-162.72501,America/Nome
CDC,KCDC,Cedar City Regional Airport,Cedar City,US,37.701,-113.099,America/Denver
CDD,MHCU,Cauquira Airport,Cauquira,HN,15.31667,-83.59167,America/Tegucigalpa
CDE,ZBCD,Chengde Puning Airport,Chengde,CN,41.12292,118.07134,Asia/Shanghai
CDF,LIDI,Cortina Airport,Cortina D'Ampezzo,IT,46.573,12.118,Europe/Rome
CDG,LFPG,Charles de Gaulle International Airport,Paris,FR,49.0128,2.55,Europe/Paris
CDH,KCDH,Harrell Field,Camden,US,33.6228,-92.7634,America/Chicago
CDI,SNKI,Cachoeiro do Itapemirim Airport,Cachoeiro Do Itapemirim,BR,-20.8343,-41.1856,America/Sao_Paulo
CDJ,SBAA,Conceicao do Araguaia Airport,Conceicao Do Araguaia,BR,-8.34835,-49.3015,America/Araguaina
CDK,KCDK,George T Lewis Airport,Cedar Key,US,29.13526,-83.04839,America/New_York
CDL,AK75,Candle 2 Airport,Candle,US,65.9077,-161.92599,America/Anchorage
CDN,KCDN,Woodward Field,Camden,US,34.2836,-80.5649,America/New_York
CDO,FACD,Cradock Airport,Cradock,ZA,-32.1567,25.6456,Africa/Johannesburg
CDP,VOCP,Cuddapah Airport,Kadapa,IN,14.51,78.7728,Asia/Kolkata
CDQ,YCRY,Croydon Airport,,AU,-18.225,142.258,Australia/Brisbane
CDR,KCDR,Chadron Municipal Airport,Chadron,US,42.8376,-103.095,America/Denver
CDS,KCDS,Childress Municipal Airport,Childress,US,34.4338,-100.288,America/Chicago
CDT,LECH,Castellón–Costa Azahar Airport,Castellón,ES,40.20972,0.06972,Europe/Madrid
CDU,YSCN,Camden Airport,Camden,AU,-34.0403,150.687,Australia/Sydney
CDV,PACV,Merle K (Mudhole) Smith Airport,Cordova,US,60.4918,-145.478,America/Anchorage
CDW,KCDW,Essex County Airport,Caldwell,US,40.8752,-74.2814,America/New_York
CDY,RPMU,Cagayan de Sulu Airport,Mapun,PH,7.014,118.496,Asia/Manila
CEA,KCEA,Cessna Acft Field,Wichita,US,37.6486,-97.2506,America/Chicago
CEB,RPVM,Mactan Cebu International Airport,Lapu-Lapu City,PH,10.3075,123.979,Asia/Manila
CEC,KCEC,Jack Mc Namara Field Airport,Crescent City,US,41.7802,-124.237,America/Los_Angeles
CED,YCDU,Ceduna Airport,Ceduna,AU,-32.1306,133.71001,Australia/Adelaide
CEE,ULWC,Cherepovets Airport,Cherepovets,RU,59.27667,38.02833,Europe/Moscow
CEF,KCEF,Westover ARB/Metropolitan Airport,Springfield/Chicopee,US,42.194,-72.5348,America/New_York
CEG,EGNR,Hawarden Airport,Hawarden,GB,53.1781,-2.97778,Europe/London
CEH,FWCD,Chelinda Malawi Airport,Chelinda,MW,-10.55,33.8,Africa/Blantyre
CEI,VTCT,Chiang Rai International Airport,Chiang Rai,TH,19.9523,99.8829,Asia/Bangkok
CEK,USCC,Chelyabinsk Balandino Airport,Chelyabinsk,RU,55.3058,61.5033,Asia/Yekaterinburg
CEL,SSCN,Canela Airport,Canela,BR,-29.3702,-50.832,America/Sao_Paulo
CEM,PACE,Central Airport,Central,US,65.5738,-144.783,America/Anchorage
CEN,MMCN,Ciudad Obregon International Airport,Ciudad Obregon,MX,27.3926,-109.833,America/Hermosillo
CEO,FNWK,Waco Kungo Airport,Waco Kungo,AO,-11.4264,15.1014,Africa/Luanda
CEP,SLCP,Concepcion Airport,Concepcion,BO,-16.1383,-62.0286,America/La_Paz
CEQ,LFMD,Cannes-Mandelieu Airport,Cannes/Mandelieu,FR,43.542,6.95348,Europe/Paris
CER,LFRC,Cherbourg-Maupertus Airport,Cherbourg/Maupertus,FR,49.6501,-1.47028,Europe/Paris
CES,YCNK,Cessnock Airport,Cessnock,AU,-32.7875,151.342,Australia/Sydney
CET,LFOU,Cholet Le Pontreau Airport,Cholet/Le Pontreau,FR,47.0821,-0.87706,Europe/Paris
CEU,KCEU,Oconee County Regional Airport,Clemson,US,34.6719,-82.8865,America/New_York
CEV,KCEV,Mettel Field,Connersville,US,39.6985,-85.1297,America/Indiana/Indianapolis
CEW,KCEW,Bob Sikes Airport,Crestview,US,30.7788,-86.5221,America/Chicago
CEX,AK13,Chena Hot Springs Airport,Chena Hot Springs,US,65.0518,-146.047,America/Anchorage
CEY,KCEY,Kyle Oakley Field,Murray,US,36.6646,-88.3728,America/Chicago
CEZ,KCEZ,Cortez Municipal Airport,Cortez,US,37.303,-108.628,America/Denver
CFB,SBCB,Cabo Frio Airport,Cabo Frio,BR,-22.9217,-42.0743,America/Sao_Paulo
CFC,SBCD,Caçador Airport,Caçador,BR,-26.78806,-50.94,America/Sao_Paulo
CFD,KCFD,Coulter Field,Bryan,US,30.7157,-96.3314,America/Chicago
CFE,LFLC,Clermont-Ferrand Auvergne Airport,Clermont-Ferrand/Auvergne,FR,45.7867,3.16917,Europe/Paris
CFF,FNCF,Cafunfo Airport,Cafunfo,AO,-8.78361,17.9897,Africa/Luanda
CFG,MUCF,Jaime Gonzalez Airport,Cienfuegos,CU,22.15,-80.4142,America/Havana
CFH,YCFH,Clifton Hills Landing Strip,Clifton Hills Station,AU,-27.01588,138.89275,Australia/Adelaide
CFI,YCFD,Camfield Airport,,AU,-17.0217,131.327,Australia/Darwin
CFK,DAOI,Chlef Aboubakr Belkaid Airport,Chlef,DZ,36.21683,1.34074,Africa/Algiers
CFN,EIDL,Donegal Airport,Donegal,IE,55.0442,-8.341,Europe/Dublin
CFO,SJHG,Confresa Airport,Confresa,BR,-10.6344,-51.5636,America/Cuiaba
CFR,LFRK,Caen-Carpiquet Airport,Caen/Carpiquet,FR,49.1733,-0.45,Europe/Paris
CFS,YSCH,Coffs Harbour Airport,Coffs Harbour,AU,-30.3206,153.116,Australia/Sydney
CFT,KCFT,Greenlee County Airport,Clifton/Morenci,US,32.9528,-109.21,America/Phoenix
CFU,LGKR,Ioannis Kapodistrias International Airport,Kerkyra Island,GR,39.6019,19.9117,Europe/Athens
CFV,KCFV,Coffeyville Municipal Airport,Coffeyville,US,37.094,-95.5719,America/Chicago
CGB,SBCY,Marechal Rondon Airport,Cuiaba,BR,-15.6529,-56.1167,America/Cuiaba
CGC,AYCG,Cape Gloucester Airport,Cape Gloucester,PG,-5.45512,148.42308,Pacific/Port_Moresby
CGD,ZGCD,Changde Airport,Changde,CN,28.9189,111.64,Asia/Shanghai
CGE,KCGE,Cambridge Dorchester Airport,Cambridge,US,38.5393,-76.0304,America/New_York
CGF,KCGF,Cuyahoga County Airport,Cleveland,US,41.5651,-81.4864,America/New_York
CGH,SBSP,Congonhas Airport,Sao Paulo,BR,-23.62611,-46.65639,America/Sao_Paulo
CGI,KCGI,Cape Girardeau Regional Airport,Cape Girardeau,US,37.2253,-89.5708,America/Chicago
CGJ,FLKE,Kasompe Airport,Kasompe,ZM,-12.5728,27.8939,Africa/Lusaka
CGK,WIII,Soekarno-Hatta International Airport,Jakarta,ID,-6.12557,106.656,Asia/Jakarta
CGM,RPMH,Camiguin Airport,Mambajao,PH,9.25352,124.707,Asia/Manila
CGN,EDDK,Cologne Bonn Airport,Cologne,DE,50.8659,7.14274,Europe/Berlin
CGO,ZHCC,Xinzheng Airport,Zhengzhou,CN,34.5197,113.841,Asia/Shanghai
CGP,VGEG,Shah Amanat International Airport,Chittagong,BD,22.2496,91.8133,Asia/Dhaka
CGQ,ZYCC,Longjia Airport,Changchun,CN,43.9962,125.685,Asia/Shanghai
CGR,SBCG,Campo Grande Airport,Campo Grande,BR,-20.4687,-54.6725,America/Campo_Grande
CGS,KCGS,College Park Airport,College Park,US,38.9806,-76.9223,America/New_York
CGV,YCAG,Caiguna Airport,Caiguna,AU,-32.265,125.493,Australia/Eucla
CGY,RPMY,Laguindingan Airport,Laguindingan,PH,8.61234,124.45769,Asia/Manila
CGZ,KCGZ,Casa Grande Municipal Airport,Casa Grande,US,32.9549,-111.767,America/Phoenix
CHA,KCHA,Lovell Field,Chattanooga,US,35.0353,-85.2038,America/New_York
CHB,OPCL,Chilas Airport,Chilas,PK,35.4267,74.0817,Asia/Karachi
CHC,NZCH,Christchurch International Airport,Christchurch,NZ,-43.4894,172.532,Pacific/Auckland
CHF,RKPE,Jinhae Airport,Jinhae,KR,35.1412,128.696,Asia/Seoul
CHG,ZYCY,Chaoyang Airport,Chaoyang,CN,41.5381,120.435,Asia/Shanghai
CHH,SPPY,Chachapoyas Airport,Chachapoyas,PE,-6.20181,-77.8561,America/Lima
CHJ,FVCH,Chipinge Airport,Chipinge,ZW,-20.2067,32.6283,Africa/Harare
CHK,KCHK,Chickasha Municipal Airport,Chickasha,US,35.0974,-97.9677,America/Chicago
CHL,KLLJ,Challis Airport,Challis,US,44.523,-114.218,America/Boise
CHM,SPEO,Teniente FAP Jaime A De Montreuil Morales Airport,Chimbote,PE,-9.14961,-78.5238,America/Lima
CHN,RKJU,Jeon Ju Airport,Jeon Ju,KR,35.8784,127.12,Asia/Seoul
CHO,KCHO,Charlottesville Albemarle Airport,Charlottesville,US,38.1386,-78.4529,America/New_York
CHQ,LGSA,Chania International Airport,Souda,GR,35.5317,24.1497,Europe/Athens
CHR,LFLX,Chateauroux-Deols Marcel Dassault Airport,Chateauroux/Deols,FR,46.8622,1.73067,Europe/Paris
CHS,KCHS,Charleston Air Force Base-International Airport,Charleston,US,32.8986,-80.0405,America/New_York
CHT,NZCI,Chatham Islands-Tuuta Airport,Waitangi,NZ,-43.81,-176.457,Pacific/Chatham
CHU,PACH,Chuathbaluk Airport,Chuathbaluk,US,61.5791,-159.216,America/Anchorage
CHV,LPCH,Chaves Airport,Chaves,PT,41.72232,-7.46315,Europe/Lisbon
CHX,MPCH,Cap Manuel Nino International Airport,Changuinola,PA,9.45864,-82.5168,America/Panama
CHY,AGGC,Choiseul Bay Airport,,SB,-6.71194,156.39611,Pacific/Guadalcanal
CIA,LIRA,Ciampino Airport,Roma,IT,41.7994,12.5949,Europe/Rome
CIC,KCIC,Chico Municipal Airport,Chico,US,39.7954,-121.858,America/Los_Angeles
CID,KCID,The Eastern Iowa Airport,Cedar Rapids,US,41.8847,-91.7108,America/Chicago
CIE,YCOI,Collie Airport,,AU,-33.3667,116.217,Australia/Perth
CIF,ZBCF,Chifeng Airport,Chifeng,CN,42.235,118.908,Asia/Shanghai
CIG,KCAG,Craig Moffat Airport,Craig,US,40.4952,-107.522,America/Denver
CIH,ZBCZ,Changzhi Airport,Changzhi,CN,36.2475,113.126,Asia/Shanghai
CII,LTBD,Cildir Airport,Aydin,TR,37.815,27.8953,Europe/Istanbul
CIJ,SLCO,Capitan Anibal Arab Airport,Cobija,BO,-11.0404,-68.783,America/La_Paz
CIK,PACI,Chalkyitsik Airport,Chalkyitsik,US,66.645,-143.74001,America/Anchorage
CIM,SKCM,Cimitarra Airport,Cimitarra,CO,6.367,-73.967,America/Bogota
CIN,KCIN,Arthur N Neu Airport,Carroll,US,42.0462,-94.789,America/Chicago
CIO,SGCO,Teniente Col Carmelo Peralta Airport,Concepcion,PY,-23.44,-57.43,America/Asuncion
CIP,FLCP,Chipata Airport,Chipata,ZM,-13.5583,32.5872,Africa/Lusaka
CIQ,MGCQ,Chiquimula Airport,Chiquimula,GT,14.83092,-89.52094,America/Guatemala
CIR,KCIR,Cairo Regional Airport,Cairo,US,37.0645,-89.2196,America/Chicago
CIS,PCIS,Canton Airport,Abariringa,KI,-2.76812,-171.71001,Pacific/Kanton
CIT,UAII,Shymkent Airport,Shymkent,KZ,42.3642,69.4789,Asia/Almaty
CIU,KCIU,Chippewa County International Airport,Sault Ste Marie,US,46.2508,-84.4724,America/Detroit
CIW,TVSC,Canouan Airport,Canouan,VC,12.699,-61.3424,America/St_Vincent
CIX,SPHI,Capitan FAP Jose A Quinones Gonzales International Airport,Chiclayo,PE,-6.78748,-79.8281,America/Lima
CIY,LICB,Comiso Airport Vincenzo Magliocco,Comiso,IT,36.9946,14.60718,Europe/Rome
CIZ,SWKO,Coari Airport,Coari,BR,-4.13406,-63.1326,America/Manaus
CJA,SPJR,Mayor General FAP Armando Revoredo Iglesias Airport,Cajamarca,PE,-7.13918,-78.4894,America/Lima
CJB,VOCB,Coimbatore International Airport,Coimbatore,IN,11.03,77.0434,Asia/Kolkata
CJC,SCCF,El Loa Airport,Calama,CL,-22.4982,-68.9036,America/Santiago
CJF,YCWA,Coondewanna Wa Airport,,AU,-22.96667,118.80222,Australia/Perth
CJJ,RKTU,Cheongju International Airport,Cheongju,KR,36.7166,127.499,Asia/Seoul
CJL,OPCH,Chitral Airport,Chitral,PK,35.8866,71.8006,Asia/Karachi
CJM,VTSE,Chumphon Airport,Chumphon,TH,10.7112,99.3617,Asia/Bangkok
CJS,MMCS,Abraham Gonzalez International Airport,Ciudad Juarez,MX,31.6361,-106.429,America/Ciudad_Juarez
CJT,MMCO,Comitan Airport,Comitan,MX,16.1767,-92.0506,America/Mexico_City
CJU,RKPC,Jeju International Airport,Jeju City,KR,33.5113,126.493,Asia/Seoul
CKA,KCKA,Kegelman Af Aux Field,Cherokee,US,36.7439,-98.1231,America/Chicago
CKB,KCKB,North Central West Virginia Airport,Clarksburg,US,39.2966,-80.2281,America/New_York
CKC,UKKE,Cherkasy International Airport,Cherkasy,UA,49.4156,31.9953,Europe/Kyiv
CKG,ZUCK,Chongqing Jiangbei International Airport,Chongqing,CN,29.7192,106.642,Asia/Shanghai
CKH,UESO,Chokurdakh Airport,Chokurdah,RU,70.6231,147.90199,Asia/Srednekolymsk
CKI,YCKI,Croker Island Airport,Minjilang,AU,-11.165,132.483,Australia/Darwin
CKK,KCVK,Sharp County Regional Airport,Ash Flat,US,36.2649,-91.5626,America/Chicago
CKL,UUMU,Chkalovskiy Airport,Moscow,RU,55.8783,38.0617,Europe/Moscow
CKM,KCKM,Fletcher Field,Clarksdale,US,34.2997,-90.5123,America/Chicago
CKN,KCKN,Crookston Municipal Kirkwood Field,Crookston,US,47.8417,-96.6216,America/Chicago
CKO,SSCP,Cornelio Procopio Airport,Cornelio Procopio,BR,-23.1525,-50.6025,America/Sao_Paulo
CKS,SBCJ,Carajas Airport,Carajas,BR,-6.11528,-50.00139,America/Belem
CKT,OIMC,Sarakhs Airport,Sarakhs,IR,36.5012,61.0649,Asia/Tehran
CKV,KCKV,Outlaw Field,Clarksville,US,36.6219,-87.415,America/Chicago
CKW,YCHK,Graeme Rowley Aerodrome,Christmas Creek mine,AU,-22.35556,119.65222,Australia/Perth
CKY,GUCY,Conakry Airport,Conakry,GN,9.57689,-13.612,Africa/Conakry
CKZ,LTBH,Canakkale Airport,Canakkale,TR,40.1377,26.4268,Europe/Istanbul
CLA,VGCM,Comilla Airport,Comilla,BD,23.4372,91.1897,Asia/Dhaka
CLB,EICB,Castlebar Airport,Castlebar,IE,53.8484,-9.28037,Europe/Dublin
CLD,KCRQ,Mc Clellan-Palomar Airport,Carlsbad,US,33.1283,-117.28,America/Los_Angeles
CLE,KCLE,Cleveland Hopkins International Airport,Cleveland,US,41.4117,-81.8498,America/New_York
CLH,YCAH,Coolah Airport,Coolah,AU,-31.7733,149.61,Australia/Sydney
CLI,KCLI,Clintonville Municipal Airport,Clintonville,US,44.6138,-88.7313,America/Chicago
CLJ,LRCL,Cluj-Napoca International Airport,Cluj-Napoca,RO,46.7852,23.6862,Europe/Bucharest
CLK,KCLK,Clinton Regional Airport,Clinton,US,35.5383,-98.9327,America/Chicago
CLL,KCLL,Easterwood Field,College Station,US,30.5886,-96.3638,America/Chicago
CLM,KCLM,William R Fairchild International Airport,Port Angeles,US,48.1202,-123.5,America/Los_Angeles
CLN,SBCI,Brig. Lysias Augusto Rodrigues Airport,Carolina,BR,-7.32044,-47.4587,America/Fortaleza
CLO,SKCL,Alfonso Bonilla Aragon International Airport,Cali,CO,3.54322,-76.3816,America/Bogota
CLP,PFCL,Clarks Point Airport,Clarks Point,US,58.8337,-158.52901,America/Anchorage
CLQ,MMIA,Lic. Miguel de la Madrid Airport,Colima,MX,19.277,-103.577,America/Mexico_City
CLR,KCLR,Cliff Hatfield Memorial Airport,Calipatria,US,33.1315,-115.521,America/Los_Angeles
CLS,KCLS,Chehalis Centralia Airport,Chehalis,US,46.677,-122.983,America/Los_Angeles
CLT,KCLT,Charlotte Douglas International Airport,Charlotte,US,35.214,-80.9431,America/New_York
CLU,KBAK,Columbus Municipal Airport,Columbus,US,39.2619,-85.8963,America/Indiana/Indianapolis
CLV,SBCN,Caldas Novas Airport,Caldas Novas,BR,-17.7253,-48.6075,America/Sao_Paulo
CLW,KCLW,Clearwater Air Park,Clearwater,US,27.9767,-82.7587,America/New_York
CLX,SATC,Clorinda Airport,Clorinda,AR,-25.3036,-57.7344,America/Argentina/Cordoba
CLY,LFKC,Calvi-Sainte-Catherine Airport,Calvi/Sainte-Catherine,FR,42.5308,8.79319,Europe/Paris
CLZ,SVCL,Calabozo Airport,Guarico,VE,8.92466,-67.41709,America/Caracas
CMA,YCMU,Cunnamulla Airport,Cunnamulla,AU,-28.03,145.62199,Australia/Brisbane
CMB,VCBI,Bandaranaike International Colombo Airport,Colombo,LK,7.18076,79.8841,Asia/Colombo
CMC,SNWC,Camocim Airport,Camocim,BR,-2.89618,-40.858,America/Fortaleza
CMD,YCTM,Cootamundra Airport,Cootamundra,AU,-34.6239,148.028,Australia/Sydney
CME,MMCE,Ciudad del Carmen International Airport,Ciudad del Carmen,MX,18.6537,-91.799,America/Merida
CMF,LFLB,Chambery-Savoie Airport,Chambery/Aix-les-Bains,FR,45.6381,5.88023,Europe/Paris
CMG,SBCR,Corumba International Airport,Corumba,BR,-19.01194,-57.67139,America/Campo_Grande
CMH,KCMH,John Glenn Columbus International Airport,Columbus,US,39.998,-82.8919,America/New_York
CMI,KCMI,University of Illinois Willard Airport,Champaign/Urbana,US,40.0392,-88.2781,America/Chicago
CMJ,RCCM,Qimei Airport,Qimei,TW,23.21306,119.4175,Asia/Taipei
CMK,FWCM,Club Makokola Airport,Club Makokola,MW,-14.3069,35.1325,Africa/Blantyre
CML,YCMW,Camooweal Airport,Camooweal,AU,-19.9117,138.125,Australia/Brisbane
CMM,MGCR,Carmelita Airport,Carmelita,GT,17.4612,-90.0537,America/Guatemala
CMN,GMMN,Mohammed V International Airport,Casablanca,MA,33.3675,-7.58997,Africa/Casablanca
CMO,HCMO,Obbia Airport,Obbia,SO,5.36667,48.51667,Africa/Mogadishu
CMP,SNKE,Santana do Araguaia Airport,Santana Do Araguaia,BR,-9.31997,-50.3285,America/Belem
CMQ,YCMT,Clermont Airport,Clermont,AU,-22.7731,147.621,Australia/Brisbane
CMR,LFGA,Colmar-Houssen Airport,Colmar/Houssen,FR,48.1099,7.35901,Europe/Paris
CMS,HCMS,Scusciuban Airport,Scusciuban,SO,10.3,50.233,Africa/Mogadishu
CMU,AYCH,Chimbu Airport,Kundiawa,PG,-6.02429,144.97099,Pacific/Port_Moresby
CMV,NZCX,Coromandel Aerodrome,Coromandel,NZ,-36.7917,175.509,Pacific/Auckland
CMW,MUCM,Ignacio Agramonte International Airport,Camaguey,CU,21.4203,-77.8475,America/Havana
CMX,KCMX,Houghton County Memorial Airport,Hancock,US,47.1684,-88.4891,America/Detroit
CMY,KCMY,Sparta Fort Mc Coy Airport,Sparta,US,43.9583,-90.7379,America/Chicago
CNA,MMCA,Cananea Airport,Cananea,MX,31.06615,-110.09788,America/Hermosillo
CNB,YCNM,Coonamble Airport,Coonamble,AU,-30.9833,148.37601,Australia/Sydney
CNC,YCCT,Coconut Island Airport,,AU,-10.05,143.07001,Australia/Brisbane
CND,LRCK,Mihail Kogalniceanu International Airport,Constanta,RO,44.3622,28.4883,Europe/Bucharest
CNF,SBCF,Tancredo Neves International Airport,Belo Horizonte,BR,-19.62444,-43.97194,America/Sao_Paulo
CNG,LFBG,Cognac-Chateaubernard (BA 709) Air Base,Cognac/Chateaubernard,FR,45.6583,-0.3175,Europe/Paris
CNH,KCNH,Claremont Municipal Airport,Claremont,US,43.3704,-72.3687,America/New_York
CNI,ZYCH,Changhai Airport,Changhai,CN,39.26667,122.66694,Asia/Shanghai
CNJ,YCCY,Cloncurry Airport,Cloncurry,AU,-20.6686,140.504,Australia/Brisbane
CNK,KCNK,Blosser Municipal Airport,Concordia,US,39.5493,-97.6523,America/Chicago
CNL,EKSN,Sindal Airport,Sindal,DK,57.5035,10.2294,Europe/Copenhagen
CNM,KCNM,Cavern City Air Terminal,Carlsbad,US,32.3375,-104.263,America/Denver
CNN,VOKN,Kannur International Airport,Mattanur,IN,11.92,75.55,Asia/Kolkata
CNO,KCNO,Chino Airport,Chino,US,33.9747,-117.637,America/Los_Angeles
CNP,BGCO,Neerlerit Inaat Airport,Neerlerit Inaat,GL,70.7431,-22.6505,America/Scoresbysund
CNQ,SARC,Corrientes Airport,Corrientes,AR,-27.4455,-58.7619,America/Argentina/Cordoba
CNR,SCRA,Chanaral Airport,Chanaral,CL,-26.3325,-70.6073,America/Santiago
CNS,YBCS,Cairns International Airport,Cairns,AU,-16.8858,145.755,Australia/Brisbane
CNU,KCNU,Chanute Martin Johnson Airport,Chanute,US,37.6688,-95.4851,America/Chicago
CNV,SNED,Canavieiras Airport,Canavieiras,BR,-15.667,-38.9547,America/Bahia
CNW,KCNW,TSTC Waco Airport,Waco,US,31.6378,-97.0741,America/Chicago
CNX,VTCC,Chiang Mai International Airport,Chiang Mai,TH,18.7668,98.9626,Asia/Bangkok
CNY,KCNY,Canyonlands Field,Moab,US,38.755,-109.755,America/Denver
COC,SAAC,Comodoro Pierrestegui Airport,Concordia,AR,-31.2969,-57.9966,America/Argentina/Cordoba
COD,KCOD,Yellowstone Regional Airport,Cody,US,44.5202,-109.024,America/Denver
COE,KCOE,Coeur D'Alene - Pappy Boyington Field,Coeur d'Alene,US,47.7743,-116.82,America/Los_Angeles
COF,KCOF,Patrick Air Force Base,Cocoa Beach,US,28.2349,-80.6101,America/New_York
COG,SKCD,Mandinga Airport,Condoto,CO,5.08333,-76.7,America/Bogota
COH,VECO,Cooch Behar Airport,Cooch Behar,IN,26.3305,89.4672,Asia/Kolkata
COI,KCOI,Merritt Island Airport,Merritt Island,US,28.3416,-80.6855,America/New_York
COJ,YCBB,Coonabarabran Airport,Coonabarabran,AU,-31.3325,149.267,Australia/Sydney
COK,VOCI,Cochin International Airport,Cochin,IN,10.152,76.4019,Asia/Kolkata
COL,EGEL,Coll Airport,Coll Island,GB,56.6019,-6.61778,Europe/London
COM,KCOM,Coleman Municipal Airport,Coleman,US,31.8411,-99.4036,America/Chicago
CON,KCON,Concord Municipal Airport,Concord,US,43.2027,-71.5023,America/New_York
COO,DBBB,Cadjehoun Airport,Cotonou,BJ,6.35723,2.38435,Africa/Porto-Novo
COQ,ZMCD,Choibalsan Airport,Choibalsan,MN,48.1357,114.646,Asia/Choibalsan
COR,SACO,Ingeniero Ambrosio Taravella Airport,Cordoba,AR,-31.3236,-64.208,America/Argentina/Cordoba
COS,KCOS,City of Colorado Springs Municipal Airport,Colorado Springs,US,38.8058,-104.701,America/Denver
COT,KCOT,Cotulla-La Salle County,Cotulla,US,28.4567,-99.2203,America/Chicago
COU,KCOU,Columbia Regional Airport,Columbia,US,38.8181,-92.2196,America/Chicago
COV,LTDB,Çukurova International Airport,Tarsus,TR,36.89292,35.07197,Europe/Istanbul
COW,SCCQ,Tambillos Airport,Coquimbo,CL,-30.19889,-71.24694,America/Santiago
COX,MYAK,Congo Town Airport,Andros,BS,24.1587,-77.5898,America/Nassau
COY,YCWY,Coolawanyah Airport,,AU,-21.7833,117.8,Australia/Perth
COZ,MDCZ,Constanza Dom Re Airport,Costanza,DO,18.9075,-70.7219,America/Santo_Domingo
CPA,GLCP,Cape Palmas Airport,Harper,LR,4.37902,-7.69695,Africa/Monrovia
CPB,SKCA,Capurgana Airport,Capurgana,CO,8.63333,-77.35,America/Bogota
CPC,SAZY,Aviador C. Campos Airport,Chapelco/San Martin de los Andes,AR,-40.0754,-71.1373,America/Argentina/Salta
CPD,YCBP,Coober Pedy Airport,Coober Pedy,AU,-29.04,134.72099,Australia/Adelaide
CPE,MMCP,Ingeniero Alberto Acuna Ongay International Airport,Campeche,MX,19.8168,-90.5003,America/Merida
CPF,WARC,Cepu Airport,Tjepu-Java Island,ID,-7.19484,111.54817,Asia/Jakarta
CPH,EKCH,Copenhagen Kastrup Airport,Copenhagen,DK,55.6179,12.656,Europe/Copenhagen
CPL,SKHA,Chaparral Airport,Chaparral,CO,3.717,-75.467,America/Bogota
CPM,KCPM,Compton Woodley Airport,Compton,US,33.89,-118.244,America/Los_Angeles
CPO,SCAT,Desierto de Atacama Airport,Copiapo,CL,-27.2612,-70.7792,America/Santiago
CPP,SCKP,Coposa Airport,Pica,CL,-20.7505,-68.6835,America/Santiago
CPQ,SDAM,Amarais Airport,Campinas,BR,-22.8592,-47.1082,America/Sao_Paulo
CPR,KCPR,Casper-Natrona County International Airport,Casper,US,42.908,-106.464,America/Denver
CPS,KCPS,St Louis Downtown Airport,Cahokia/St Louis,US,38.5707,-90.1562,America/Chicago
CPT,FACT,Cape Town International Airport,Cape Town,ZA,-33.9648,18.6017,Africa/Johannesburg
CPU,SNCU,Cururupu Airport,Cururupu,BR,-1.82111,-44.86694,America/Fortaleza
CPV,SBKG,Presidente Joao Suassuna Airport,Campina Grande,BR,-7.26992,-35.8964,America/Fortaleza
CPX,TJCP,Benjamin Rivera Noriega Airport,Culebra Island,PR,18.31329,-65.30432,America/Puerto_Rico
CQA,SWEK,Canarana Airport,Canarana,BR,-13.57444,-52.27056,America/Cuiaba
CQD,OIFS,Shahrekord Airport,Shahrekord,IR,32.2972,50.8422,Asia/Tehran
CQF,LFAC,Calais-Dunkerque Airport,Marck,FR,50.9621,1.95476,Europe/Paris
CQM,LERL,Ciudad Real Central Airport,Ciudad Real,ES,38.85639,-3.97,Europe/Madrid
CQS,SWCQ,Costa Marques Airport,Costa Marques,BR,-12.4211,-64.2516,America/Porto_Velho
CQW,ZUWL,Wulong Chongqing Xiannvshan Airport,Wulong,CN,29.46583,107.69222,Asia/Shanghai
CRA,LRCV,Craiova Airport,Craiova,RO,44.3181,23.8886,Europe/Bucharest
CRB,YCBR,Collarenebri Airport,Collarenebri,AU,-29.5217,148.582,Australia/Sydney
CRC,SKGO,Santa Ana Airport,Cartago,CO,4.75818,-75.9557,America/Bogota
CRD,SAVC,General E. Mosconi Airport,Comodoro Rivadavia,AR,-45.7853,-67.4655,America/Argentina/Catamarca
CRE,KCRE,Grand Strand Airport,North Myrtle Beach,US,33.8117,-78.7239,America/New_York
CRF,FEFC,Carnot Airport,Carnot,CF,4.937,15.894,Africa/Bangui
CRG,KCRG,Jacksonville Executive at Craig Airport,Jacksonville,US,30.3363,-81.5144,America/New_York
CRI,MYCI,Colonel Hill Airport,Colonel Hill,BS,22.7456,-74.1824,America/Nassau
CRK,RPLC,Clark International Airport,Angeles City,PH,15.186,120.56,Asia/Manila
CRL,EBCI,Brussels South Charleroi Airport,Brussels,BE,50.4592,4.45382,Europe/Brussels
CRM,RPVF,Catarman National Airport,Catarman,PH,12.5024,124.636,Asia/Manila
CRO,KCRO,Corcoran Airport,Corcoran,US,36.1025,-119.595,America/Los_Angeles
CRP,KCRP,Corpus Christi International Airport,Corpus Christi,US,27.7704,-97.5012,America/Chicago
CRQ,SBCV,Caravelas Airport,Caravelas,BR,-17.6523,-39.2531,America/Bahia
CRR,SANW,Ceres Airport,Ceres,AR,-29.8631,-61.8728,America/Argentina/Cordoba
CRS,KCRS,C David Campbell Field Corsicana Municipal Airport,Corsicana,US,32.0281,-96.4006,America/Chicago
CRT,KCRT,Z M Jack Stell Field,Crossett,US,33.1783,-91.8802,America/Chicago
CRU,TGPZ,Lauriston Airport,Carriacou Island,GD,12.4761,-61.4728,America/Grenada
CRV,LIBC,Crotone Airport,Crotone,IT,38.9972,17.0802,Europe/Rome
CRW,KCRW,Yeager Airport,Charleston,US,38.3731,-81.5932,America/New_York
CRX,KCRX,Roscoe Turner Airport,Corinth,US,34.915,-88.6035,America/Chicago
CRZ,UTAV,Turkmenabat International Airport,Turkmenabat,TM,38.93083,63.56389,Asia/Ashgabat
CSA,EGEY,Colonsay Airstrip,Colonsay,GB,56.0575,-6.24306,Europe/London
CSB,LRCS,Caransebes Airport,Caransebes,RO,45.42,22.2533,Europe/Bucharest
CSC,MRMJ,Mojica Airport,Canas,CR,10.4307,-85.1746,America/Costa_Rica
CSF,LFPC,Creil Air Base,Creil,FR,49.2535,2.51914,Europe/Paris
CSG,KCSG,Columbus Metropolitan Airport,Columbus,US,32.5163,-84.9389,America/New_York
CSH,ULAS,Solovki Airport,Solovetsky Islands,RU,65.03,35.73333,Europe/Moscow
CSI,YCAS,Casino Airport,Casino,AU,-28.8828,153.067,Australia/Sydney
CSK,GOGS,Cap Skirring Airport,Cap Skirring,SN,12.4102,-16.7461,Africa/Dakar
CSL,MMSL,Cabo San Lucas International Airport,Cabo San Lucas,MX,22.9477,-109.937,America/Mazatlan
CSM,KCSM,Clinton Sherman Airport,Clinton,US,35.3398,-99.2005,America/Chicago
CSN,KCXP,Carson Airport,Carson City,US,39.1922,-119.734,America/Los_Angeles
CSO,EDBC,Cochstedt Airport,Magdeburg,DE,51.8564,11.4203,Europe/Berlin
CSQ,KCSQ,Creston Municipal Airport,Creston,US,41.0214,-94.3633,America/Chicago
CSS,SSCL,Cassilandia Airport,Cassilandia,BR,-19.14639,-51.68528,America/Campo_Grande
CSU,SSSC,Santa Cruz do Sul Airport,Santa Cruz Do Sul,BR,-29.6841,-52.4122,America/Sao_Paulo
CSV,KCSV,Crossville Memorial Whitson Field,Crossville,US,35.9513,-85.085,America/Chicago
CSX,ZGHA,Changsha Huanghua Airport,Changsha,CN,28.1892,113.22,Asia/Shanghai
CSY,UWKS,Cheboksary Airport,Cheboksary,RU,56.0903,47.3473,Europe/Moscow
CSZ,SAZC,Brigadier D.H.E. Ruiz Airport,Coronel Suarez,AR,-37.4461,-61.8893,America/Argentina/Buenos_Aires
CTA,LICC,Catania / Fontanarossa Airport,Catania,IT,37.4668,15.0664,Europe/Rome
CTB,KCTB,Cut Bank Municipal Airport,Cut Bank,US,48.6084,-112.376,America/Denver
CTC,SANC,Catamarca Airport,Catamarca,AR,-28.5956,-65.7517,America/Argentina/Catamarca
CTD,MPCE,Alonso Valderrama Airport,Chitre,PA,7.98784,-80.4097,America/Panama
CTF,MGCT,Coatepeque Airport,Coatepeque,GT,14.6942,-91.8825,America/Guatemala
CTG,SKCG,Rafael Nunez International Airport,Cartagena,CO,10.4424,-75.513,America/Bogota
CTH,KMQS,Chester County G O Carlson Airport,Coatesville,US,39.979,-75.8655,America/New_York
CTI,FNCV,Cuito Cuanavale Airport,Cuito Cuanavale,AO,-15.1603,19.1561,Africa/Luanda
CTL,YBCV,Charleville Airport,Charleville,AU,-26.4133,146.26199,Australia/Brisbane
CTM,MMCM,Chetumal International Airport,Chetumal,MX,18.5047,-88.3268,America/Cancun
CTN,YCKN,Cooktown Airport,Cooktown,AU,-15.4447,145.18401,Australia/Brisbane
CTP,SNCP,Carutapera Airport,Carutapera,BR,-1.25028,-46.01722,America/Fortaleza
CTQ,SSVP,Santa Vitoria do Palmar Airport,Santa Vitoria Do Palmar,BR,-33.50222,-53.34417,America/Sao_Paulo
CTS,RJCC,New Chitose Airport,Chitose / Tomakomai,JP,42.7752,141.692,Asia/Tokyo
CTT,LFMQ,Le Castellet Airport,Le Castellet,FR,43.2525,5.78519,Europe/Paris
CTU,ZUUU,Chengdu Shuangliu International Airport,Chengdu,CN,30.5785,103.947,Asia/Shanghai
CTY,KCTY,Cross City Airport,Cross City,US,29.6355,-83.1048,America/New_York
CTZ,KCTZ,Sampson County Airport,Clinton,US,34.9756,-78.3646,America/New_York
CUA,MMDA,Ciudad Constitucion Airport,Ciudad Constitucion,MX,25.0538,-111.615,America/Mazatlan
CUB,KCUB,Jim Hamilton L.B. Owens Airport,Columbia,US,33.9705,-80.9952,America/New_York
CUC,SKCC,Camilo Daza International Airport,Cucuta,CO,7.92757,-72.5115,America/Bogota
CUD,YCDR,Caloundra Airport,Caloundra,AU,-26.8,153.10001,Australia/Brisbane
CUE,SECU,Mariscal Lamar Airport,Cuenca,EC,-2.88947,-78.9844,America/Guayaquil
CUF,LIMZ,Cuneo / Levaldigi Airport,Cuneo,IT,44.547,7.62322,Europe/Rome
CUG,YCUA,Cudal Airport,,AU,-33.2783,148.763,Australia/Sydney
CUH,KCUH,Cushing Municipal Airport,Cushing,US,35.9499,-96.7731,America/Chicago
CUL,MMCL,Federal de Bachigualato International Airport,Culiacan,MX,24.7645,-107.475,America/Mazatlan
CUM,SVCU,Cumana (Antonio Jose de Sucre) Airport,Cumana,VE,10.45033,-64.13047,America/Caracas
CUN,MMUN,Cancun International Airport,Cancun,MX,21.0365,-86.8771,America/Cancun
CUO,SKCR,Caruru Airport,Caruru,CO,1.0136,-71.2961,America/Bogota
CUP,SVCP,General Francisco Bermudez Airport,Carupano,VE,10.66001,-63.26168,America/Caracas
CUQ,YCOE,Coen Airport,Coen,AU,-13.7608,143.114,Australia/Brisbane
CUR,TNCC,Hato International Airport,Willemstad,CW,12.1889,-68.9598,America/Curacao
CUT,SAZW,Cutral-Co Airport,Cutral-Co,AR,-38.9397,-69.2646,America/Argentina/Salta
CUU,MMCU,General Roberto Fierro Villalobos International Airport,Chihuahua,MX,28.7029,-105.965,America/Chihuahua
CUV,SVCG,Casigua El Cubo Airport,Casigua El Cubo,VE,8.75814,-72.5363,America/Caracas
CUY,YCUE,Cue Airport,Cue,AU,-27.4467,117.918,Australia/Perth
CUZ,SPZO,Alejandro Velasco Astete International Airport,Cusco,PE,-13.5357,-71.9388,America/Lima
CVC,YCEE,Cleve Airport,Cleve,AU,-33.7097,136.505,Australia/Adelaide
CVE,SKCV,Covenas Airport,Covenas,CO,9.40092,-75.6913,America/Bogota
CVF,LFLJ,Courchevel Airport,Courcheval,FR,45.3967,6.63472,Europe/Paris
CVG,KCVG,Cincinnati Northern Kentucky International Airport,Hebron,US,39.0488,-84.6678,America/New_York
CVH,SAHE,Caviahue Airport,Lafontaine,AR,-37.8514,-71.0092,America/Argentina/Salta
CVJ,MMCB,General Mariano Matamoros Airport,Cuernavaca,MX,18.8348,-99.2613,America/Mexico_City
CVM,MMCV,General Pedro Jose Mendez International Airport,Ciudad Victoria,MX,23.7033,-98.9565,America/Monterrey
CVN,KCVN,Clovis Municipal Airport,Clovis,US,34.4251,-103.079,America/Denver
CVO,KCVO,Corvallis Municipal Airport,Corvallis,US,44.4972,-123.29,America/Los_Angeles
CVQ,YCAR,Carnarvon Airport,Carnarvon,AU,-24.8806,113.672,Australia/Perth
CVS,KCVS,Cannon Air Force Base,Clovis,US,34.3828,-103.322,America/Denver
CVT,EGBE,Coventry Airport,Coventry,GB,52.3697,-1.47972,Europe/London
CVU,LPCR,Corvo Airport,Corvo,PT,39.6715,-31.1136,Atlantic/Azores
CWA,KCWA,Central Wisconsin Airport,Mosinee,US,44.7776,-89.6668,America/Chicago
CWB,SBCT,Afonso Pena Airport,Curitiba,BR,-25.5285,-49.1758,America/Sao_Paulo
CWC,UKLN,Chernivtsi International Airport,Chernivtsi,UA,48.2593,25.9808,Europe/Kyiv
CWE,HECW,Cairo West Airport,El Cairo,EG,30.1164,30.9154,Africa/Cairo
CWF,KCWF,Chennault International Airport,Lake Charles,US,30.2106,-93.1432,America/Chicago
CWI,KCWI,Clinton Municipal Airport,Clinton,US,41.8311,-90.3291,America/Chicago
CWK,VECT,Chitrakoot Airport,Chitrakoot,IN,25.16769,80.9358,Asia/Kolkata
CWL,EGFF,Cardiff International Airport,Cardiff,GB,51.3967,-3.34333,Europe/London
CWR,YCWI,Cowarie Airport,,AU,-27.7117,138.328,Australia/Adelaide
CWT,YCWR,Cowra Airport,Cowra,AU,-33.8447,148.649,Australia/Sydney
CWW,YCOR,Corowa Airport,Corowa,AU,-35.9947,146.35699,Australia/Melbourne
CWX,KP33,Cochise County Airport,Willcox,US,32.2454,-109.895,America/Phoenix
CXA,SVCD,Caicara del Orinoco Airport,Caicara del Orinoco,VE,7.62551,-66.1628,America/Caracas
CXB,VGCB,Cox's Bazar Airport,Cox's Bazar,BD,21.4522,91.9639,Asia/Dhaka
CXF,PACX,Coldfoot Airport,Coldfoot,US,67.2522,-150.20399,America/Anchorage
CXH,CYHC,Vancouver Harbour Airport,Vancouver,CA,49.2945,-123.11133,America/Vancouver
CXI,PLCH,Cassidy International Airport,Banana,KI,1.98616,-157.35001,Pacific/Kiritimati
CXJ,SBCX,Campo dos Bugres Airport,Caxias Do Sul,BR,-29.1971,-51.1875,America/Sao_Paulo
CXL,KCXL,Calexico International Airport,Calexico,US,32.6695,-115.513,America/Los_Angeles
CXM,FNCX,Camaxilo Airport,Camaxilo,AO,-8.37361,18.9236,Africa/Luanda
CXN,HCMC,Candala Airport,Candala,SO,11.5,49.917,Africa/Mogadishu
CXO,KCXO,Conroe/North Houston Regional Airport,Houston,US,30.3518,-95.4145,America/Chicago
CXP,WIHL,Tunggul Wulung Airport,Cilacap-Java Island,ID,-7.64506,109.034,Asia/Jakarta
CXQ,YCRK,Christmas Creek Station Airport,,AU,-18.8833,125.917,Australia/Perth
CXR,VVCR,Cam Ranh Airport,Nha Trang,VN,11.9982,109.219,Asia/Ho_Chi_Minh
CXT,YCHT,Charters Towers Airport,Charters Towers,AU,-20.0431,146.27299,Australia/Brisbane
CXY,MYCC,Cat Cay Airport,Cat Cay,BS,25.6,-79.267,America/Nassau
CYA,MTCA,Les Cayes Airport,Les Cayes,HT,18.2711,-73.7883,America/Port-au-Prince
CYB,MWCB,Gerrard Smith International Airport,Cayman Brac,KY,19.687,-79.8828,America/Cayman
CYF,PACK,Chefornak Airport,Chefornak,US,60.1492,-164.286,America/Nome
CYG,YCRG,Corryong Airport,Corryong,AU,-36.1828,147.888,Australia/Melbourne
CYI,RCKU,Chiayi Airport,Chiayi City,TW,23.4618,120.393,Asia/Taipei
CYL,MHCS,Coyoles Airport,Coyoles,HN,15.44556,-86.67528,America/Tegucigalpa
CYO,MUCL,Vilo Acuna International Airport,Cayo Largo del Sur,CU,21.6165,-81.546,America/Havana
CYP,RPVC,Calbayog Airport,Calbayog City,PH,12.0727,124.545,Asia/Manila
CYR,SUCA,Laguna de Los Patos International Airport,Colonia,UY,-34.4564,-57.7706,America/Montevideo
CYS,KCYS,Cheyenne Regional Jerry Olson Field,Cheyenne,US,41.1557,-104.812,America/Denver
CYT,PACY,Yakataga Airport,Yakataga,US,60.082,-142.493,America/Anchorage
CYU,RPLO,Cuyo Airport,Cuyo,PH,10.8581,121.069,Asia/Manila
CYW,MMCY,Captain Rogelio Castillo National Airport,Celaya,MX,20.546,-100.887,America/Mexico_City
CYX,UESS,Cherskiy Airport,Cherskiy,RU,68.7406,161.338,Asia/Srednekolymsk
CYZ,RPUY,Cauayan Airport,Cauayan City,PH,16.9299,121.753,Asia/Manila
CZA,MMCT,Chichen Itza International Airport,Chichen Itza,MX,20.6413,-88.4462,America/Merida
CZE,SVCR,Jose Leonardo Chirinos Airport,Coro,VE,11.41494,-69.6809,America/Caracas
CZF,PACZ,Cape Romanzof LRRS Airport,Cape Romanzof,US,61.7803,-166.039,America/Nome
CZL,DABC,Mohamed Boudiaf International Airport,Constantine,DZ,36.276,6.62039,Africa/Algiers
CZM,MMCZ,Cozumel International Airport,Cozumel,MX,20.5224,-86.9256,America/Cancun
CZS,SBCZ,Cruzeiro do Sul Airport,Cruzeiro Do Sul,BR,-7.59991,-72.7695,America/Rio_Branco
CZT,KCZT,Dimmit County Airport,Carrizo Springs,US,28.5222,-99.8236,America/Chicago
CZU,SKCZ,Las Brujas Airport,Corozal,CO,9.33274,-75.2856,America/Bogota
CZW,EPRU,Czestochowa-Rudniki Airport,Czestochowa,PL,50.88613,19.20247,Europe/Warsaw
CZX,ZSCG,Changzhou Airport,Changzhou,CN,31.9197,119.779,Asia/Shanghai
CZY,YUNY,Cluny Airport,,AU,-24.5167,139.617,Australia/Brisbane
DAA,KDAA,Davison Army Air Field,Fort Belvoir,US,38.715,-77.181,America/New_York
DAB,KDAB,Daytona Beach International Airport,Daytona Beach,US,29.1799,-81.0581,America/New_York
DAC,VGHS,Dhaka / Hazrat Shahjalal International Airport,Dhaka,BD,23.84335,90.39778,Asia/Dhaka
DAD,VVDN,Da Nang International Airport,Da Nang,VN,16.0439,108.199,Asia/Ho_Chi_Minh
DAG,KDAG,Barstow Daggett Airport,Daggett,US,34.8537,-116.787,America/Los_Angeles
DAK,HEDK,Dakhla Airport,Dakhla,EG,25.4116,29.0031,Africa/Cairo
DAL,KDAL,Dallas Love Field,Dallas,US,32.8471,-96.8518,America/Chicago
DAM,OSDI,Damascus International Airport,Damascus,SY,33.4115,36.5156,Asia/Damascus
DAN,KDAN,Danville Regional Airport,Danville,US,36.5729,-79.3361,America/New_York
DAO,AYDA,Dahamo Airstrip,Dabo,PG,-5.75319,141.99361,Pacific/Port_Moresby
DAP,VNDL,Darchula Airport,Darchula,NP,29.6692,80.5484,Asia/Kathmandu
DAR,HTDA,Mwalimu Julius K. Nyerere International Airport,Dar es Salaam,TZ,-6.87811,39.2026,Africa/Dar_es_Salaam
DAS,CFF4,Great Bear Lake Airport,Great Bear Lake,CA,66.7031,-119.707,America/Edmonton
DAT,ZBDT,Datong Airport,Datong,CN,40.0603,113.482,Asia/Shanghai
DAU,AYDU,Daru Airport,Daru,PG,-9.08676,143.20799,Pacific/Port_Moresby
DAV,MPDA,Enrique Malek International Airport,David,PA,8.391,-82.435,America/Panama
DAX,ZUDX,Dachuan Airport,Dazhou,CN,31.1302,107.4295,Asia/Shanghai
DAY,KDAY,James M Cox Dayton International Airport,Dayton,US,39.9024,-84.2194,America/New_York
DAZ,OADZ,Darwaz Airport,Darwaz,AF,38.4611,70.8825,Asia/Dushanbe
DBA,OPDB,Dalbandin Airport,Dalbandin,PK,28.8783,64.3998,Asia/Karachi
DBB,HEAL,El Alamein International Airport,El Alamein,EG,30.9245,28.4614,Africa/Cairo
DBD,VEDB,Dhanbad Airport,Dhanbad,IN,23.834,86.4253,Asia/Kolkata
DBM,HADM,Debra Marcos Airport,Debra Marcos,ET,10.35,37.717,Africa/Addis_Ababa
DBN,KDBN,W H 'Bud' Barron Airport,Dublin,US,32.5644,-82.9853,America/New_York
DBO,YSDU,Dubbo City Regional Airport,Dubbo,AU,-32.2167,148.575,Australia/Sydney
DBP,AYDB,Debepare Airport,Debepare,PG,-6.30861,141.90556,Pacific/Port_Moresby
DBQ,KDBQ,Dubuque Regional Airport,Dubuque,US,42.402,-90.7095,America/Chicago
DBR,VEDH,Darbhanga Airport,Darbhanga,IN,26.19472,85.9175,Asia/Kolkata
DBT,HADT,Debre Tabor Airport,Debre Tabor,ET,11.967,38.0,Africa/Addis_Ababa
DBV,LDDU,Dubrovnik Airport,Dubrovnik,HR,42.5614,18.2682,Europe/Zagreb
DBY,YDAY,Dalby Airport,Dalby,AU,-27.1553,151.267,Australia/Brisbane
DCA,KDCA,Ronald Reagan Washington National Airport,Washington,US,38.8521,-77.0377,America/New_York
DCF,TDCF,Canefield Airport,Canefield,DM,15.3367,-61.3922,America/Dominica
DCI,LIED,Decimomannu Airport,Decimomannu,IT,39.3542,8.97248,Europe/Rome
DCM,LFCK,Castres-Mazamet Airport,Castres/Mazamet,FR,43.5563,2.28918,Europe/Paris
DCN,YCIN,RAAF Base Curtin,Derby,AU,-17.5814,123.828,Australia/Perth
DCT,MYRD,Duncan Town Airport,Duncan Town,BS,22.1818,-75.7295,America/Nassau
DCU,KDCU,Pryor Field Regional Airport,Decatur,US,34.6527,-86.9454,America/Chicago
DCY,ZUDC,Daocheng Yading Airport,Daocheng County,CN,29.32306,100.05333,Asia/Shanghai
DDC,KDDC,Dodge City Regional Airport,Dodge City,US,37.7634,-99.9656,America/Chicago
DDD,VRMU,Dhaalu Airport,Kudahuvadhoo,MV,2.66722,72.89278,Indian/Maldives
DDG,ZYDD,Dandong Airport,Dandong,CN,40.0247,124.286,Asia/Shanghai
DDN,YDLT,Delta Downs Airport,,AU,-16.9917,141.317,Australia/Brisbane
DDR,ZUDR,Rikaze Dingri Airport,Tingri,CN,28.6025,86.8103,Asia/Shanghai
DDU,OPDD,Dadu Airport,Dadu,PK,26.5545,67.6746,Asia/Karachi
DEA,OPDG,Dera Ghazi Khan Airport,Dera Ghazi Khan,PK,29.961,70.4859,Asia/Karachi
DEB,LHDC,Debrecen International Airport,Debrecen,HU,47.4889,21.6153,Europe/Budapest
DEC,KDEC,Decatur Airport,Decatur,US,39.8346,-88.8657,America/Chicago
DED,VIDN,Dehradun Airport,Dehradun,IN,30.1897,78.1803,Asia/Kolkata
DEE,UHSM,Mendeleyevo Airport,Kunashir Island,RU,43.9584,145.683,Asia/Magadan
DEF,OIAD,Dezful Airport,Dezful,IR,32.4344,48.3976,Asia/Tehran
DEH,KDEH,Decorah Municipal Airport,Decorah,US,43.2755,-91.7394,America/Chicago
DEI,FSSD,Denis Island Airport,Denis Island,SC,-3.80222,55.6669,Indian/Mahe
DEL,VIDP,Indira Gandhi International Airport,New Delhi,IN,28.5665,77.1031,Asia/Kolkata
DEM,HADD,Dembidollo Airport,Dembidollo,ET,8.554,34.858,Africa/Addis_Ababa
DEN,KDEN,Denver International Airport,Denver,US,39.8617,-104.673,America/Denver
DEP,VEDZ,Daporijo Airport,Daporijo,IN,27.9855,94.2228,Asia/Kolkata
DER,AYDE,Derim Airport,Derim,PG,-6.14472,147.10722,Pacific/Port_Moresby
DES,FSDR,Desroches Airport,Desroches Island,SC,-5.6967,53.6558,Indian/Mahe
DET,KDET,Coleman A. Young Municipal Airport,Detroit,US,42.4092,-83.0099,America/Detroit
DEZ,OSDZ,Deir ez-Zor Airport,Deir ez-Zor,SY,35.2854,40.176,Asia/Damascus
DFI,KDFI,Defiance Memorial Airport,Defiance,US,41.3375,-84.4288,America/New_York
DFP,YDDF,Drumduff Airport,Drumduff,AU,-16.053,143.01199,Australia/Brisbane
DFW,KDFW,Dallas Fort Worth International Airport,Dallas-Fort Worth,US,32.8968,-97.038,America/Chicago
DGA,MZPB,Pelican Beach Airstrip,Dangriga,BZ,16.98232,-88.2285,America/Belize
DGD,YDGA,Dalgaranga Gold Mine Airport,,AU,-27.83028,117.31639,Australia/Perth
DGE,YMDG,Mudgee Airport,Mudgee,AU,-32.5625,149.61099,Australia/Sydney
DGF,CAL3,Douglas Lake Airport,Douglas Lake,CA,50.16546,-120.17127,America/Vancouver
DGH,VEDO,Deoghar Airport,Deoghar,IN,24.44472,86.7025,Asia/Kolkata
DGL,KDGL,Douglas Municipal Airport,Douglas,US,31.3426,-109.506,America/Hermosillo
DGN,KNDY,Dahlgren Naval Surface Warfare Center Airport,Dahlgren,US,38.3325,-77.0372,America/New_York
DGO,MMDO,General Guadalupe Victoria International Airport,Durango,MX,24.1242,-104.528,America/Monterrey
DGP,EVDA,Daugavpils Intrenational Airport,Daugavpils,LV,55.94472,26.665,Europe/Riga
DGR,NZDA,Dargaville Aerodrome,Dargaville,NZ,-35.9397,173.894,Pacific/Auckland
DGT,RPVD,Sibulan Airport,Dumaguete City,PH,9.33371,123.3,Asia/Manila
DGU,DFOD,Dedougou Airport,Dedougou,BF,12.459,-3.49,Africa/Ouagadougou
DGW,KDGW,Converse County Airport,Douglas,US,42.7972,-105.386,America/Denver
DGX,EGDX,MOD St. Athan,St. Athan,GB,51.4048,-3.43575,Europe/London
DHA,OEDR,King Abdulaziz Air Base,Dhahran,SA,26.2654,50.152,Asia/Riyadh
DHD,YDRH,Durham Downs Airport,,AU,-27.075,141.89999,Australia/Brisbane
DHF,OMAM,Al Dhafra Air Base,Abu Dhabi,AE,24.2482,54.5477,Asia/Dubai
DHI,VNDH,Dhangarhi Airport,Dhangarhi,NP,28.7533,80.5819,Asia/Kathmandu
DHM,VIGG,Kangra Airport,Kangra,IN,32.1651,76.2634,Asia/Kolkata
DHN,KDHN,Dothan Regional Airport,Dothan,US,31.3213,-85.4496,America/Chicago
DHR,EHKD,De Kooy Airport,Den Helder,NL,52.9234,4.78062,Europe/Amsterdam
DHT,KDHT,Dalhart Municipal Airport,Dalhart,US,36.0226,-102.547,America/Chicago
DIA,OTBD,Doha International Airport,Doha,QA,25.2611,51.5651,Asia/Qatar
DIB,VEMN,Dibrugarh Airport,Dibrugarh,IN,27.4839,95.0169,Asia/Kolkata
DIE,FMNA,Arrachart Airport,Antsiranana,MG,-12.3494,49.2917,Indian/Antananarivo
DIG,ZPDQ,Diqing Airport,Shangri-La,CN,27.7936,99.6772,Asia/Shanghai
DIJ,LFSD,Dijon-Bourgogne Airport,Dijon/Longvic,FR,47.2689,5.09,Europe/Paris
DIK,KDIK,Dickinson Theodore Roosevelt Regional Airport,Dickinson,US,46.7974,-102.802,America/Denver
DIL,WPDL,Presidente Nicolau Lobato International Airport,Dili,TL,-8.5464,125.526,Asia/Dili
DIM,DIDK,Dimbokro Airport,Dimbokro,CI,6.65167,-4.64056,Africa/Abidjan
DIN,VVDB,Dien Bien Phu Airport,Dien Bien Phu,VN,21.3975,103.008,Asia/Bangkok
DIP,DFED,Diapaga Airport,Diapaga,BF,12.05,1.783,Africa/Ouagadougou
DIQ,SNDV,Divinopolis Airport,Divinopolis,BR,-20.1807,-44.8709,America/Sao_Paulo
DIR,HADR,Aba Tenna Dejazmach Yilma International Airport,Dire Dawa,ET,9.6247,41.8542,Africa/Addis_Ababa
DIS,FCPD,Ngot Nzoungou Airport,Dolisie,CG,-4.20635,12.6599,Africa/Brazzaville
DIU,VA1P,Diu Airport,Diu,IN,20.7131,70.9211,Asia/Kolkata
DIY,LTCC,Diyarbakir Airport,Diyarbakir,TR,37.8939,40.201,Europe/Istanbul
DJA,DBBD,Djougou Airport,Djougou,BJ,9.69208,1.63778,Africa/Porto-Novo
DJB,WIPA,Sultan Thaha Airport,Jambi-Sumatra Island,ID,-1.63802,103.644,Asia/Jakarta
DJE,DTTJ,Djerba Zarzis International Airport,Djerba,TN,33.875,10.7755,Africa/Tunis
DJG,DAAJ,Djanet Inedbirene Airport,Djanet,DZ,24.2928,9.45244,Africa/Algiers
DJJ,WAJJ,Sentani International Airport,Jayapura-Papua Island,ID,-2.57695,140.51601,Asia/Jayapura
DJM,FCBD,Djambala Airport,Djambala,CG,-2.533,14.75,Africa/Brazzaville
DJO,DIDL,Daloa Airport,Daloa,CI,6.79281,-6.47319,Africa/Abidjan
DJR,YDAJ,Dajarra Airport,Dajarra,AU,-21.7083,139.533,Australia/Brisbane
DJU,BIDV,Djupivogur Airport,Djupivogur,IS,64.6442,-14.2828,Atlantic/Reykjavik
DKI,YDKI,Dunk Island Airport,,AU,-17.9417,146.14,Australia/Brisbane
DKK,KDKK,Chautauqua County-Dunkirk Airport,Dunkirk,US,42.4933,-79.272,America/New_York
DKR,GOOY,Leopold Sedar Senghor International Airport,Dakar,SN,14.7397,-17.4902,Africa/Dakar
DKS,UODD,Dikson Airport,Dikson,RU,73.51781,80.37967,Asia/Krasnoyarsk
DKV,YDVR,Docker River Airport,,AU,-24.86,129.07001,Australia/Darwin
DLA,FKKD,Douala International Airport,Douala,CM,4.00608,9.71948,Africa/Douala
DLC,ZYTL,Zhoushuizi Airport,Dalian,CN,38.9657,121.539,Asia/Shanghai
DLD,ENDI,Geilo Airport Dagali,Dagali,NO,60.4173,8.51835,Europe/Oslo
DLE,LFGJ,Dole-Tavaux Airport,Dole/Tavaux,FR,47.039,5.42725,Europe/Paris
DLF,KDLF,Laughlin Air Force Base,Del Rio,US,29.3595,-100.778,America/Chicago
DLG,PADL,Dillingham Airport,Dillingham,US,59.0447,-158.505,America/Anchorage
DLH,KDLH,Duluth International Airport,Duluth,US,46.8421,-92.1936,America/Chicago
DLI,VVDL,Lien Khuong Airport,Dalat,VN,11.75,108.367,Asia/Ho_Chi_Minh
DLK,YDLK,Dulkaninna Airport,Dulkaninna,AU,-29.0133,138.481,Australia/Adelaide
DLL,KDLC,Dillon County Airport,Dillon,US,34.4491,-79.3686,America/New_York
DLM,LTBS,Dalaman International Airport,Dalaman,TR,36.7131,28.7925,Europe/Istanbul
DLN,KDLN,Dillon Airport,Dillon,US,45.2554,-112.553,America/Denver
DLS,KDLS,Columbia Gorge Regional the Dalles Municipal Airport,The Dalles,US,45.6185,-121.167,America/Los_Angeles
DLU,ZPDL,Dali Airport,Xiaguan,CN,25.6494,100.319,Asia/Shanghai
DLV,YDLV,Delissaville Airport,Belyuen,AU,-12.55,130.685,Australia/Darwin
DLY,NVVD,Dillon's Bay Airport,Dillon's Bay,VU,-18.7694,169.00101,Pacific/Efate
DLZ,ZMDZ,Dalanzadgad Airport,Dalanzadgad,MN,43.5917,104.43,Asia/Ulaanbaatar
DMA,KDMA,Davis Monthan Air Force Base,Tucson,US,32.1665,-110.883,America/Phoenix
DMB,UADD,Taraz Airport,Taraz,KZ,42.8536,71.3036,Asia/Almaty
DMD,YDMG,Doomadgee Airport,Doomadgee,AU,-17.9403,138.82201,Australia/Brisbane
DME,UUDD,Domodedovo International Airport,Moscow,RU,55.4088,37.9063,Europe/Moscow
DMK,VTBD,Don Mueang International Airport,Bangkok,TH,13.9126,100.607,Asia/Bangkok
DMM,OEDF,King Fahd International Airport,Ad Dammam,SA,26.4712,49.7979,Asia/Riyadh
DMN,KDMN,Deming Municipal Airport,Deming,US,32.2623,-107.721,America/Denver
DMO,KDMO,Sedalia Memorial Airport,Sedalia,US,38.7074,-93.1759,America/Chicago
DMT,SWDM,Diamantino Airport,Diamantino,BR,-14.3769,-56.4004,America/Cuiaba
DMU,VEMR,Dimapur Airport,Dimapur,IN,25.8839,93.7711,Asia/Kolkata
DNA,RODN,Kadena Air Base,Okinawa,JP,26.3556,127.768,Asia/Tokyo
DNB,YDBR,Dunbar Airport,,AU,-16.05,142.39999,Australia/Brisbane
DND,EGPN,Dundee Airport,Dundee,GB,56.4525,-3.02583,Europe/London
DNH,ZLDH,Dunhuang Airport,Dunhuang,CN,40.1611,94.8092,Asia/Shanghai
DNK,UKDD,Dnipropetrovsk International Airport,Dnipropetrovsk,UA,48.3572,35.1006,Europe/Kyiv
DNL,KDNL,Daniel Field,Augusta,US,33.4665,-82.0394,America/New_York
DNN,KDNN,Dalton Municipal Airport,Dalton,US,34.7229,-84.8702,America/New_York
DNO,SWDN,Dianopolis Airport,Dianopolis,BR,-11.5954,-46.8467,America/Araguaina
DNP,VNDG,Tulsipur Airport,Dang,NP,28.1111,82.2942,Asia/Kathmandu
DNQ,YDLQ,Deniliquin Airport,Deniliquin,AU,-35.5594,144.946,Australia/Sydney
DNR,LFRD,Dinard-Pleurtuit-Saint-Malo Airport,Dinard/Pleurtuit/Saint-Malo,FR,48.5877,-2.07996,Europe/Paris
DNS,KDNS,Denison Municipal Airport,Denison,US,41.9864,-95.3807,America/Chicago
DNV,KDNV,Vermilion Regional Airport,Danville,US,40.1992,-87.5959,America/Chicago
DNX,HSGG,Galegu Airport,Dinder,SD,12.533,35.067,Africa/Khartoum
DNZ,LTAY,Cardak Airport,Denizli,TR,37.7856,29.7013,Europe/Istanbul
DOB,WAPD,Dobo Airport,Dobo-Kobror Island,ID,-5.77222,134.21201,Asia/Jayapura
DOD,HTDO,Dodoma Airport,Dodoma,TZ,-6.17044,35.7526,Africa/Dar_es_Salaam
DOE,SMDJ,Djumu-Djomoe Airport,Djumu-Djomoe,SR,4.00571,-55.48164,America/Paramaribo
DOG,HSDN,Dongola Airport,Dongola,SD,19.1539,30.4301,Africa/Khartoum
DOH,OTHH,Hamad International Airport,Doha,QA,25.26059,51.61377,Asia/Qatar
DOK,UKCC,Donetsk International Airport,Donetsk,UA,48.0736,37.7397,Europe/Kyiv
DOL,LFRG,Deauville-Saint-Gatien Airport,Deauville,FR,49.3653,0.15431,Europe/Paris
DOM,TDPD,Melville Hall Airport,Marigot,DM,15.547,-61.3,America/Dominica
DON,MGDL,Dos Lagunas Airport,Dos Lagunas,GT,17.6124,-89.6884,America/Guatemala
DOP,VNDP,Dolpa Airport,Dolpa,NP,28.9857,82.8191,Asia/Kathmandu
DOR,DFEE,Dori Airport,Dori,BF,14.033,-0.033,Africa/Ouagadougou
DOU,SSDO,Dourados Airport,Dourados,BR,-22.2019,-54.9266,America/Campo_Grande
DOV,KDOV,Dover Air Force Base,Dover,US,39.1295,-75.466,America/New_York
DOX,YDRA,Dongara Airport,Port Denison,AU,-29.3,114.933,Australia/Perth
DOY,ZSDY,Dongying Shengli Airport,Dongying,CN,37.5086,118.788,Asia/Shanghai
DPA,KDPA,Dupage Airport,Chicago/West Chicago,US,41.9078,-88.2486,America/Chicago
DPE,LFAB,St Aubin Airport,Dieppe,FR,49.8825,1.08528,Europe/Paris
DPG,KDPG,Michael AAF (Dugway Proving Ground) Airport,Dugway Proving Ground,US,40.1994,-112.937,America/Denver
DPL,RPMG,Dipolog Airport,Dipolog City,PH,8.60198,123.34188,Asia/Manila
DPO,YDPO,Devonport Airport,Devonport,AU,-41.1697,146.42999,Australia/Hobart
DPS,WADD,Ngurah Rai (Bali) International Airport,Denpasar-Bali Island,ID,-8.74817,115.167,Asia/Makassar
DQA,ZYDQ,Saertu Airport,Daqing Shi,CN,46.74639,125.14056,Asia/Shanghai
DQH,PALP,Alpine Airstrip,Deadhorse,US,70.3443,-150.94501,America/Anchorage
DQM,OODQ,Duqm International Airport,Duqm,OM,19.5019,57.6342,Asia/Muscat
DRA,KDRA,Desert Rock Airport,Mercury,US,36.6194,-116.033,America/Los_Angeles
DRB,YDBY,Derby Airport,Derby,AU,-17.37,123.661,Australia/Perth
DRD,YDOR,Dorunda Airport,,AU,-16.5583,141.808,Australia/Brisbane
DRE,KDRM,Drummond Island Airport,Drummond Island,US,46.0093,-83.7439,America/Detroit
DRG,PADE,Deering Airport,Deering,US,66.0696,-162.76601,America/Nome
DRI,KDRI,Beauregard Regional Airport,De Ridder,US,30.8317,-93.3399,America/Chicago
DRJ,SMDA,Drietabbetje Airport,Drietabbetje,SR,4.11667,-54.66667,America/Paramaribo
DRK,MRDK,Drake Bay Airport,Puntarenas,CR,8.71889,-83.6417,America/Costa_Rica
DRN,YDBI,Dirranbandi Airport,Dirranbandi,AU,-28.5917,148.217,Australia/Brisbane
DRO,KDRO,Durango La Plata County Airport,Durango,US,37.1515,-107.754,America/Denver
DRP,RPLK,Legazpi Bicol International Airport,Daraga,PH,13.11222,123.67722,Asia/Manila
DRR,YDRI,Durrie Airport,,AU,-25.685,140.228,Australia/Brisbane
DRS,EDDC,Dresden Airport,Dresden,DE,51.1328,13.7672,Europe/Berlin
DRT,KDRT,Del Rio International Airport,Del Rio,US,29.3742,-100.927,America/Chicago
DRW,YPDN,Darwin International Airport,Darwin,AU,-12.4147,130.877,Australia/Darwin
DRY,YDRD,Drysdale River Airport,,AU,-15.71357,126.3811,Australia/Perth
DSA,EGCN,Robin Hood Doncaster Sheffield Airport,Doncaster,GB,53.48054,-1.01066,Europe/London
DSC,FKKS,Dschang Airport,Dschang,CM,5.45,10.067,Africa/Douala
DSD,TFFA,La Desirade Airport,Grande Anse,GP,16.2969,-61.0844,America/Guadeloupe
DSE,HADC,Combolcha Airport,Dessie,ET,11.0825,39.7114,Africa/Addis_Ababa
DSI,KDTS,Destin Fort Walton Beach Airport,Destin,US,30.4001,-86.4715,America/Chicago
DSK,OPDI,Dera Ismael Khan Airport,Dera Ismael Khan,PK,31.9094,70.8966,Asia/Karachi
DSM,KDSM,Des Moines International Airport,Des Moines,US,41.534,-93.6631,America/Chicago
DSN,ZBDS,Ordos Ejin Horo Airport,Ordos,CN,39.49,109.86139,Asia/Shanghai
DSO,ZKSD,Sondok Airport,Hamhung,KP,39.7452,127.474,Asia/Pyongyang
DSS,GOBD,Blaise Diagne International Airport,Diass,SN,14.67111,-17.06694,Africa/Dakar
DSV,KDSV,Dansville Municipal Airport,Dansville,US,42.5709,-77.7131,America/New_York
DTA,KDTA,Delta Municipal Airport,Delta,US,39.3806,-112.508,America/Denver
DTB,WIMN,Sisingamangaraja XII International Airport,Siborong-Borong,ID,2.25972,98.99528,Asia/Jakarta
DTD,WALJ,Datadawai Airport,Datadawai-Borneo Island,ID,0.626,116.6006,Asia/Makassar
DTE,RPUD,Daet Airport,Daet,PH,14.1292,122.98,Asia/Manila
DTI,SNDT,Diamantina Airport,Diamantina,BR,-18.232,-43.6504,America/Sao_Paulo
DTL,KDTL,Detroit Lakes Airport - Wething Field,Detroit Lakes,US,46.8252,-95.8857,America/Chicago
DTM,EDLW,Dortmund Airport,Dortmund,DE,51.5183,7.61224,Europe/Berlin
DTN,KDTN,Shreveport Downtown Airport,Shreveport,US,32.5402,-93.745,America/Chicago
DTR,WN07,Decatur Shores Airport,Decatur,US,48.4998,-122.814,America/Los_Angeles
DTW,KDTW,Detroit Metropolitan Wayne County Airport,Detroit,US,42.2124,-83.3534,America/Detroit
DUA,KDUA,Eaker Field,Durant,US,33.9423,-96.3945,America/Chicago
DUB,EIDW,Dublin Airport,Dublin,IE,53.4213,-6.27007,Europe/Dublin
DUC,KDUC,Halliburton Field,Duncan,US,34.4709,-97.9599,America/Chicago
DUD,NZDN,Dunedin Airport,Dunedin,NZ,-45.9281,170.198,Pacific/Auckland
DUE,FNDU,Dundo Airport,Chitato,AO,-7.40089,20.8185,Africa/Luanda
DUF,7NC2,Pine Island Airport,Corolla,US,36.2535,-75.7885,America/New_York
DUG,KDUG,Bisbee Douglas International Airport,Douglas Bisbee,US,31.469,-109.604,America/Phoenix
DUJ,KDUJ,DuBois Regional Airport,Dubois,US,41.1783,-78.8987,America/New_York
DUK,FADK,Mubatuba Airport,Mubatuba,ZA,-28.3684,32.2481,Africa/Johannesburg
DUM,WIBD,Pinang Kampai Airport,Dumai-Sumatra Island,ID,1.60919,101.434,Asia/Jakarta
DUQ,CAM3,Duncan Airport,Duncan,CA,48.75453,-123.7097,America/Vancouver
DUR,FALE,King Shaka International Airport,Durban,ZA,-29.61444,31.11972,Africa/Johannesburg
DUS,EDDL,Dusseldorf International Airport,Dusseldorf,DE,51.2895,6.76678,Europe/Berlin
DUT,PADU,Unalaska Airport,Unalaska,US,53.9001,-166.54401,America/Nome
DVK,CDK2,Diavik Airport,Diavik,CA,64.5114,-110.289,America/Edmonton
DVL,KDVL,Devils Lake Regional Airport,Devils Lake,US,48.1142,-98.9088,America/Chicago
DVN,KDVN,Davenport Municipal Airport,Davenport,US,41.6103,-90.5883,America/Chicago
DVO,RPMD,Francisco Bangoy International Airport,Davao City,PH,7.12552,125.646,Asia/Manila
DVP,YDPD,Davenport Downs Airport,,AU,-24.15,141.108,Australia/Brisbane
DVR,YDMN,Daly River Airport,,AU,-13.74981,130.69388,Australia/Darwin
DVT,KDVT,Phoenix Deer Valley Airport,Phoenix,US,33.6883,-112.083,America/Phoenix
DWA,FWDW,Dwangwa Airport,Dwangwa,MW,-12.5183,34.1319,Africa/Blantyre
DWB,FMNO,Soalala Airport,Soalala,MG,-16.10169,45.35884,Indian/Antananarivo
DWC,OMDW,Al Maktoum International Airport,Jebel Ali,AE,24.89667,55.16139,Asia/Dubai
DWD,OEDM,Dawadmi Domestic Airport,Dawadmi,SA,24.44972,44.12111,Asia/Riyadh
DWH,KDWH,David Wayne Hooks Memorial Airport,Houston,US,30.0618,-95.5528,America/Chicago
DWN,OK03,Downtown Airpark,Oklahoma City,US,35.4492,-97.5331,America/Chicago
DXB,OMDB,Dubai International Airport,Dubai,AE,25.2528,55.3644,Asia/Dubai
DXD,YDIX,Dixie Airport,New Dixie,AU,-15.11749,143.31605,Australia/Brisbane
DXE,KMBO,Bruce Campbell Field,Madison,US,32.4387,-90.1031,America/Chicago
DXN,VIND,Noida International Airport,Noida,IN,28.17,77.61,Asia/Kolkata
DXR,KDXR,Danbury Municipal Airport,Danbury,US,41.3715,-73.4822,America/New_York
DYA,YDYS,Dysart Airport,Dysart,AU,-22.6222,148.364,Australia/Brisbane
DYG,ZGDY,Dayong Airport,Dayong,CN,29.1028,110.443,Asia/Shanghai
DYL,KDYL,Doylestown Airport,Doylestown,US,40.333,-75.1223,America/New_York
DYR,UHMA,Ugolny Airport,Anadyr,RU,64.7349,177.741,Asia/Anadyr
DYS,KDYS,Dyess Air Force Base,Abilene,US,32.4208,-99.8546,America/Chicago
DYU,UTDD,Dushanbe Airport,Dushanbe,TJ,38.5433,68.825,Asia/Dushanbe
DYW,YDLW,Daly Waters Airport,Daly Waters,AU,-16.2647,133.38338,Australia/Darwin
DZA,FMCZ,Dzaoudzi Pamandzi International Airport,Dzaoudzi,YT,-12.8047,45.2811,Indian/Mayotte
DZH,ZUDA,Dazhou Jinya Airport,Dazhou,CN,31.04731,107.43534,Asia/Shanghai
DZN,UAKD,Zhezkazgan Airport,Zhezkazgan,KZ,47.7083,67.7333,Asia/Almaty
DZO,SUDU,Santa Bernardina International Airport,Durazno,UY,-33.3589,-56.4992,America/Montevideo
EAA,PAEG,Eagle Airport,Eagle,US,64.7764,-141.151,America/Anchorage
EAB,OYAB,Abs Airport,Abs,YE,16.01111,43.17778,Asia/Aden
EAE,NVSE,Sangafa Airport,Sangafa,VU,-17.0903,168.343,Pacific/Efate
EAM,OENG,Nejran Airport,Nejran,SA,17.6114,44.4192,Asia/Riyadh
EAN,KEAN,Phifer Airfield,Wheatland,US,42.0555,-104.929,America/Denver
EAR,KEAR,Kearney Regional Airport,Kearney,US,40.727,-99.0068,America/Chicago
EAS,LESO,San Sebastian Airport,Hondarribia,ES,43.3565,-1.79061,Europe/Madrid
EAT,KEAT,Pangborn Memorial Airport,Wenatchee,US,47.3989,-120.207,America/Los_Angeles
EAU,KEAU,Chippewa Valley Regional Airport,Eau Claire,US,44.8658,-91.4843,America/Chicago
EBA,LIRJ,Marina Di Campo Airport,Marina  Di Campo,IT,42.7603,10.2394,Europe/Rome
EBB,HUEN,Entebbe International Airport,Kampala,UG,0.04239,32.4435,Africa/Kampala
EBD,HSOB,El Obeid Airport,Al-Ubayyid,SD,13.1532,30.2327,Africa/Khartoum
EBG,SKEB,El Bagre Airport,El Bagre,CO,7.59647,-74.8089,America/Bogota
EBH,DAOY,El Bayadh Airport,El Bayadh,DZ,33.72167,1.0925,Africa/Algiers
EBJ,EKEB,Esbjerg Airport,Esbjerg,DK,55.5259,8.5534,Europe/Copenhagen
EBL,ORER,Erbil International Airport,Arbil,IQ,36.2376,43.9632,Asia/Baghdad
EBM,DTTR,El Borma Airport,El Borma,TN,31.7043,9.25462,Africa/Tunis
EBS,KEBS,Webster City Municipal Airport,Webster City,US,42.4366,-93.8689,America/Chicago
EBU,LFMH,Saint-Etienne-Boutheon Airport,Saint-Etienne/Boutheon,FR,45.5406,4.29639,Europe/Paris
EBW,FKKW,Ebolowa Airport,Ebolowa,CM,2.876,11.185,Africa/Douala
ECG,KECG,Elizabeth City Regional Airport & Coast Guard Air Station,Elizabeth City,US,36.2606,-76.1746,America/New_York
ECH,YECH,Echuca Airport,Echuca,AU,-36.1572,144.76199,Australia/Melbourne
ECN,LCEN,Ercan International Airport,Nicosia,CY,35.1547,33.4961,Asia/Famagusta
ECP,KECP,Northwest Florida Beaches International Airport,Panama City Beach,US,30.3417,-85.7973,America/Chicago
ECS,KECS,Mondell Field,Newcastle,US,43.8854,-104.318,America/Denver
ECV,LECU,Cuatro Vientos Airport,Madrid,ES,40.3707,-3.78514,Europe/Madrid
EDB,HSDB,El Debba Airport,El Debba,SD,18.025,30.9583,Africa/Khartoum
EDE,KEDE,Northeastern Regional Airport,Edenton,US,36.0277,-76.5671,America/New_York
EDF,PAED,Elmendorf Air Force Base,Anchorage,US,61.251,-149.80701,America/Anchorage
EDI,EGPH,Edinburgh Airport,Edinburgh,GB,55.95,-3.3725,Europe/London
EDK,KEQA,Captain Jack Thomas El Dorado Airport,El Dorado,US,37.7741,-96.8176,America/Chicago
EDL,HKEL,Eldoret International Airport,Eldoret,KE,0.40446,35.2389,Africa/Nairobi
EDM,LFRI,La Roche-sur-Yon Airport,La Roche-sur-Yon/Les Ajoncs,FR,46.7019,-1.37863,Europe/Paris
EDO,LTFD,Balikesir Korfez Airport,Edremit,TR,39.5546,27.0138,Europe/Istanbul
EDR,YPMP,Pormpuraaw Airport,Pormpuraaw,AU,-14.8967,141.60899,Australia/Brisbane
EDW,KEDW,Edwards Air Force Base,Edwards,US,34.9054,-117.884,America/Los_Angeles
EED,KEED,Needles Airport,Needles,US,34.7663,-114.623,America/Los_Angeles
EEK,PAEE,Eek Airport,Eek,US,60.21367,-162.04388,America/Nome
EEN,KEEN,Dillant Hopkins Airport,Keene,US,42.8984,-72.2708,America/New_York
EFD,KEFD,Ellington Airport,Houston,US,29.6073,-95.1588,America/Chicago
EFK,KEFK,Northeast Kingdom International Airport,Newport,US,44.8888,-72.2292,America/New_York
EFL,LGKF,Kefallinia Airport,Kefallinia Island,GR,38.1201,20.5005,Europe/Athens
EFW,KEFW,Jefferson Municipal Airport,Jefferson,US,42.0102,-94.3426,America/Chicago
EGC,LFBE,Bergerac-Roumaniere Airport,Bergerac/Roumaniere,FR,44.8253,0.51861,Europe/Paris
EGE,KEGE,Eagle County Regional Airport,Eagle,US,39.6426,-106.918,America/Denver
EGH,HEGR,El Gora Airport,El Gorah,EG,31.069,34.1292,Africa/Cairo
EGI,KEGI,Duke Field(Eglin Af Aux Nr 3) Airport,Crestview,US,30.6504,-86.5229,America/Chicago
EGM,AGGS,Sege Airport,Sege,SB,-8.57889,157.87601,Pacific/Guadalcanal
EGN,HSGN,Geneina Airport,Geneina,SD,13.4817,22.4672,Africa/Khartoum
EGO,UUOB,Belgorod International Airport,Belgorod,RU,50.6438,36.5901,Europe/Moscow
EGS,BIEG,Egilsstadir Airport,Egilsstadir,IS,65.2833,-14.4014,Atlantic/Reykjavik
EGV,KEGV,Eagle River Union Airport,Eagle River,US,45.9323,-89.2683,America/Chicago
EGX,PAII,Egegik Airport,Egegik,US,58.1855,-157.375,America/Anchorage
EHL,SAVB,El Bolson Airport,El Bolson,AR,-41.9432,-71.5323,America/Argentina/Salta
EHM,PAEH,Cape Newenham LRRS Airport,Cape Newenham,US,58.6464,-162.063,America/Nome
EHU,ZHEC,Ezhou Huahu Airport,Ezhou,CN,30.34286,115.02961,Asia/Shanghai
EIB,EDGE,Eisenach-Kindel Airport,Eisenach,DE,50.99278,10.47278,Europe/Berlin
EIE,UNII,Yeniseysk Airport,Yeniseysk,RU,58.4742,92.1125,Asia/Krasnoyarsk
EIH,YEIN,Einasleigh Airport,Einasleigh,AU,-18.5033,144.09399,Australia/Brisbane
EIK,URKE,Yeysk Airport,Yeysk,RU,46.68,38.21,Europe/Moscow
EIL,PAEI,Eielson Air Force Base,Fairbanks,US,64.6657,-147.102,America/Anchorage
EIN,EHEH,Eindhoven Airport,Eindhoven,NL,51.4501,5.37453,Europe/Amsterdam
EIS,TUPJ,Terrance B. Lettsome International Airport,Road Town,VG,18.4448,-64.543,America/Tortola
EIY,LLEY,Ein Yahav Airfield,Sapir,IL,30.6217,35.2033,Asia/Amman
EJA,SKEJ,Yariguies Airport,Barrancabermeja,CO,7.02433,-73.8068,America/Bogota
EJH,OEWJ,Al Wajh Domestic Airport,Al Wajh,SA,26.1986,36.4764,Asia/Riyadh
EJN,ZBEN,Ejina Banner Taolai Airport,Ejin Banner,CN,42.01556,101.00056,Asia/Shanghai
EKA,KEKA,Murray Field,Eureka,US,40.8034,-124.113,America/Los_Angeles
EKB,UASB,Ekibastuz Airport,Ekibastuz,KZ,51.591,75.215,Asia/Almaty
EKI,KEKM,Elkhart Municipal Airport,Elkhart,US,41.7194,-86.0032,America/Indiana/Indianapolis
EKN,KEKN,Elkins-Randolph Co-Jennings Randolph Field,Elkins,US,38.8894,-79.8571,America/New_York
EKO,KEKO,Elko Regional Airport,Elko,US,40.8249,-115.792,America/Los_Angeles
EKS,UHSK,Shakhtyorsk Airport,Shakhtersk,RU,49.1903,142.08299,Asia/Sakhalin
EKT,ESSU,Eskilstuna Airport,Eskilstuna,SE,59.3511,16.7084,Europe/Stockholm
EKX,KEKX,Addington Field,Elizabethtown,US,37.686,-85.925,America/New_York
ELA,KELA,Eagle Lake Airport,Eagle Lake,US,29.6006,-96.3219,America/Chicago
ELB,SKBC,Las Flores Airport,El Banco,CO,9.04554,-73.9749,America/Bogota
ELC,YELD,Elcho Island Airport,Elcho Island,AU,-12.0194,135.571,Australia/Darwin
ELD,KELD,South Arkansas Regional At Goodwin Field,El Dorado,US,33.221,-92.8133,America/Chicago
ELF,HSFS,El Fasher Airport,El Fasher,SD,13.6149,25.3246,Africa/Khartoum
ELG,DAUE,El Golea Airport,El Menia,DZ,30.5713,2.85959,Africa/Algiers
ELH,MYEH,North Eleuthera Airport,North Eleuthera,BS,25.4749,-76.6835,America/Nassau
ELI,PFEL,Elim Airport,Elim,US,64.6147,-162.272,America/Nome
ELK,KELK,Elk City Regional Business Airport,Elk City,US,35.4308,-99.3943,America/Chicago
ELL,FAER,Ellisras Matimba Airport,Ellisras,ZA,-23.7267,27.6883,Africa/Johannesburg
ELM,KELM,Elmira Corning Regional Airport,Elmira/Corning,US,42.1599,-76.8916,America/New_York
ELN,KELN,Bowers Field,Ellensburg,US,47.033,-120.531,America/Los_Angeles
ELO,SATD,El Dorado Airport,El Dorado,AR,-26.3975,-54.5747,America/Argentina/Cordoba
ELP,KELP,El Paso International Airport,El Paso,US,31.8072,-106.378,America/Denver
ELQ,OEGS,Gassim Airport,Buraidah,SA,26.3028,43.7744,Asia/Riyadh
ELS,FAEL,Ben Schoeman Airport,East London,ZA,-33.0356,27.8259,Africa/Johannesburg
ELT,HETR,El Tor Airport,El Tor,EG,28.209,33.6455,Africa/Cairo
ELU,DAUO,Guemar Airport,Guemar,DZ,33.5114,6.77679,Africa/Algiers
ELY,KELY,Ely Airport Yelland Field,Ely,US,39.2997,-114.842,America/Los_Angeles
ELZ,KELZ,Wellsville Municipal ArptTarantine Field,Wellsville,US,42.1095,-77.99,America/New_York
EMA,EGNX,East Midlands Airport,Nottingham,GB,52.8311,-1.32806,Europe/London
EMD,YEML,Emerald Airport,Emerald,AU,-23.5675,148.179,Australia/Brisbane
EME,EDWE,Emden Airport,Emden,DE,53.39111,7.2275,Europe/Berlin
EMG,FAEM,Empangeni Airport,Empangeni,ZA,-28.72,31.89,Africa/Johannesburg
EMK,PAEM,Emmonak Airport,Emmonak,US,62.7861,-164.491,America/Nome
EML,LSME,Emmen Airport,Emmen,CH,47.0924,8.30512,Europe/Zurich
EMM,KEMM,Kemmerer Municipal Airport,Kemmerer,US,41.8241,-110.557,America/Denver
EMN,GQNI,Nema Airport,Nema,MR,16.622,-7.3166,Africa/Nouakchott
EMP,KEMP,Emporia Municipal Airport,Emporia,US,38.3321,-96.1912,America/Chicago
EMT,KEMT,San Gabriel Valley Airport,El Monte,US,34.0861,-118.035,America/Los_Angeles
EMX,SAVD,El Maiten Airport,El Maiten,AR,-42.0292,-71.1725,America/Argentina/Catamarca
ENA,PAEN,Kenai Municipal Airport,Kenai,US,60.5731,-151.245,America/Anchorage
ENB,YEEB,Eneabba Airport,Eneabba,AU,-29.8325,115.246,Australia/Perth
ENC,LFSN,Nancy-Essey Airport,Nancy/Essey,FR,48.6921,6.23046,Europe/Paris
END,KEND,Vance Air Force Base,Enid,US,36.3392,-97.9165,America/Chicago
ENE,WATE,Ende (H Hasan Aroeboesman) Airport,Ende-Flores Island,ID,-8.84929,121.661,Asia/Makassar
ENF,EFET,Enontekio Airport,Enontekio,FI,68.3626,23.4243,Europe/Helsinki
ENH,ZHES,Enshi Airport,Enshi,CN,30.3203,109.485,Asia/Shanghai
ENI,RPXX,El Nido Airport,El Nido,PH,11.2025,119.416,Asia/Manila
ENK,EGAB,St Angelo Airport,Enniskillen,GB,54.3989,-7.65167,Europe/London
ENL,KENL,Centralia Municipal Airport,Centralia,US,38.5151,-89.0911,America/Chicago
ENN,PANN,Nenana Municipal Airport,Nenana,US,64.5473,-149.07401,America/Anchorage
ENO,SGEN,Encarnacion Airport,Encarnacion,PY,-27.3,-55.91,America/Asuncion
ENS,EHTW,Twenthe Airport,Enschede,NL,52.27,6.87417,Europe/Amsterdam
ENT,PKMA,Eniwetok Airport,Eniwetok Atoll,MH,11.3407,162.328,Pacific/Majuro
ENU,DNEN,Akanu Ibiam International Airport,Enegu,NG,6.47427,7.56196,Africa/Lagos
ENV,KENV,Wendover Airport,Wendover,US,40.7187,-114.031,America/Denver
ENW,KENW,Kenosha Regional Airport,Kenosha,US,42.5957,-87.9278,America/Chicago
ENY,ZLYA,Yan'an Airport,Yan'an,CN,36.6369,109.554,Asia/Shanghai
EOH,SKMD,Enrique Olaya Herrera Airport,Medellin,CO,6.22055,-75.59058,America/Bogota
EOI,EGED,Eday Airport,Eday,GB,59.1906,-2.77222,Europe/London
EOK,KEOK,Keokuk Municipal Airport,Keokuk,US,40.4599,-91.4285,America/Chicago
EOR,SVED,El Dorado Airport,Bolivar,VE,6.73333,-61.58333,America/Caracas
EOS,KEOS,Neosho Hugh Robinson Airport,Neosho,US,36.8108,-94.3917,America/Chicago
EOZ,SVEZ,Elorza Airport,Elorza,VE,7.08333,-69.53333,America/Caracas
EPA,SADP,El Palomar Airport,El Palomar,AR,-34.6099,-58.6126,America/Argentina/Buenos_Aires
EPH,KEPH,Ephrata Municipal Airport,Ephrata,US,47.3076,-119.516,America/Los_Angeles
EPL,LFSG,Epinal-Mirecourt Airport,Epinal/Mirecourt,FR,48.325,6.06998,Europe/Paris
EPR,YESP,Esperance Airport,Esperance,AU,-33.6844,121.823,Australia/Perth
EPS,MDAB,Arroyo Barril Airport,Arroyo Barril,DO,19.1986,-69.4298,America/Santo_Domingo
EPU,EEPU,Parnu Airport,Parnu,EE,58.419,24.4728,Europe/Tallinn
EQS,SAVE,Brigadier Antonio Parodi Airport,Esquel,AR,-42.908,-71.1395,America/Argentina/Catamarca
ERA,HCMU,Erigavo Airport,Erigavo,SO,10.64205,47.38798,Africa/Mogadishu
ERB,YERN,Ernabella Airport,Pukatja,AU,-26.2633,132.18201,Australia/Adelaide
ERC,LTCD,Erzincan Airport,Erzincan,TR,39.7102,39.527,Europe/Istanbul
ERD,UKDB,Berdyansk Airport,Berdyansk,UA,46.815,36.7581,Europe/Kyiv
ERF,EDDE,Erfurt Airport,Erfurt,DE,50.9798,10.9581,Europe/Berlin
ERG,UIKE,Yerbogachen Airport,Erbogachen,RU,61.275,108.03,Asia/Irkutsk
ERH,GMFK,Moulay Ali Cherif Airport,Errachidia,MA,31.9475,-4.39833,Africa/Casablanca
ERI,KERI,Erie International Tom Ridge Field,Erie,US,42.08313,-80.17387,America/New_York
ERL,ZBER,Erenhot Saiwusu International Airport,Erenhot,CN,43.4225,112.09667,Asia/Shanghai
ERM,SSER,Erechim Airport,Erechim,BR,-27.6619,-52.2683,America/Sao_Paulo
ERN,SWEI,Eirunepe Airport,Eirunepe,BR,-6.63953,-69.8798,America/Eirunepe
ERR,KERR,Errol Airport,Errol,US,44.7925,-71.1642,America/New_York
ERS,FYWE,Eros Airport,Windhoek,NA,-22.6122,17.0804,Africa/Windhoek
ERV,KERV,Kerrville Municipal Louis Schreiner Field,Kerrville,US,29.9767,-99.0857,America/Chicago
ERZ,LTCE,Erzurum International Airport,Erzurum,TR,39.9565,41.1702,Europe/Istanbul
ESB,LTAC,Esenboga International Airport,Ankara,TR,40.1281,32.9951,Europe/Istanbul
ESC,KESC,Delta County Airport,Escanaba,US,45.7227,-87.0937,America/Detroit
ESD,KORS,Orcas Island Airport,Eastsound,US,48.7082,-122.91,America/Los_Angeles
ESE,MMES,Ensenada Airport,Ensenada,MX,31.7953,-116.603,America/Tijuana
ESF,KESF,Esler Regional Airport,Alexandria,US,31.3949,-92.2958,America/Chicago
ESG,SGME,Dr. Luis Maria Argana International Airport,Mariscal Estigarribia,PY,-22.05,-60.62,America/Asuncion
ESH,EGKA,Shoreham Airport,Brighton,GB,50.8356,-0.29722,Europe/London
ESI,SBEP,Espinosa Airport,Espinosa,BR,-14.93369,-42.81,America/Sao_Paulo
ESK,LTBI,Eskisehir Air Base,Eskisehir,TR,39.7841,30.5821,Europe/Istanbul
ESL,URWI,Elista Airport,Elista,RU,46.3739,44.3309,Europe/Moscow
ESM,SETN,General Rivadeneira Airport,Tachina,EC,0.97852,-79.6266,America/Guayaquil
ESN,KESN,Easton Newnam Field,Easton,US,38.8042,-76.069,America/New_York
ESR,SCES,Ricardo Garcia Posada Airport,El Salvador,CL,-26.3111,-69.7652,America/Santiago
ESS,EDLE,Essen Mulheim Airport,Mulheim an der Ruhr,DE,51.4023,6.93733,Europe/Berlin
EST,KEST,Estherville Municipal Airport,Estherville,US,43.4074,-94.7464,America/Chicago
ESU,GMMI,Mogador Airport,Essaouira,MA,31.3975,-9.68167,Africa/Casablanca
ESW,KESW,Easton State Airport,Easton,US,47.2542,-121.186,America/Los_Angeles
ETB,KETB,West Bend Municipal Airport,West Bend,US,43.4222,-88.1279,America/Chicago
ETD,YEDA,Etadunna Airport,Etadunna,AU,-28.7408,138.589,Australia/Adelaide
ETE,HAMM,Metema Airport,Metema,ET,12.933,36.167,Africa/Addis_Ababa
ETH,LLET,Eilat Airport,Eilat,IL,29.5613,34.9601,Asia/Amman
ETM,LLER,Ramon Airport,Eilat,IL,29.72369,35.01142,Asia/Amman
ETN,KETN,Eastland Municipal Airport,Eastland,US,32.4135,-98.8098,America/Chicago
ETR,SERO,Coronel Artilleria Victor Larrea Airport,Santa Rosa,EC,-3.43516,-79.9778,America/Guayaquil
ETS,KEDN,Enterprise Municipal Airport,Enterprise,US,31.2997,-85.8999,America/Chicago
ETZ,LFJL,Metz-Nancy-Lorraine Airport,Metz / Nancy,FR,48.9821,6.25132,Europe/Paris
EUA,NFTE,Kaufana Airport,Eua Island,TO,-21.3783,-174.95799,Pacific/Tongatapu
EUC,YECL,Eucla Airport,Eucla,AU,-31.7,128.883,Australia/Eucla
EUF,KEUF,Weedon Field,Eufaula,US,31.9513,-85.1289,America/Chicago
EUG,KEUG,Mahlon Sweet Field,Eugene,US,44.1246,-123.212,America/Los_Angeles
EUM,EDHN,Neumunster Airport,Neumunster,DE,54.07944,9.94139,Europe/Berlin
EUN,GMML,Hassan I Airport,El Aaiun,EH,27.1517,-13.2192,Africa/El_Aaiun
EUQ,RPVS,Evelio Javier Airport,San Jose,PH,10.766,121.933,Asia/Manila
EUX,TNCE,F. D. Roosevelt Airport,Sint Eustatius,BQ,17.4965,-62.9794,America/Kralendijk
EVD,YEVA,Eva Downs Airport,Eva Downs,AU,-18.001,134.86301,Australia/Darwin
EVE,ENEV,Harstad/Narvik Airport Evenes,Evenes,NO,68.4913,16.6781,Europe/Oslo
EVG,ESND,Sveg Airport,Sveg,SE,62.0478,14.4229,Europe/Stockholm
EVH,YEVD,Evans Head Aerodrome,Evans Head,AU,-29.0933,153.42,Australia/Sydney
EVM,KEVM,Eveleth Virginia Municipal Airport,Eveleth,US,47.4251,-92.4985,America/Chicago
EVN,UDYZ,Zvartnots International Airport,Yerevan,AM,40.1473,44.3959,Asia/Yerevan
EVV,KEVV,Evansville Regional Airport,Evansville,US,38.037,-87.5324,America/Chicago
EVW,KEVW,Evanston-Uinta County Airport-Burns Field,Evanston,US,41.2748,-111.035,America/Denver
EVX,LFOE,Evreux-Fauville (BA 105) Air Base,Evreux/Fauville,FR,49.0287,1.21986,Europe/Paris
EWB,KEWB,New Bedford Regional Airport,New Bedford,US,41.6761,-70.9569,America/New_York
EWI,WABT,Enarotali Airport,Enarotali-Papua Island,ID,-3.9259,136.377,Asia/Jayapura
EWK,KEWK,Newton City-County Airport,Newton,US,38.0582,-97.2745,America/Chicago
EWN,KEWN,Coastal Carolina Regional Airport,New Bern,US,35.073,-77.0429,America/New_York
EWO,FCOE,Ewo Airport,Ewo,CG,-0.883,14.8,Africa/Brazzaville
EWR,KEWR,Newark Liberty International Airport,Newark,US,40.6925,-74.1687,America/New_York
EXM,YEXM,Exmouth Airport,Exmouth,AU,-22.0333,114.1,Australia/Perth
EXT,EGTE,Exeter International Airport,Exeter,GB,50.7344,-3.41389,Europe/London
EYL,GAYE,Yelimane Airport,Yelimane,ML,15.133,-10.567,Africa/Bamako
EYP,SKYP,El Yopal Airport,El Yopal,CO,5.31911,-72.384,America/Bogota
EYR,KO43,Yerington Municipal Airport,Yerington,US,39.0041,-119.158,America/Los_Angeles
EYS,HKES,Eliye Springs Airport,Eliye Springs,KE,3.21667,35.9667,Africa/Nairobi
EYW,KEYW,Key West International Airport,Key West,US,24.5561,-81.7596,America/New_York
EZE,SAEZ,Ministro Pistarini International Airport,Ezeiza,AR,-34.8222,-58.5358,America/Argentina/Buenos_Aires
EZS,LTCA,Elazig Airport,Elazig,TR,38.6069,39.2914,Europe/Istanbul
EZV,USHB,Berezovo Airport,,RU,63.921,65.0305,Asia/Yekaterinburg
FAA,GUFH,Faranah Airport,Faranah,GN,10.0355,-10.7698,Africa/Conakry
FAB,EGLF,Farnborough Airport,Farnborough,GB,51.2758,-0.77633,Europe/London
FAC,NTKF,Faaite Airport,Faaite,PF,-16.6867,-145.32899,Pacific/Tahiti
FAE,EKVG,Vagar Airport,Vagar,FO,62.0636,-7.27722,Atlantic/Faroe
FAF,KFAF,Felker Army Air Field,Fort Eustis,US,37.1325,-76.6088,America/New_York
FAG,BIFM,Fagurholsmyri Airport,Fagurholsmyri,IS,63.8747,-16.6411,Atlantic/Reykjavik
FAH,OAFR,Farah Airport,Farah,AF,32.367,62.183,Asia/Kabul
FAI,PAFA,Fairbanks International Airport,Fairbanks,US,64.8151,-147.856,America/Anchorage
FAJ,TJFA,Diego Jimenez Torres Airport,Fajardo,PR,18.3089,-65.6619,America/Puerto_Rico
FAM,KFAM,Farmington Regional Airport,Farmington,US,37.7611,-90.4286,America/Chicago
FAN,ENLI,Lista Airport,Farsund,NO,58.0995,6.62605,Europe/Oslo
FAO,LPFR,Faro Airport,Faro,PT,37.0144,-7.96591,Europe/Lisbon
FAQ,AYFR,Frieda River Airport,Frieda River,PG,-4.61047,141.96014,Pacific/Port_Moresby
FAR,KFAR,Hector International Airport,Fargo,US,46.9207,-96.8158,America/Chicago
FAS,BIFF,Faskrudsfjordur Airport,Faskrudsfjordur,IS,64.9317,-14.0606,Atlantic/Reykjavik
FAT,KFAT,Fresno Yosemite International Airport,Fresno,US,36.7762,-119.718,America/Los_Angeles
FAU,OOFD,Fahud Airport,Fahud,OM,22.35476,56.48415,Asia/Muscat
FAV,NTGF,Fakarava Airport,,PF,-16.0541,-145.657,Pacific/Tahiti
FAY,KFAY,Fayetteville Regional Grannis Field,Fayetteville,US,34.9912,-78.8803,America/New_York
FAZ,OISF,Fasa Airport,Fasa,IR,28.8918,53.7233,Asia/Tehran
FBA,SWOB,Fonte Boa Airport,Fonte Boa,BR,-2.53261,-66.0832,America/Manaus
FBD,OAFZ,Faizabad Airport,Faizabad,AF,37.1211,70.5181,Asia/Kabul
FBE,SSFB,Francisco Beltrao Airport,Francisco Beltrao,BR,-26.0592,-53.0635,America/Sao_Paulo
FBG,KFBG,Simmons Army Air Field,Fort Bragg,US,35.1318,-78.9367,America/New_York
FBK,PAFB,Ladd AAF Airfield,Fairbanks/Ft Wainwright,US,64.8375,-147.614,America/Anchorage
FBL,KFBL,Faribault Municipal Airport,Faribault,US,44.3247,-93.3108,America/Chicago
FBM,FZQA,Lubumbashi International Airport,Lubumbashi,CD,-11.5913,27.5309,Africa/Lubumbashi
FBR,KFBR,Fort Bridger Airport,Fort Bridger,US,41.3919,-110.407,America/Denver
FBY,KFBY,Fairbury Municipal Airport,Fairbury,US,40.183,-97.1693,America/Chicago
FCA,KGPI,Glacier Park International Airport,Kalispell,US,48.3105,-114.256,America/Denver
FCB,FAFB,Ficksburg Sentraoes Airport,Ficksburg,ZA,-28.8231,27.9089,Africa/Johannesburg
FCH,KFCH,Fresno Chandler Executive Airport,Fresno,US,36.7324,-119.82,America/Los_Angeles
FCM,KFCM,Flying Cloud Airport,Minneapolis,US,44.8272,-93.4571,America/Chicago
FCO,LIRF,Leonardo Da Vinci (Fiumicino) International Airport,Rome,IT,41.8045,12.2508,Europe/Rome
FCS,KFCS,Butts AAF (Fort Carson) Air Field,Fort Carson,US,38.6784,-104.757,America/Denver
FCY,KFCY,Forrest City Municipal Airport,Forrest City,US,34.942,-90.775,America/Chicago
FDA,SKFU,Fundacion Airport,Fundacion,CO,10.5333,-74.2,America/Bogota
FDE,ENBL,Bringeland Airport,Forde,NO,61.3911,5.75694,Europe/Oslo
FDF,TFFF,Martinique Aime Cesaire International Airport,Fort-de-France,MQ,14.591,-61.0032,America/Martinique
FDH,EDNY,Friedrichshafen Airport,Friedrichshafen,DE,47.6713,9.51149,Europe/Berlin
FDK,KFDK,Frederick Municipal Airport,Frederick,US,39.4176,-77.3743,America/New_York
FDO,SADF,San Fernando Airport,San Fernando,AR,-34.4532,-58.5896,America/Argentina/Buenos_Aires
FDR,KFDR,Frederick Regional Airport,Frederick,US,34.352,-98.9839,America/Chicago
FDU,FZBO,Bandundu Airport,Bandundu,CD,-3.31132,17.3817,Africa/Kinshasa
FDY,KFDY,Findlay Airport,Findlay,US,41.0135,-83.6687,America/New_York
FEB,VNSR,Sanfebagar Airport,Sanfebagar,NP,29.233,81.217,Asia/Kathmandu
FEC,SNJD,Joao Durval Carneiro Airport,Feira De Santana,BR,-12.2003,-38.9068,America/Bahia
FEG,UZFF,Fergana Airport,Fergana,UZ,40.3588,71.745,Asia/Tashkent
FEJ,SNOU,Feijó Airport ,Feijo,BR,-8.14083,-70.34722,America/Rio_Branco
FEK,DIFK,Ferkessedougou Airport,Ferkessedougou,CI,9.6,-5.2,Africa/Abidjan
FEL,ETSF,Furstenfeldbruck Airport,Furstenfeldbruck,DE,48.20555,11.26694,Europe/Berlin
FEN,SBFN,Fernando de Noronha Airport,Fernando De Noronha,BR,-3.85493,-32.4233,America/Noronha
FEP,KFEP,Albertus Airport,Freeport,US,42.2462,-89.582,America/Chicago
FET,KFET,Fremont Municipal Airport,Fremont,US,41.4491,-96.5202,America/Chicago
FEZ,GMFF,Saiss Airport,Fes,MA,33.9273,-4.97796,Africa/Casablanca
FFA,KFFA,First Flight Airport,Kill Devil Hills,US,36.0182,-75.6713,America/New_York
FFD,EGVA,RAF Fairford,Fairford,GB,51.6822,-1.79003,Europe/London
FFL,KFFL,Fairfield Municipal Airport,Fairfield,US,41.0533,-91.9789,America/Chicago
FFM,KFFM,Fergus Falls Municipal Einar Mickelson Field,Fergus Falls,US,46.2844,-96.1567,America/Chicago
FFO,KFFO,Wright Patterson Air Force Base,Dayton,US,39.8261,-84.0483,America/New_York
FFT,KFFT,Capital City Airport,Frankfort,US,38.1825,-84.9047,America/New_York
FFU,SCFT,Futaleufu Airport,Futaleufu,CL,-43.1892,-71.8511,America/Santiago
FGD,GQPF,Fderik Airport,Fderik,MR,22.667,-12.733,Africa/Nouakchott
FGI,NSFI,Fagali'i Airport,Apia,WS,-13.8487,-171.74001,Pacific/Apia
FGU,NTGB,Fangatau Airport,,PF,-15.8199,-140.88699,Pacific/Tahiti
FHB,KFHB,Fernandina Beach Municipal Airport,Fernandina Beach,US,30.6118,-81.4612,America/New_York
FHU,KFHU,Sierra Vista Municipal Libby Army Air Field,Fort Huachuca Sierra Vista,US,31.5885,-110.344,America/Phoenix
FHZ,NTKH,Fakahina Airport,Fakahina,PF,-15.9922,-140.16499,Pacific/Tahiti
FID,K0B8,Elizabeth Field,Fishers Island,US,41.2513,-72.0316,America/New_York
FIE,EGEF,Fair Isle Airport,Fair Isle,GB,59.5358,-1.62806,Europe/London
FIG,GUFA,Fria Airport,Fria,GN,10.3506,-13.5692,Africa/Conakry
FIH,FZAA,Ndjili International Airport,Kinshasa,CD,-4.38575,15.4446,Africa/Kinshasa
FIK,YFNE,Finke Airport,Finke,AU,-25.5947,134.58299,Australia/Darwin
FIL,KFOM,Fillmore Municipal Airport,Fillmore,US,38.9583,-112.363,America/Denver
FIN,AYFI,Finschhafen Airport,Buki,PG,-6.62175,147.85405,Pacific/Port_Moresby
FIZ,YFTZ,Fitzroy Crossing Airport,Fitzroy Crossing,AU,-18.1819,125.559,Australia/Perth
FJR,OMFJ,Fujairah International Airport,Fujairah,AE,25.1122,56.324,Asia/Dubai
FKB,EDSB,Karlsruhe Baden-Baden Airport,Baden-Baden,DE,48.7794,8.0805,Europe/Berlin
FKI,FZIC,Bangoka International Airport,Kisangani,CD,0.48164,25.338,Africa/Lubumbashi
FKJ,RJNF,Fukui Airport,Fukui,JP,36.1428,136.224,Asia/Tokyo
FKL,KFKL,Venango Regional Airport,Franklin,US,41.3779,-79.8604,America/New_York
FKN,KFKN,Franklin Municipal John Beverly Rose Airport,Franklin,US,36.6981,-76.9038,America/New_York
FKQ,WASF,Fakfak Airport,Fakfak-Papua Island,ID,-2.92019,132.267,Asia/Jayapura
FKS,RJSF,Fukushima Airport,Sukagawa,JP,37.2274,140.431,Asia/Tokyo
FLA,SKFL,Gustavo Artunduaga Paredes Airport,Florencia,CO,1.58919,-75.5644,America/Bogota
FLB,SNQG,Cangapara Airport,Floriano,BR,-6.84639,-43.0773,America/Fortaleza
FLD,KFLD,Fond du Lac County Airport,Fond du Lac,US,43.7712,-88.4884,America/Chicago
FLF,EDXF,Flensburg-Schaeferhaus Airport,Flensburg,DE,54.77333,9.37889,Europe/Berlin
FLG,KFLG,Flagstaff Pulliam Airport,Flagstaff,US,35.1385,-111.671,America/Phoenix
FLI,BIHT,Holt Airport,Flateyri,IS,66.01418,-23.44169,Atlantic/Reykjavik
FLL,KFLL,Fort Lauderdale Hollywood International Airport,Fort Lauderdale,US,26.0726,-80.1527,America/New_York
FLM,SGFI,Filadelfia Airport,Filadelfia,PY,-22.36,-60.05,America/Asuncion
FLN,SBFL,Hercilio Luz International Airport,Florianopolis,BR,-27.67028,-48.5525,America/Sao_Paulo
FLO,KFLO,Florence Regional Airport,Florence,US,34.1854,-79.7239,America/New_York
FLP,KFLP,Marion County Regional Airport,Flippin,US,36.2909,-92.5903,America/Chicago
FLR,LIRQ,Firenze / Peretola Airport,Firenze,IT,43.81,11.2051,Europe/Rome
FLS,YFLI,Flinders Island Airport,Whitemark,AU,-40.0917,147.993,Australia/Hobart
FLV,KFLV,Sherman Army Air Field,Fort Leavenworth,US,39.3683,-94.9147,America/Chicago
FLW,LPFL,Flores Airport,Santa Cruz das Flores,PT,39.4553,-31.1314,Atlantic/Azores
FLX,KFLX,Fallon Municipal Airport,Fallon,US,39.4991,-118.749,America/Los_Angeles
FLY,YFIL,Finley Airport,Finley,AU,-35.6667,145.55,Australia/Sydney
FLZ,WIMS,Dr Ferdinand Lumban Tobing Airport,Sibolga-Sumatra Island,ID,1.55594,98.8889,Asia/Jakarta
FMA,SARF,Formosa Airport,Formosa,AR,-26.2127,-58.2281,America/Argentina/Cordoba
FMC,PAFV,Five Mile Airport,Five Mile,US,65.927,-149.84,America/Anchorage
FME,KFME,Tipton Airport,Fort Meade(Odenton),US,39.0854,-76.7594,America/New_York
FMG,MRFL,Flamingo Airport,Brasilito,CR,10.4186,-85.7827,America/Costa_Rica
FMH,KFMH,Cape Cod Coast Guard Air Station,Falmouth,US,41.6584,-70.5214,America/New_York
FMI,FZRF,Kalemie Airport,Kalemie,CD,-5.87556,29.25,Africa/Lubumbashi
FMM,EDJA,Memmingen Allgau Airport,Memmingen,DE,47.9888,10.2395,Europe/Berlin
FMN,KFMN,Four Corners Regional Airport,Farmington,US,36.7412,-108.23,America/Denver
FMO,EDDG,Munster Osnabruck Airport,Munster,DE,52.1346,7.68483,Europe/Berlin
FMS,KFSW,Fort Madison Municipal Airport,Fort Madison,US,40.6593,-91.3268,America/Chicago
FMU,K6S2,Florence Municipal Airport,Florence,US,43.9828,-124.111,America/Los_Angeles
FMY,KFMY,Page Field,Fort Myers,US,26.5866,-81.8633,America/New_York
FNA,GFLL,Lungi International Airport,Freetown,SL,8.61644,-13.1955,Africa/Freetown
FNB,ETNU,Neubrandenburg Airport,Neubrandenburg,DE,53.6022,13.306,Europe/Berlin
FNC,LPMA,Madeira Airport,Funchal,PT,32.6979,-16.7745,Atlantic/Madeira
FND,VRCF,Funadhoo Airport,Funadhoo,MV,6.16111,73.28722,Indian/Maldives
FNE,AYFA,Fane Airport,Fane Mission,PG,-8.54928,147.08583,Pacific/Port_Moresby
FNG,DFEF,Fada N'gourma Airport,Fada N'gourma,BF,12.033,0.35,Africa/Ouagadougou
FNH,HAFN,Fincha Airport,Fincha,ET,9.583,37.35,Africa/Addis_Ababa
FNI,LFTW,Nimes-Arles-Camargue Airport,Nimes/Garons,FR,43.7574,4.41635,Europe/Paris
FNJ,ZKPY,Pyongyang International Airport,Pyongyang,KP,39.2241,125.67,Asia/Pyongyang
FNL,KFNL,Northern Colorado Regional Airport,Fort Collins/Loveland,US,40.4518,-105.011,America/Denver
FNT,KFNT,Bishop International Airport,Flint,US,42.9654,-83.7436,America/Detroit
FNU,LIER,Oristano / Fenosu Airport,Oristano,IT,39.8943,8.6404,Europe/Rome
FOB,82CL,Fort Bragg Airport,Fort Bragg,US,39.4743,-123.796,America/Los_Angeles
FOC,ZSFZ,Fuzhou Changle International Airport,Fuzhou,CN,25.9351,119.663,Asia/Shanghai
FOD,KFOD,Fort Dodge Regional Airport,Fort Dodge,US,42.5515,-94.1926,America/Chicago
FOE,KFOE,Topeka Regional Airport,Topeka,US,38.9509,-95.6636,America/Chicago
FOG,LIBF,Foggia / Gino Lisa Airport,Foggia,IT,41.4329,15.535,Europe/Rome
FOK,KFOK,Francis S Gabreski Airport,Westhampton Beach,US,40.8437,-72.6318,America/New_York
FOM,FKKM,Foumban Nkounja Airport,Foumban,CM,5.63692,10.7508,Africa/Douala
FON,MRAN,Arenal Airport,La Fortuna/San Carlos,CR,10.478,-84.6345,America/Costa_Rica
FOO,WABF,Kornasoren Airfield,Kornasoren-Numfoor Island,ID,-0.93633,134.87199,Asia/Jayapura
FOR,SBFZ,Pinto Martins International Airport,Fortaleza,BR,-3.77628,-38.5326,America/Fortaleza
FOS,YFRT,Forrest Airport,Forrest,AU,-30.8381,128.11501,Australia/Perth
FOT,YFST,Forster (Wallis Is) Airport,Forster,AU,-32.2042,152.479,Australia/Sydney
FOU,FOGF,Fougamou Airport,Fougamou,GA,-1.283,10.617,Africa/Libreville
FPO,MYGF,Grand Bahama International Airport,Freeport,BS,26.5587,-78.6956,America/Nassau
FPR,KFPR,Treasure Coast International Airport,Fort Pierce,US,27.4951,-80.3683,America/New_York
FPY,K40J,Perry Foley Airport,Perry,US,30.0693,-83.5806,America/New_York
FRA,EDDF,Frankfurt am Main International Airport,Frankfurt-am-Main,DE,50.0264,8.54313,Europe/Berlin
FRB,YFBS,Forbes Airport,Forbes,AU,-33.3636,147.935,Australia/Sydney
FRC,SIMK,Franca Airport,Franca,BR,-20.5922,-47.3829,America/Sao_Paulo
FRD,KFHR,Friday Harbor Airport,Friday Harbor,US,48.522,-123.024,America/Los_Angeles
FRE,AGGF,Fera/Maringe Airport,Fera Island,SB,-8.1075,159.577,Pacific/Guadalcanal
FRF,EDOL,Oschersleben Airport,Oschersleben,DE,52.03806,11.20556,Europe/Berlin
FRG,KFRG,Republic Airport,Farmingdale,US,40.7288,-73.4134,America/New_York
FRH,KFRH,French Lick Municipal Airport,French Lick,US,38.5062,-86.6369,America/Indiana/Indianapolis
FRI,KFRI,Marshall Army Air Field,Fort Riley(Junction City),US,39.0553,-96.7645,America/Chicago
FRJ,LFTU,Frejus Airport,Hyeres,FR,43.4147,6.74556,Europe/Paris
FRK,FSSF,Fregate Island Airport,Fregate Island,SC,-4.583,55.95,Indian/Mahe
FRL,LIPK,Forli Airport,Forli,IT,44.1948,12.0701,Europe/Rome
FRM,KFRM,Fairmont Municipal Airport,Fairmont,US,43.6439,-94.4156,America/Chicago
FRN,PAFR,Bryant Army Heliport,Fort Richardson (Anchorage),US,61.2659,-149.65331,America/Anchorage
FRO,ENFL,Floro Airport,Floro,NO,61.5836,5.02472,Europe/Oslo
FRR,KFRR,Front Royal Warren County Airport,Front Royal,US,38.9175,-78.2535,America/New_York
FRS,MGTK,Mundo Maya International Airport,San Benito,GT,16.9138,-89.8664,America/Guatemala
FRT,SCFR,Frutillar Airport,Frutillar,CL,-41.13083,-73.06472,America/Santiago
FRW,FBFT,Francistown Airport,Francistown,BW,-21.1596,27.4745,Africa/Gaborone
FRY,KIZG,Eastern Slopes Regional Airport,Fryeburg,US,43.9911,-70.9479,America/New_York
FRZ,ETHF,Fritzlar Airport,Fritzlar,DE,51.1146,9.286,Europe/Berlin
FSC,LFKF,Figari Sud-Corse Airport,Figari Sud-Corse,FR,41.5006,9.09778,Europe/Paris
FSD,KFSD,Joe Foss Field Airport,Sioux Falls,US,43.582,-96.7419,America/Chicago
FSI,KFSI,Henry Post Army Air Field (Fort Sill),Fort Sill,US,34.6498,-98.4022,America/Chicago
FSK,KFSK,Fort Scott Municipal Airport,Fort Scott,US,37.7984,-94.7694,America/Chicago
FSM,KFSM,Fort Smith Regional Airport,Fort Smith,US,35.3366,-94.3674,America/Chicago
FSP,LFVP,St Pierre Airport,Saint-Pierre,PM,46.7629,-56.1731,America/Miquelon
FSS,EGQK,RAF Kinloss,Kinloss,GB,57.6494,-3.56064,Europe/London
FST,KFST,Fort Stockton Pecos County Airport,Fort Stockton,US,30.9157,-102.916,America/Chicago
FSU,KFSU,Fort Sumner Municipal Airport,Fort Sumner,US,34.4834,-104.217,America/Denver
FSZ,RJNS,Mt. Fuji Shizuoka Airport,Shizuoka,JP,34.79604,138.18775,Asia/Tokyo
FTA,NVVF,Futuna Airport,Futuna Island,VU,-19.5164,170.23199,Pacific/Efate
FTE,SAWC,El Calafate Airport,El Calafate,AR,-50.2803,-72.0531,America/Argentina/Rio_Gallegos
FTI,NSFQ,Fitiuta Airport,Fitiuta Village,AS,-14.2172,-169.425,Pacific/Pago_Pago
FTK,KFTK,Godman Army Air Field,Fort Knox,US,37.9071,-85.9721,America/New_York
FTU,FMSD,Tolanaro Airport,Tolanaro,MG,-25.0381,46.9561,Indian/Antananarivo
FTW,KFTW,Fort Worth Meacham International Airport,Fort Worth,US,32.8198,-97.3624,America/Chicago
FTX,FCOO,Owando Airport,Owando,CG,-0.53135,15.9501,Africa/Brazzaville
FTY,KFTY,Fulton County Airport Brown Field,Atlanta,US,33.7791,-84.5214,America/New_York
FUE,GCFV,Fuerteventura Airport,Fuerteventura Island,ES,28.4527,-13.8638,Atlantic/Canary
FUG,ZSFY,Fuyang Xiguan Airport,Fuyang,CN,32.88216,115.73436,Asia/Shanghai
FUJ,RJFE,Fukue Airport,Goto,JP,32.6663,128.83299,Asia/Tokyo
FUK,RJFF,Fukuoka Airport,Fukuoka,JP,33.5859,130.451,Asia/Tokyo
FUL,KFUL,Fullerton Municipal Airport,Fullerton,US,33.872,-117.98,America/Los_Angeles
FUN,NGFU,Funafuti International Airport,Funafuti,TV,-8.525,179.196,Pacific/Funafuti
FUO,ZGFS,Foshan Shadi Airport,Foshan,CN,23.0833,113.07,Asia/Shanghai
FUT,NLWF,Pointe Vele Airport,Futuna Island,WF,-14.3114,-178.06599,Pacific/Wallis
FVL,YFLO,Flora Valley Airport,,AU,-18.2833,128.41701,Australia/Perth
FVM,VRMF,Fuvahmulah Airport,Fuvahmulah Island,MV,-0.30972,73.435,Indian/Maldives
FWA,KFWA,Fort Wayne International Airport,Fort Wayne,US,40.9785,-85.1951,America/Indiana/Indianapolis
FWH,KNFW,Fort Worth Nas Jrb/Carswell field,Fort Worth,US,32.7692,-97.4415,America/Chicago
FWL,PAFW,Farewell Airport,Farewell,US,62.5066,-153.894,America/Anchorage
FXE,KFXE,Fort Lauderdale Executive Airport,Fort Lauderdale,US,26.1973,-80.1707,America/New_York
FXO,FQCB,Cuamba Airport,Cuamba,MZ,-14.815,36.53,Africa/Maputo
FXY,KFXY,Forest City Municipal Airport,Forest City,US,43.2347,-93.6241,America/Chicago
FYM,KFYM,Fayetteville Municipal Airport,Fayetteville,US,35.0597,-86.564,America/Chicago
FYT,FTTY,Faya Largeau Airport,Faya-Largeau,TD,17.9171,19.1111,Africa/Ndjamena
FYU,PFYU,Fort Yukon Airport,Fort Yukon,US,66.5715,-145.25,America/Anchorage
FYV,KFYV,Drake Field,Fayetteville,US,36.0051,-94.1701,America/Chicago
FZO,EGTG,Bristol Filton Airport,Bristol,GB,51.5194,-2.59083,Europe/London
GAB,KGAB,Gabbs Airport,Gabbs,US,38.9241,-117.959,America/Los_Angeles
GAC,MHGS,Gracias Airport,El Molino,HN,14.59667,-88.59417,America/Tegucigalpa
GAD,KGAD,Northeast Alabama Regional Airport,Gadsden,US,33.9726,-86.089,America/Chicago
GAE,DTTG,Gabes Matmata International Airport,Gabes,TN,33.8769,10.1033,Africa/Tunis
GAF,DTTF,Gafsa Ksar International Airport,Gafsa,TN,34.422,8.8225,Africa/Tunis
GAG,KGAG,Gage Airport,Gage,US,36.2955,-99.7764,America/Chicago
GAH,YGAY,Gayndah Airport,Gayndah,AU,-25.6144,151.619,Australia/Brisbane
GAI,KGAI,Montgomery County Airpark,Gaithersburg,US,39.1683,-77.166,America/New_York
GAJ,RJSC,Yamagata Airport,Yamagata,JP,38.4119,140.371,Asia/Tokyo
GAL,PAGA,Edward G. Pitka Sr Airport,Galena,US,64.7362,-156.937,America/Anchorage
GAM,PAGM,Gambell Airport,Gambell,US,63.7668,-171.733,America/Nome
GAN,VRMG,Gan International Airport,Gan,MV,-0.69334,73.1556,Indian/Maldives
GAO,MUGT,Mariana Grajales Airport,Guantanamo,CU,20.0853,-75.1583,America/Havana
GAP,AYGP,Gusap Airport,Gusap,PG,-6.0532,145.95905,Pacific/Port_Moresby
GAQ,GAGO,Gao Airport,Gao,ML,16.2484,-0.00546,Africa/Bamako
GAR,AYGI,Garaina Airport,Garaina,PG,-7.87563,147.14127,Pacific/Port_Moresby
GAS,HKGA,Garissa Airport,Garissa,KE,-0.46351,39.6483,Africa/Nairobi
GAT,LFNA,Gap - Tallard Airport,Avignon,FR,44.455,6.03778,Europe/Paris
GAU,VEGT,Lokpriya Gopinath Bordoloi International Airport,Guwahati,IN,26.1061,91.5859,Asia/Kolkata
GAW,VYGG,Gangaw Airport,Gangaw,MM,22.1747,94.1344,Asia/Yangon
GAY,VEGY,Gaya Airport,Gaya,IN,24.7443,84.9512,Asia/Kolkata
GBA,EGBP,Kemble Airport,Kemble,GB,51.6681,-2.05694,Europe/London
GBB,UBBQ,Gabala International Airport,Gabala,AZ,40.82667,47.7125,Asia/Baku
GBD,KGBD,Great Bend Municipal Airport,Great Bend,US,38.3443,-98.8592,America/Chicago
GBE,FBSK,Sir Seretse Khama International Airport,Gaborone,BW,-24.5552,25.9182,Africa/Gaborone
GBF,AYNE,Negarbo(Negabo) Airport,Negarbo,PG,-6.56778,144.70306,Pacific/Port_Moresby
GBG,KGBG,Galesburg Municipal Airport,Galesburg,US,40.938,-90.4311,America/Chicago
GBH,PAGB,Galbraith Lake Airport,Galbraith Lake,US,68.4797,-149.49001,America/Anchorage
GBI,VOGB,Gulbarga Kalaburagi Airport,Kalaburagi,IN,17.30778,76.95806,Asia/Kolkata
GBJ,TFFM,Les Bases Airport,Grand Bourg,GP,15.8687,-61.27,America/Guadeloupe
GBK,GFGK,Gbangbatok Airport,Gbangbatok,SL,7.767,-12.383,Africa/Freetown
GBL,YGBI,South Goulburn Is Airport,,AU,-11.65,133.382,Australia/Darwin
GBP,YGAM,Gamboola Airport,,AU,-16.55,143.66701,Australia/Brisbane
GBR,KGBR,Walter J. Koladza Airport,Great Barrington,US,42.1842,-73.4032,America/New_York
GBT,OING,Gorgan Airport,Gorgan,IR,36.9094,54.4013,Asia/Tehran
GBU,HSKG,Khashm El Girba Airport,Khashm El Girba,SD,14.925,35.878,Africa/Khartoum
GBV,YGIB,Gibb River Airport,,AU,-16.4233,126.445,Australia/Perth
GBW,YGIA,Ginbata,Ginbata,AU,-22.57867,120.03941,Australia/Perth
GBZ,NZGB,Great Barrier Aerodrome,Claris,NZ,-36.2414,175.472,Pacific/Auckland
GCC,KGCC,Northeast Wyoming Regional Airport,Gillette,US,44.3489,-105.539,America/Denver
GCD,K3W7,Grand Coulee Dam Airport,Electric City,US,47.922,-119.083,America/Los_Angeles
GCH,OIAH,Gachsaran Airport,Dogonbadan,IR,30.3376,50.828,Asia/Tehran
GCI,EGJB,Guernsey Airport,Saint Peter Port,GG,49.435,-2.60197,Europe/Guernsey
GCJ,FAGC,Grand Central Airport,Midrand,ZA,-25.9863,28.1401,Africa/Johannesburg
GCK,KGCK,Garden City Regional Airport,Garden City,US,37.9275,-100.724,America/Chicago
GCM,MWCR,Owen Roberts International Airport,Georgetown,KY,19.2928,-81.3577,America/Cayman
GCN,KGCN,Grand Canyon National Park Airport,Grand Canyon,US,35.9524,-112.147,America/Phoenix
GCW,K1G4,Grand Canyon West Airport,Peach Springs,US,35.9904,-113.816,America/Phoenix
GCY,KGCY,Greeneville Greene County Municipal Airport,Greeneville,US,36.193,-82.8151,America/New_York
GDC,KGYH,Donaldson Center Airport,Greenville,US,34.7583,-82.3764,America/New_York
GDD,YGDN,Gordon Downs Airport,Gordon Downs,AU,-18.6781,128.592,Australia/Perth
GDE,HAGO,Gode Airport,Gode,ET,5.93513,43.5786,Africa/Addis_Ababa
GDG,UHBI,Magdagachi Airport,Magdagachi,RU,53.4733,125.795,Asia/Yakutsk
GDI,FEGL,Gordil Airport,Melle,CF,9.583,21.733,Africa/Bangui
GDJ,FZWC,Gandajika Airport,Gandajika,CD,-6.733,23.95,Africa/Lubumbashi
GDL,MMGL,Don Miguel Hidalgo Y Costilla International Airport,Guadalajara,MX,20.5218,-103.311,America/Mexico_City
GDM,KGDM,Gardner Municipal Airport,Gardner,US,42.55,-72.0161,America/New_York
GDN,EPGD,Gdansk Lech Walesa Airport,Gdansk,PL,54.3776,18.4662,Europe/Warsaw
GDO,SVGD,Guasdalito Airport,Guasdualito,VE,7.23333,-70.8,America/Caracas
GDP,SNGD,Guadalupe Airport,Guadalupe,BR,-6.78222,-43.5822,America/Fortaleza
GDQ,HAGN,Gonder Airport,Gondar,ET,12.5199,37.434,Africa/Addis_Ababa
GDT,MBGT,JAGS McCartney International Airport,Cockburn Town,TC,21.4445,-71.1423,America/Grand_Turk
GDV,KGDV,Dawson Community Airport,Glendive,US,47.1387,-104.807,America/Denver
GDW,KGDW,Gladwin Zettel Memorial Airport,Gladwin,US,43.9706,-84.475,America/Detroit
GDX,UHMM,Sokol Airport,Magadan,RU,59.911,150.72,Asia/Magadan
GDY,KGDY,Grundy Municipal Airport,Grundy,US,37.2324,-82.125,America/New_York
GDZ,URKG,Gelendzhik Airport,Gelendzhik,RU,44.58209,38.01248,Europe/Moscow
GEA,NWWM,Noumea Magenta Airport,Noumea,NC,-22.2583,166.47301,Pacific/Noumea
GEB,WAMJ,Gebe Airport,Gebe Island,ID,-0.07889,129.45799,Asia/Jayapura
GED,KGED,Delaware Coastal Airport,Georgetown,US,38.6892,-75.3589,America/New_York
GEE,YGTO,Georgetown (Tas) Airport,George Town,AU,-41.08,146.84,Australia/Hobart
GEF,AGEV,Geva Airport,Liangia,SB,-7.57583,156.597,Pacific/Guadalcanal
GEG,KGEG,Spokane International Airport,Spokane,US,47.6199,-117.534,America/Los_Angeles
GEL,SBNM,Santo Angelo Airport,Santo Angelo,BR,-28.2817,-54.1691,America/Sao_Paulo
GEO,SYCJ,Cheddi Jagan International Airport,Georgetown,GY,6.49855,-58.2541,America/Guyana
GER,MUNG,Rafael Cabrera Airport,Nueva Gerona,CU,21.8347,-82.7838,America/Havana
GES,RPMR,General Santos International Airport,General Santos,PH,6.058,125.096,Asia/Manila
GET,YGEL,Geraldton Airport,Geraldton,AU,-28.7961,114.707,Australia/Perth
GEV,ESNG,Gallivare Airport,Gallivare,SE,67.1324,20.8146,Europe/Stockholm
GEX,YGLG,Geelong Airport,Geelong,AU,-38.225,144.33299,Australia/Melbourne
GEY,KGEY,South Big Horn County Airport,Greybull,US,44.5168,-108.083,America/Denver
GFD,KGFD,Pope Field,Greenfield,US,39.79028,-85.73611,America/Indiana/Indianapolis
GFF,YGTH,Griffith Airport,Griffith,AU,-34.2508,146.067,Australia/Sydney
GFK,KGFK,Grand Forks International Airport,Grand Forks,US,47.9493,-97.1761,America/Chicago
GFL,KGFL,Floyd Bennett Memorial Airport,Glens Falls,US,43.3412,-73.6103,America/New_York
GFN,YGFN,Grafton Airport,Grafton,AU,-29.7594,153.03,Australia/Sydney
GFO,SYBT,Bartica A Airport,Bartica,GY,6.37477,-58.6381,America/Guyana
GFR,LFRF,Granville Airport,Granville,FR,48.8831,-1.56417,Europe/Paris
GFY,FYGF,Grootfontein Airport,Grootfontein,NA,-19.6022,18.1227,Africa/Windhoek
GGB,SWHP,Fazenda Olhos D`agua Airport,Agua Boa,BR,-14.01944,-52.15222,America/Cuiaba
GGD,YGDS,Gregory Downs Airport,,AU,-18.625,139.233,Australia/Brisbane
GGE,KGGE,Georgetown County Airport,Georgetown,US,33.3117,-79.3196,America/New_York
GGF,SNYA,Almeirim Airport,Almeirim,BR,-1.49194,-52.57833,America/Santarem
GGG,KGGG,East Texas Regional Airport,Longview,US,32.384,-94.7115,America/Chicago
GGH,SSCT,Cianorte Airport,Cianorte,BR,-23.6915,-52.6419,America/Sao_Paulo
GGM,HKKG,Kakamega Airport,Kakamega,KE,0.27134,34.7873,Africa/Nairobi
GGN,DIGA,Gagnoa Airport,Gagnoa,CI,6.133,-5.95,Africa/Abidjan
GGO,DIGL,Guiglo Airport,Guiglo,CI,6.52499,-7.47861,Africa/Abidjan
GGS,SAWR,Gobernador Gregores Airport,Gobernador Gregores,AR,-48.7831,-70.15,America/Argentina/Rio_Gallegos
GGT,MYEF,Exuma International Airport,George Town,BS,23.5626,-75.878,America/Nassau
GGW,KGGW,Wokal Field Glasgow International Airport,Glasgow,US,48.2125,-106.615,America/Denver
GHA,DAUG,Noumerat - Moufdi Zakaria Airport,Ghardaia,DZ,32.3841,3.79411,Africa/Algiers
GHB,MYEM,Governor's Harbour Airport,Governor's Harbour,BS,25.2847,-76.331,America/Nassau
GHC,MYBG,Great Harbour Cay Airport,Great Harbour Cay,BS,25.7383,-77.8401,America/Nassau
GHF,ETEU,Giebelstadt Army Air Field,Giebelstadt,DE,49.6481,9.96649,Europe/Berlin
GHM,KGHM,Centerville Municipal Airport,Centerville,US,35.8374,-87.4454,America/Chicago
GHT,HLGT,Ghat Airport,Ghat,LY,25.1456,10.1426,Africa/Tripoli
GHU,SAAG,Gualeguaychu Airport,Gualeguaychu,AR,-33.0103,-58.6131,America/Argentina/Cordoba
GHV,LRBV,Brasov Airport,Brasov,RO,45.70622,25.52352,Europe/Bucharest
GIB,LXGB,Gibraltar Airport,Gibraltar,GI,36.1512,-5.34966,Europe/Gibraltar
GIC,YBOI,Boigu Airport,Boigu,AU,-9.23278,142.218,Australia/Brisbane
GID,HBBE,Gitega Airport,Gitega,BI,-3.41721,29.91131,Africa/Bujumbura
GIF,KGIF,Winter Haven's Gilbert Airport,Winter Haven,US,28.0629,-81.7533,America/New_York
GIG,SBGL,Galeao - Antonio Carlos Jobim International Airport,Rio De Janeiro,BR,-22.81,-43.25056,America/Sao_Paulo
GII,GUSI,Siguiri Airport,Siguiri,GN,11.433,-9.167,Africa/Conakry
GIL,OPGT,Gilgit Airport,Gilgit,PK,35.9188,74.3336,Asia/Karachi
GIR,SKGI,Santiago Vila Airport,Girardot,CO,4.27624,-74.7967,America/Bogota
GIS,NZGS,Gisborne Airport,Gisborne,NZ,-38.6633,177.978,Pacific/Auckland
GIU,VCCS,Sigiriya Air Force Base,Sigiriya,LK,7.95667,80.7285,Asia/Colombo
GIY,FAGI,Giyani Airport,Giyani,ZA,-23.2833,30.65,Africa/Johannesburg
GIZ,OEGN,Jizan Regional Airport,Jizan,SA,16.9011,42.5858,Asia/Riyadh
GJA,MHNJ,La Laguna Airport,Guanaja,HN,16.4454,-85.9066,America/Tegucigalpa
GJL,DAAV,Jijel Ferhat Abbas Airport,Jijel,DZ,36.7951,5.87361,Africa/Algiers
GJM,SBGM,Guajara-Mirim Airport,Guajara-Mirim,BR,-10.7864,-65.2848,America/Porto_Velho
GJR,BIGJ,Gjogur Airport,Gjogur,IS,65.9953,-21.3269,Atlantic/Reykjavik
GJT,KGJT,Grand Junction Regional Airport,Grand Junction,US,39.1224,-108.527,America/Denver
GKA,AYGA,Goroka Airport,Goronka,PG,-6.08169,145.392,Pacific/Port_Moresby
GKD,LTFK,Imroz Airport,Gokceada,TR,40.2045,25.8833,Europe/Istanbul
GKE,ETNG,Geilenkirchen Airport,Geilenkirchen,DE,50.9608,6.04242,Europe/Amsterdam
GKH,VNGK,Gorkha Airport,Gorkha,NP,28.05,84.483,Asia/Kathmandu
GKK,VRMO,Kooddoo Airport,Kooddoo,MV,0.73308,73.4342,Indian/Maldives
GKL,YGKL,Great Keppel Is Airport,,AU,-23.1833,150.942,Australia/Brisbane
GKN,PAGK,Gulkana Airport,Gulkana,US,62.1549,-145.457,America/Anchorage
GKT,KGKT,Gatlinburg Pigeon Forge Airport,Sevierville,US,35.8578,-83.5287,America/New_York
GLA,EGPF,Glasgow International Airport,Glasgow,GB,55.8719,-4.43306,Europe/London
GLD,KGLD,Renner Field-Goodland Municipal Airport,Goodland,US,39.3706,-101.699,America/Denver
GLE,KGLE,Gainesville Municipal Airport,Gainesville,US,33.6514,-97.197,America/Chicago
GLF,MRGF,Golfito Airport,Golfito,CR,8.65401,-83.1822,America/Costa_Rica
GLG,YGLE,Glengyle Airport,,AU,-24.8083,139.60001,Australia/Brisbane
GLH,KGLH,Greenville Mid-Delta Airport,Greenville,US,33.4829,-90.9856,America/Chicago
GLI,YGLI,Glen Innes Airport,Glen Innes,AU,-29.675,151.689,Australia/Sydney
GLJ,SKGZ,Garzon La Jagua Airport,Garzon,CO,2.1464,-75.6944,America/Bogota
GLK,HCMR,Galcaio Airport,Galcaio,SO,6.78083,47.4547,Africa/Mogadishu
GLL,ENKL,Gol Airport,Klanten,NO,60.7914,9.05056,Europe/Oslo
GLM,YGLO,Glenormiston Airport,,AU,-22.8883,138.825,Australia/Brisbane
GLO,EGBJ,Gloucestershire Airport,Staverton,GB,51.8942,-2.16722,Europe/London
GLR,KGLR,Gaylord Regional Airport,Gaylord,US,45.0135,-84.7036,America/Detroit
GLS,KGLS,Scholes International At Galveston Airport,Galveston,US,29.2653,-94.8604,America/Chicago
GLT,YGLA,Gladstone Airport,Gladstone,AU,-23.8697,151.22301,Australia/Brisbane
GLU,VQGP,Gelephu Airport,Gelephu,BT,26.88464,90.46416,Asia/Thimphu
GLV,PAGL,Golovin Airport,Golovin,US,64.5505,-163.007,America/Nome
GLW,KGLW,Glasgow Municipal Airport,Glasgow,US,37.0318,-85.9537,America/Chicago
GLX,WAMA,Gamarmalamo Airport,Galela-Celebes Island,ID,1.83833,127.786,Asia/Jayapura
GLZ,EHGR,Gilze Rijen Air Base,Breda,NL,51.5674,4.93183,Europe/Amsterdam
GMA,FZFK,Gemena Airport,Gemena,CD,3.23537,19.7713,Africa/Kinshasa
GMB,HAGM,Gambella Airport,Gambela,ET,8.12876,34.5631,Africa/Addis_Ababa
GMD,GMMB,Ben Slimane Airport,Ben Slimane,MA,33.6554,-7.22145,Africa/Casablanca
GME,UMGG,Gomel Airport,Gomel,BY,52.527,31.0167,Europe/Minsk
GMI,AYGT,Gasmata Island Airport,Gasmata Island,PG,-6.27111,150.33099,Pacific/Port_Moresby
GML,UKKM,Gostomel Airport,Kiev,UA,50.6035,30.1919,Europe/Kyiv
GMM,FCOG,Gamboma Airport,Gamboma,CG,-1.8294,15.88524,Africa/Brazzaville
GMN,NZGM,Greymouth Airport,Greymouth,NZ,-42.4617,171.19,Pacific/Auckland
GMO,DNGO,Gombe Lawanti International Airport,Gombe,NG,10.29833,10.89639,Africa/Lagos
GMP,RKSS,Gimpo International Airport,Seoul,KR,37.5583,126.791,Asia/Seoul
GMR,NTGJ,Totegegie Airport,,PF,-23.0799,-134.89,Pacific/Gambier
GMS,SNGM,Fazenda Canada Airport,Uberlandia,BR,-18.8625,-48.41528,America/Sao_Paulo
GMT,PAGZ,Granite Mountain Air Station,Granite Mountain,US,65.4021,-161.28101,America/Anchorage
GMU,KGMU,Greenville Downtown Airport,Greenville,US,34.8479,-82.35,America/New_York
GMZ,GCGM,La Gomera Airport,Alajero,ES,28.0296,-17.2146,Atlantic/Canary
GNA,UMMG,Hrodna Airport,Hrodna,BY,53.602,24.0538,Europe/Minsk
GNB,LFLS,Grenoble-Isere Airport,Grenoble/Saint-Geoirs,FR,45.3629,5.32937,Europe/Paris
GND,TGPY,Point Salines International Airport,Saint George's,GD,12.0042,-61.7862,America/Grenada
GNF,K2O1,Gansner Field,Quincy,US,39.9439,-120.945,America/Los_Angeles
GNG,KGNG,Gooding Municipal Airport,Gooding,US,42.9172,-114.765,America/Boise
GNI,RCGI,Lyudao Airport,Lyudao,TW,22.6739,121.466,Asia/Taipei
GNJ,UBBG,Ganja Airport,Ganja,AZ,40.7377,46.3176,Asia/Baku
GNM,SNGI,Guanambi Airport,Guanambi,BR,-14.2082,-42.7461,America/Bahia
GNN,HAGH,Ghinnir Airport,Ghinnir,ET,7.15,40.717,Africa/Addis_Ababa
GNR,SAHR,Dr. Arturo H. Illia Airport,General Roca,AR,-39.0007,-67.6205,America/Argentina/Salta
GNS,WIMB,Binaka Airport,Gunung Sitoli-Nias Island,ID,1.16638,97.7047,Asia/Jakarta
GNT,KGNT,Grants Milan Municipal Airport,Grants,US,35.1673,-107.902,America/Denver
GNV,KGNV,Gainesville Regional Airport,Gainesville,US,29.6901,-82.2718,America/New_York
GNY,LTCS,Sanliurfa GAP Airport,Sanliurfa,TR,37.44566,38.89559,Europe/Istanbul
GNZ,FBGZ,Ghanzi Airport,Ghanzi,BW,-21.6925,21.6581,Africa/Gaborone
GOA,LIMJ,Genova / Sestri Cristoforo Colombo Airport,Genova,IT,44.4133,8.8375,Europe/Rome
GOB,HAGB,Robe Airport,Goba,ET,7.017,40.0,Africa/Addis_Ababa
GOG,FYGB,Gobabis Airport,Gobabis,NA,-22.5044,18.9731,Africa/Windhoek
GOH,BGGH,Godthaab / Nuuk Airport,Nuuk,GL,64.1909,-51.6781,America/Nuuk
GOI,VOGO,Dabolim Airport,Dabolim,IN,15.38083,73.827,Asia/Kolkata
GOJ,UWGG,Nizhny Novgorod International Airport,Nizhny Novgorod,RU,56.2301,43.784,Europe/Moscow
GOK,KGOK,Guthrie-Edmond Regional Airport,Guthrie,US,35.8498,-97.4156,America/Chicago
GOM,FZNA,Goma International Airport,Goma,CD,-1.67081,29.2385,Africa/Kigali
GON,KGON,Groton New London Airport,Groton (New London),US,41.3301,-72.0451,America/New_York
GOO,YGDI,Goondiwindi Airport,Goondiwindi,AU,-28.5214,150.32001,Australia/Brisbane
GOP,VEGK,Gorakhpur Airport,Gorakhpur,IN,26.7397,83.4497,Asia/Kolkata
GOQ,ZLGM,Golmud Airport,Golmud,CN,36.4006,94.7861,Asia/Shanghai
GOR,HAGR,Gore Airport,Gore,ET,8.1614,35.5529,Africa/Addis_Ababa
GOT,ESGG,Gothenburg-Landvetter Airport,Gothenburg,SE,57.6628,12.2798,Europe/Stockholm
GOU,FKKR,Garoua International Airport,Garoua,CM,9.33589,13.3701,Africa/Douala
GOV,YPGV,Gove Airport,Nhulunbuy,AU,-12.2694,136.81799,Australia/Darwin
GOX,VOGA,Manohar International Airport,Mopa,IN,15.7322,73.868,Asia/Kolkata
GOZ,LBGO,Gorna Oryahovitsa Airport,Gorna Oryahovitsa,BG,43.1514,25.7129,Europe/Sofia
GPA,LGRX,Araxos Airport,Patras,GR,38.1511,21.4256,Europe/Athens
GPB,SBGU,Tancredo Thomas de Faria Airport,Guarapuava,BR,-25.3875,-51.5202,America/Sao_Paulo
GPI,SKGP,Juan Casiano Airport,Guapi,CO,2.57013,-77.8986,America/Bogota
GPL,MRGP,Guapiles Airport,Pococi,CR,10.2172,-83.797,America/Costa_Rica
GPN,YGPT,Garden Point Airport,Pirlangimpi,AU,-11.4025,130.422,Australia/Darwin
GPO,SAZG,General Pico Airport,General Pico,AR,-35.6962,-63.7583,America/Argentina/Salta
GPS,SEGS,Seymour Airport,Baltra,EC,-0.45376,-90.2659,Pacific/Galapagos
GPT,KGPT,Gulfport Biloxi International Airport,Gulfport,US,30.4073,-89.0701,America/Chicago
GPZ,KGPZ,Grand Rapids Itasca Co-Gordon Newstrom field,Grand Rapids,US,47.2111,-93.5098,America/Chicago
GQQ,KGQQ,Galion Municipal Airport,Galion,US,40.7534,-82.7238,America/New_York
GRB,KGRB,Austin Straubel International Airport,Green Bay,US,44.4851,-88.1296,America/Chicago
GRD,KGRD,Greenwood County Airport,Greenwood,US,34.2487,-82.1591,America/New_York
GRE,KGRE,Greenville Airport,Greenville,US,38.8362,-89.3784,America/Chicago
GRF,KGRF,Gray Army Air Field,Fort Lewis/Tacoma,US,47.0792,-122.581,America/Los_Angeles
GRI,KGRI,Central Nebraska Regional Airport,Grand Island,US,40.9675,-98.3096,America/Chicago
GRJ,FAGG,George Airport,George,ZA,-34.0056,22.3789,Africa/Johannesburg
GRK,KGRK,Robert Gray  Army Air Field Airport,Fort Cavazos/Killeen,US,31.0672,-97.8289,America/Chicago
GRL,AYGG,Garasa Airport,Au,PG,-7.98071,147.21346,Pacific/Port_Moresby
GRM,KCKC,Grand Marais Cook County Airport,Grand Marais,US,47.8383,-90.3829,America/Chicago
GRN,KGRN,Gordon Municipal Airport,Gordon,US,42.806,-102.175,America/Denver
GRO,LEGE,Girona Airport,Girona,ES,41.901,2.76055,Europe/Madrid
GRP,SWGI,Gurupi Airport,Gurupi,BR,-11.7396,-49.1322,America/Araguaina
GRQ,EHGG,Eelde Airport,Groningen,NL,53.1197,6.57944,Europe/Amsterdam
GRR,KGRR,Gerald R. Ford International Airport,Grand Rapids,US,42.8808,-85.5228,America/Detroit
GRS,LIRS,Grosseto Airport,Grosetto,IT,42.7597,11.0719,Europe/Rome
GRU,SBGR,Guarulhos - Governador Andre Franco Montoro International Airport,Sao Paulo,BR,-23.43556,-46.47306,America/Sao_Paulo
GRV,URMG,Grozny North Airport,Grozny,RU,43.3883,45.6986,Europe/Moscow
GRW,LPGR,Graciosa Airport,Santa Cruz da Graciosa,PT,39.0922,-28.0298,Atlantic/Azores
GRX,LEGR,Federico Garcia Lorca Airport,Granada,ES,37.1887,-3.77736,Europe/Madrid
GRY,BIGR,Grimsey Airport,Grimsey,IS,66.5458,-18.0173,Atlantic/Reykjavik
GRZ,LOWG,Graz Airport,Graz,AT,46.9911,15.4396,Europe/Vienna
GSA,WBKN,Long Pasia Airport,Long Miau,MY,4.4,115.717,Asia/Kuching
GSB,KGSB,Seymour Johnson Air Force Base,Goldsboro,US,35.3394,-77.9606,America/New_York
GSC,YGSC,Gascoyne Junction Airport,Gascoyne Junction,AU,-25.05,115.2,Australia/Perth
GSE,ESGP,Gothenburg City Airport,Gothenburg,SE,57.7747,11.8704,Europe/Stockholm
GSH,KGSH,Goshen Municipal Airport,Goshen,US,41.5264,-85.7929,America/Indiana/Indianapolis
GSI,SOGS,Grand-Santi Airport,Grand-Santi,GF,4.28583,-54.37306,America/Cayenne
GSJ,MGSJ,San Jose Airport,Puerto San Jose,GT,13.9362,-90.8358,America/Guatemala
GSM,OIKQ,Dayrestan Airport,Qeshm,IR,26.7546,55.9024,Asia/Tehran
GSN,YMGN,Mount Gunson Airport,Mount Gunson,AU,-31.4597,137.174,Australia/Adelaide
GSO,KGSO,Piedmont Triad International Airport,Greensboro,US,36.0978,-79.9373,America/New_York
GSP,KGSP,Greenville Spartanburg International Airport,Greenville,US,34.8957,-82.2189,America/New_York
GSQ,HEOW,Shark El Oweinat International Airport,Sharq El Owainat,EG,22.5857,28.7166,Africa/Cairo
GSR,HCMG,Gardo Airport,Gardo,SO,9.517,49.083,Africa/Mogadishu
GSS,FASE,Sabi Sabi Airport,Belfast,ZA,-24.9415,31.4446,Africa/Johannesburg
GST,PAGS,Gustavus Airport,Gustavus,US,58.4253,-135.707,America/Juneau
GSU,HSGF,Azaza Airport,Gedaref,SD,14.133,35.317,Africa/Khartoum
GSV,UWSG,Saratov Gagarin Airport,Saratov,RU,51.71278,46.17111,Europe/Saratov
GTA,AGOK,Gatokae Airport,Gatokae,SB,-8.73917,158.20306,Pacific/Guadalcanal
GTB,KGTB,Wheeler Sack Army Air Field,Fort Drum,US,44.0556,-75.7195,America/New_York
GTE,YGTE,Groote Eylandt Airport,Groote Eylandt,AU,-13.975,136.46001,Australia/Darwin
GTF,KGTF,Great Falls International Airport,Great Falls,US,47.482,-111.371,America/Denver
GTG,KGTG,Grantsburg Municipal Airport,Grantsburg,US,45.7981,-92.6644,America/Chicago
GTI,EDCG,Rugen Airport,Rugen,DE,54.38333,13.32556,Europe/Berlin
GTN,NZGT,Glentanner Airport,Glentanner Station,NZ,-43.9067,170.12801,Pacific/Auckland
GTO,WAMG,Jalaluddin Airport,Gorontalo-Celebes Island,ID,0.63712,122.85,Asia/Makassar
GTP,K3S8,Grants Pass Airport,Grants Pass,US,42.5101,-123.388,America/Los_Angeles
GTR,KGTR,Golden Triangle Regional Airport,Columbus/W Point/Starkville,US,33.4503,-88.5914,America/Chicago
GTS,YTGT,The Granites Airport,The Granites,AU,-20.5483,130.347,Australia/Darwin
GTT,YGTN,Georgetown Airport,Georgetown,AU,-18.305,143.53,Australia/Brisbane
GTW,LKHO,Holesov Airport,Holesov,CZ,49.3144,17.5689,Europe/Prague
GUA,MGGT,La Aurora Airport,Guatemala City,GT,14.5833,-90.5275,America/Guatemala
GUB,MMGR,Guerrero Negro Airport,Guerrero Negro,MX,28.0261,-114.024,America/Mazatlan
GUC,KGUC,Gunnison Crested Butte Regional Airport,Gunnison,US,38.5339,-106.933,America/Denver
GUD,GAGM,Goundam Airport,Goundam,ML,16.3614,-3.59972,Africa/Bamako
GUF,KJKA,Jack Edwards Airport,Gulf Shores,US,30.2905,-87.6718,America/Chicago
GUH,YGDH,Gunnedah Airport,Gunnedah,AU,-30.9611,150.25101,Australia/Sydney
GUI,SVGI,Guiria Airport,Guiria,VE,10.57408,-62.31267,America/Caracas
GUJ,SBGW,Guaratingueta Airport,Guaratingueta,BR,-22.7916,-45.2048,America/Sao_Paulo
GUL,YGLB,Goulburn Airport,Goulburn,AU,-34.8103,149.726,Australia/Sydney
GUM,PGUM,Antonio B. Won Pat International Airport,Hagatna,GU,13.4834,144.79601,Pacific/Guam
GUP,KGUP,Gallup Municipal Airport,Gallup,US,35.5111,-108.789,America/Denver
GUQ,SVGU,Guanare Airport,Guanare,VE,9.02694,-69.75515,America/Caracas
GUR,AYGN,Gurney Airport,Gurney,PG,-10.3115,150.334,Pacific/Port_Moresby
GUS,KGUS,Grissom ARB Airport,Peru,US,40.6481,-86.1521,America/Indiana/Indianapolis
GUT,ETUO,Gutersloh Airport,Gutersloh,DE,51.9228,8.30633,Europe/Berlin
GUU,BIGF,Grundarfjordur Airport,Grundarfjordur,IS,64.9914,-23.2247,Atlantic/Reykjavik
GUV,AYML,Mougulu Airport,Mougulu,PG,-6.28086,142.42077,Pacific/Port_Moresby
GUW,UATG,Atyrau Airport,Atyrau,KZ,47.1219,51.8214,Asia/Atyrau
GUX,VAGN,Guna Airport,,IN,24.6547,77.3473,Asia/Kolkata
GUY,KGUY,Guymon Municipal Airport,Guymon,US,36.6851,-101.508,America/Chicago
GUZ,SNGA,Guarapari Airport,Guarapari,BR,-20.6465,-40.4919,America/Sao_Paulo
GVA,LSGG,Geneva Cointrin International Airport,Geneva,CH,46.2381,6.10895,Europe/Paris
GVE,KGVE,Gordonsville Municipal Airport,Gordonsville,US,38.15636,-78.16541,America/New_York
GVI,AYGV,Green River Airport,Green River,PG,-3.90224,141.17052,Pacific/Port_Moresby
GVL,KGVL,Lee Gilmer Memorial Airport,Gainesville,US,34.2726,-83.8302,America/New_York
GVN,UHKM,Maygatka Airport.,Sovetskaya Gavan,RU,48.927,140.034,Asia/Vladivostok
GVP,YGNV,Greenvale Airport,Greenvale,AU,-18.9833,145.117,Australia/Brisbane
GVR,SBGV,Governador Valadares Airport,Governador Valadares,BR,-18.8952,-41.9822,America/Sao_Paulo
GVT,KGVT,Majors Airport,Greenville,US,33.0678,-96.0653,America/Chicago
GVX,ESSK,Gavle Sandviken Airport,Gavle / Sandviken,SE,60.5933,16.9514,Europe/Stockholm
GWA,VYGW,Gwa Airport,Gwa,MM,17.6,94.5833,Asia/Yangon
GWD,OPGD,Gwadar International Airport,Gwadar,PK,25.2333,62.3295,Asia/Karachi
GWE,FVTL,Thornhill Air Base,Gweru,ZW,-19.4364,29.8619,Africa/Harare
GWL,VIGR,Gwalior Airport,Gwalior,IN,26.2933,78.2278,Asia/Kolkata
GWO,KGWO,Greenwood Leflore Airport,Greenwood,US,33.4943,-90.0847,America/Chicago
GWS,KGWS,Glenwood Springs Municipal Airport,Glenwood Springs,US,39.5083,-107.311,America/Denver
GWT,EDXW,Westerland Sylt Airport,Westerland,DE,54.9132,8.34047,Europe/Berlin
GWY,EICM,Galway Airport,Galway,IE,53.3002,-8.94159,Europe/Dublin
GXF,OYSY,Sayun International Airport,Sayun,YE,15.9661,48.7883,Asia/Aden
GXG,FNNG,Negage Airport,Negage,AO,-7.75451,15.2877,Africa/Luanda
GXQ,SCCY,Teniente Vidal Airport,Coyhaique,CL,-45.5942,-72.1061,America/Santiago
GXX,FKKJ,Yagoua Airport,Yagoua,CM,10.3561,15.2372,Africa/Douala
GXY,KGXY,Greeley Weld County Airport,Greeley,US,40.4374,-104.633,America/Denver
GYA,SLGY,Capitan de Av. Emilio Beltran Airport,Guayaramerin,BO,-10.8206,-65.3456,America/La_Paz
GYD,UBBB,Heydar Aliyev International Airport,Baku,AZ,40.4675,50.0467,Asia/Baku
GYE,SEGU,Simon Bolivar International Airport,Guayaquil,EC,-2.15742,-79.8836,America/Guayaquil
GYG,UEMM,Magan Airport,Magan,RU,62.10348,129.54529,Asia/Yakutsk
GYI,HRYG,Gisenyi Airport,Gisenyi,RW,-1.6772,29.2589,Africa/Kigali
GYL,YARG,Argyle Airport,,AU,-16.6369,128.451,Australia/Perth
GYM,MMGM,General Jose Maria Yanez International Airport,Guaymas,MX,27.969,-110.925,America/Hermosillo
GYN,SBGO,Santa Genoveva Airport,Goiania,BR,-16.632,-49.2207,America/Sao_Paulo
GYP,YGYM,Gympie Airport,Gympie,AU,-26.2828,152.702,Australia/Brisbane
GYR,KGYR,Phoenix Goodyear Airport,Goodyear,US,33.4225,-112.376,America/Phoenix
GYS,ZUGU,Guangyuan Airport,Guangyuan,CN,32.3911,105.702,Asia/Shanghai
GYU,ZLGY,Guyuan Liupanshan Airport,Guyuan,CN,36.07889,106.21694,Asia/Shanghai
GYY,KGYY,Gary Chicago International Airport,Gary,US,41.6163,-87.4128,America/Chicago
GYZ,YGRM,Gruyere Mine Airport,Gruyere,AU,-28.03399,123.81405,Australia/Perth
GZG,ZUGZ,Garze Gesar Airport,Garze,CN,31.7575,99.55417,Asia/Shanghai
GZO,AGGN,Nusatupe Airport,Gizo,SB,-8.09778,156.864,Pacific/Guadalcanal
GZP,LTFG,Gazipasa Airport,Gazipasa,TR,36.29922,32.3006,Europe/Istanbul
GZT,LTAJ,Gaziantep International Airport,Gaziantep,TR,36.9472,37.4787,Europe/Istanbul
GZW,OIIK,Qazvin Airport,Qazvin,IR,36.2401,50.0471,Asia/Tehran
HAA,ENHK,Hasvik Airport,Hasvik,NO,70.4867,22.1397,Europe/Oslo
HAB,KHAB,Marion County Rankin Fite Airport,Hamilton,US,34.1176,-87.9982,America/Chicago
HAC,RJTH,Hachijojima Airport,Hachijojima,JP,33.115,139.786,Asia/Tokyo
HAD,ESMT,Halmstad Airport,Halmstad,SE,56.6911,12.8202,Europe/Stockholm
HAF,KHAF,Half Moon Bay Airport,Half Moon Bay,US,37.5134,-122.501,America/Los_Angeles
HAH,FMCH,Prince Said Ibrahim International Airport,Moroni,KM,-11.5337,43.2719,Indian/Comoro
HAI,KHAI,Three Rivers Municipal Dr Haines Airport,Three Rivers,US,41.9598,-85.5934,America/Detroit
HAJ,EDDV,Hannover Airport,Hannover,DE,52.4611,9.68508,Europe/Berlin
HAK,ZJHK,Haikou Meilan International Airport,Haikou,CN,19.9349,110.459,Asia/Shanghai
HAM,EDDH,Hamburg Airport,Hamburg,DE,53.6304,9.98823,Europe/Berlin
HAN,VVNB,Noi Bai International Airport,Hanoi,VN,21.2212,105.807,Asia/Bangkok
HAO,KHAO,Butler Co Regional Airport,Hamilton,US,39.3638,-84.522,America/New_York
HAQ,VRMH,Hanimaadhoo Airport,Haa Dhaalu Atoll,MV,6.74423,73.1705,Indian/Maldives
HAR,KCXY,Capital City Airport,Harrisburg,US,40.2171,-76.8515,America/New_York
HAS,OEHL,Hail Airport,Hail,SA,27.4379,41.6863,Asia/Riyadh
HAT,YHTL,Heathlands Airport,,AU,-11.75,142.58299,Australia/Brisbane
HAU,ENHD,Haugesund Airport,Karmoy,NO,59.3453,5.20836,Europe/Oslo
HAV,MUHA,Jose Marti International Airport,Havana,CU,22.9892,-82.4091,America/Havana
HAW,EGFE,Haverfordwest Airport,Haverfordwest,GB,51.8331,-4.96111,Europe/London
HAY,SKAG,Aguachica Airport,Aguachica,CO,8.3,-73.6306,America/Bogota
HBA,YMHB,Hobart International Airport,Hobart,AU,-42.8361,147.50999,Australia/Hobart
HBE,HEBA,Borg El Arab International Airport,Alexandria,EG,30.9177,29.6964,Africa/Cairo
HBG,KHBG,Hattiesburg Bobby L Chain Municipal Airport,Hattiesburg,US,31.2648,-89.2528,America/Chicago
HBK,KP14,Holbrook Municipal Airport,Holbrook,US,34.9407,-110.138,America/Phoenix
HBQ,ZLHB,Haibei Qilian Airport,Haibei,CN,38.012,100.644,Asia/Shanghai
HBR,KHBR,Hobart Regional Airport,Hobart,US,34.9913,-99.0514,America/Chicago
HBT,OEKK,King Khaled Military City Airport,King Khaled Military City,SA,27.9009,45.5282,Asia/Riyadh
HBU,ZMBS,Bulgan Sum Airport,Bulgan,MN,46.1006,91.5842,Asia/Hovd
HBX,VAHB,Hubli Airport,Hubli,IN,15.3617,75.0849,Asia/Kolkata
HCC,K1B1,Columbia County Airport,Hudson,US,42.29131,-73.71033,America/New_York
HCM,HCME,Eil Airport,Eil,SO,7.917,49.8,Africa/Mogadishu
HCN,RCKW,Hengchun Airport,Hengchung,TW,22.0411,120.73,Asia/Taipei
HCQ,YHLC,Halls Creek Airport,Halls Creek,AU,-18.2339,127.67,Australia/Perth
HCR,PAHC,Holy Cross Airport,Holy Cross,US,62.1883,-159.77499,America/Anchorage
HCW,KCQW,Cheraw Municipal Lynch Bellinger Field,Cheraw,US,34.7129,-79.957,America/New_York
HCZ,ZGCZ,Chenzhou Beihu Airport,Chenzhou,CN,25.75321,112.84496,Asia/Shanghai
HDD,OPKD,Hyderabad Airport,Hyderabad,PK,25.3181,68.3661,Asia/Karachi
HDE,KHDE,Brewster Field,Holdrege,US,40.4521,-99.3365,America/Chicago
HDF,EDAH,Heringsdorf Airport,Heringsdorf,DE,53.8787,14.1523,Europe/Berlin
HDG,ZBHD,Handan Airport,Handan,CN,36.52583,114.42556,Asia/Shanghai
HDH,PHDH,Dillingham Airfield,Mokuleia,US,21.5795,-158.19701,Pacific/Honolulu
HDK,VRBK,Kulhudhuffushi Airport,Kulhudhuffushi,MV,6.63111,73.06667,Indian/Maldives
HDM,OIHH,Hamadan Airport,Hamadan,IR,34.8692,48.5525,Asia/Tehran
HDN,KHDN,Yampa Valley Airport,Hayden,US,40.4812,-107.218,America/Denver
HDO,VIDX,Hindon Air Force Station,Ghaziabad,IN,28.7077,77.3589,Asia/Kolkata
HDR,OIKP,Havadarya Airport,Havadarya,IR,27.1583,56.1725,Asia/Tehran
HDS,FAHS,Hoedspruit Air Force Base Airport,Hoedspruit,ZA,-24.3686,31.0487,Africa/Johannesburg
HDY,VTSS,Hat Yai International Airport,Hat Yai,TH,6.93321,100.393,Asia/Bangkok
HEA,OAHR,Herat Airport,Herat,AF,34.21,62.2283,Asia/Kabul
HED,AK33,Herendeen Bay Airport,Herendeen Bay,US,55.8014,-160.899,America/Anchorage
HEE,KHEE,Thompson Robbins Airport,Helena/West Helena,US,34.5765,-90.6759,America/Chicago
HEG,HSHG,Heglig Airport,Heglig Oilfield,SD,9.99493,29.39772,Africa/Khartoum
HEH,VYHH,Heho Airport,Heho,MM,20.747,96.792,Asia/Yangon
HEI,EDXB,Heide-Busum Airport,Busum,DE,54.15333,8.90167,Europe/Berlin
HEK,ZYHE,Heihe Airport,Heihe,CN,50.17162,127.30888,Asia/Shanghai
HEL,EFHK,Helsinki Vantaa Airport,Helsinki,FI,60.3172,24.9633,Europe/Helsinki
HEM,EFHF,Helsinki Malmi Airport,Helsinki,FI,60.2546,25.0428,Europe/Helsinki
HER,LGIR,Heraklion International Nikos Kazantzakis Airport,Heraklion,GR,35.3397,25.1803,Europe/Athens
HES,KHRI,Hermiston Municipal Airport,Hermiston,US,45.8282,-119.259,America/Los_Angeles
HET,ZBHH,Baita International Airport,Hohhot,CN,40.8514,111.824,Asia/Shanghai
HEV,LEMF,Mafe - Gibraleon Airport,Gibraleon,ES,37.3643,-6.92094,Europe/Madrid
HEW,LGAT,Athen Helenikon Airport,Athens,GR,37.8933,23.7261,Europe/Athens
HEZ,KHEZ,Hardy Anders Field Natchez Adams County Airport,Natchez,US,31.6137,-91.2973,America/Chicago
HFA,LLHA,Haifa International Airport,Haifa,IL,32.8094,35.0431,Asia/Jerusalem
HFD,KHFD,Hartford Brainard Airport,Hartford,US,41.7367,-72.6494,America/New_York
HFE,ZSOF,Hefei Xinqiao International Airport,Hefei,CN,31.98898,116.9638,Asia/Shanghai
HFF,KHFF,Mackall Army Air Field,Camp Mackall,US,35.0365,-79.4975,America/New_York
HFN,BIHN,Hornafjordur Airport,Hornafjordur,IS,64.2956,-15.2272,Atlantic/Reykjavik
HFS,ESOH,Hagfors Airport,Hagfors,SE,60.0201,13.5789,Europe/Stockholm
HFT,ENHF,Hammerfest Airport,Hammerfest,NO,70.6797,23.6686,Europe/Oslo
HGA,HCMH,Egal International Airport,Hargeisa,SO,9.51817,44.0888,Africa/Mogadishu
HGD,YHUG,Hughenden Airport,Hughenden,AU,-20.815,144.22501,Australia/Brisbane
HGE,SVHG,Higuerote Airport,Higuerote,VE,10.46245,-66.09276,America/Caracas
HGH,ZSHC,Hangzhou Xiaoshan International Airport,Hangzhou,CN,30.2295,120.434,Asia/Shanghai
HGI,VEHO,Donyi Polo Airport,Itanagar,IN,26.97184,93.64231,Asia/Kolkata
HGL,EDXH,Helgoland-Dune Airport,Helgoland,DE,54.18528,7.91583,Europe/Berlin
HGN,VTCH,Mae Hong Son Airport,Mae Hong Son,TH,19.3013,97.9758,Asia/Bangkok
HGO,DIKO,Korhogo Airport,Korhogo,CI,9.38718,-5.55666,Africa/Abidjan
HGR,KHGR,Hagerstown Regional Richard A Henson Field,Hagerstown,US,39.7079,-77.7295,America/New_York
HGS,GFHA,Hastings Airport,Freetown,SL,8.39713,-13.1291,Africa/Freetown
HGU,AYMH,Mount Hagen Kagamuga Airport,Mount Hagen,PG,-5.82679,144.29601,Pacific/Port_Moresby
HGZ,2AK6,Hog River Airport,Hogatza,US,66.2161,-155.66901,America/Anchorage
HHE,RJSH,Hachinohe Airport,Hachinohe,JP,40.5564,141.466,Asia/Tokyo
HHH,KHXD,Hilton Head Airport,Hilton Head Island,US,32.2244,-80.6975,America/New_York
HHI,PHHI,Wheeler Army Airfield,Wahiawa,US,21.4835,-158.03999,Pacific/Honolulu
HHN,EDFH,Frankfurt-Hahn Airport,Hahn,DE,49.9487,7.26389,Europe/Berlin
HHQ,VTPH,Hua Hin Airport,Hua Hin,TH,12.6362,99.9515,Asia/Bangkok
HHR,KHHR,Jack Northrop Field Hawthorne Municipal Airport,Hawthorne,US,33.9228,-118.335,America/Los_Angeles
HHZ,NTGH,Hikueru Atoll Airport,Hikueru Atoll,PF,-17.5447,-142.614,Pacific/Tahiti
HIA,ZSSH,Lianshui Airport,Huai'an,CN,33.79083,119.125,Asia/Shanghai
HIB,KHIB,Range Regional Airport,Hibbing,US,47.3866,-92.839,America/Chicago
HID,YHID,Horn Island Airport,Horn Island,AU,-10.5864,142.28999,Australia/Brisbane
HIE,KHIE,Mount Washington Regional Airport,Whitefield,US,44.3676,-71.5445,America/New_York
HIF,KHIF,Hill Air Force Base,Ogden,US,41.1239,-111.973,America/Denver
HIG,YHHY,Highbury Airport,,AU,-16.4333,143.14999,Australia/Brisbane
HII,KHII,Lake Havasu City Airport,Lake Havasu City,US,34.5711,-114.358,America/Phoenix
HIJ,RJOA,Hiroshima Airport,Hiroshima,JP,34.4361,132.91901,Asia/Tokyo
HIM,VCCH,Hingurakgoda Airport,Polonnaruwa Town,LK,8.04981,80.9814,Asia/Colombo
HIN,RKPS,Sacheon Air Base,Sacheon,KR,35.0885,128.07001,Asia/Seoul
HIO,KHIO,Portland Hillsboro Airport,Portland,US,45.5404,-122.95,America/Los_Angeles
HIP,YHDY,Headingly Airport,,AU,-21.3333,138.283,Australia/Brisbane
HIR,AGGH,Honiara International Airport,Honiara,SB,-9.428,160.05499,Pacific/Guadalcanal
HIW,RJBH,Hiroshimanishi Airport,Hiroshima,JP,34.3669,132.414,Asia/Tokyo
HJJ,ZGCJ,Zhijiang Airport,Huaihua,CN,27.44111,109.7,Asia/Shanghai
HJR,VAKJ,Khajuraho Airport,Khajuraho,IN,24.8172,79.9186,Asia/Kolkata
HJT,ZMHU,Khujirt Airport,Khujirt,MN,46.9258,102.773,Asia/Ulaanbaatar
HKA,KHKA,Blytheville Municipal Airport,Blytheville,US,35.9404,-89.8308,America/Chicago
HKD,RJCH,Hakodate Airport,Hakodate,JP,41.77,140.82201,Asia/Tokyo
HKG,VHHH,Chek Lap Kok International Airport,Hong Kong,HK,22.3089,113.915,Asia/Hong_Kong
HKK,NZHK,Hokitika Airfield,Hokitika,NZ,-42.7136,170.985,Pacific/Auckland
HKN,AYHK,Kimbe Airport,Hoskins,PG,-5.46217,150.405,Pacific/Port_Moresby
HKS,KHKS,Hawkins Field,Jackson,US,32.3345,-90.2222,America/Chicago
HKT,VTSP,Phuket International Airport,Phuket,TH,8.1132,98.3169,Asia/Bangkok
HKV,LBHS,Uzundzhovo Air Base,Haskovo,BG,41.9764,25.5898,Europe/Sofia
HKY,KHKY,Hickory Regional Airport,Hickory,US,35.7411,-81.3895,America/New_York
HLA,FALA,Lanseria Airport,Johannesburg,ZA,-25.9385,27.9261,Africa/Johannesburg
HLB,KHLB,Batesville Airport,Batesville,US,39.3445,-85.2583,America/Indiana/Indianapolis
HLC,KHLC,Hill City Municipal Airport,Hill City,US,39.3788,-99.8315,America/Chicago
HLD,ZBLA,Dongshan Airport,Hailar,CN,49.205,119.825,Asia/Shanghai
HLE,FHSH,Saint Helena Airport,Saint Helena,SH,-15.96211,-5.6459,Atlantic/St_Helena
HLF,ESSF,Hultsfred Airport,Hultsfred,SE,57.5258,15.8233,Europe/Stockholm
HLG,KHLG,Wheeling Ohio County Airport,Wheeling,US,40.175,-80.6463,America/New_York
HLH,ZBUL,Ulanhot Airport,Ulanhot,CN,46.19533,122.00833,Asia/Shanghai
HLI,KCVH,Hollister Municipal Airport,Hollister,US,36.8933,-121.41,America/Los_Angeles
HLJ,EYSB,Barysiai Airport,Barysiai,LT,56.0706,23.5581,Europe/Vilnius
HLL,YHIL,Hillside Airport,,AU,-21.75,119.417,Australia/Perth
HLM,KHLM,Park Township Airport,Holland,US,42.7959,-86.162,America/Detroit
HLN,KHLN,Helena Regional Airport,Helena,US,46.6068,-111.983,America/Denver
HLO,BIID,Ingjaldssandur Airport,Onundarfjordur,IS,66.05,-23.6961,Atlantic/Reykjavik
HLP,WIHH,Halim Perdanakusuma International Airport,Jakarta,ID,-6.26661,106.891,Asia/Jakarta
HLR,KHLR,Yoakum–DeFrenn Army Heliport,Fort Cavazos(Killeen),US,31.1387,-97.7145,America/Chicago
HLS,YSTH,St Helens Airport,St Helens,AU,-41.3367,148.282,Australia/Hobart
HLT,YHML,Hamilton Airport,Hamilton,AU,-37.6489,142.065,Australia/Melbourne
HLU,NWWH,Nesson Airport,Houailou,NC,-21.2564,165.617,Pacific/Noumea
HLW,FAHL,Hluhluwe Airport,Hluhluwe,ZA,-28.0166,32.27517,Africa/Johannesburg
HLY,EGOV,Anglesey Airport,Angelsey,GB,53.2481,-4.53534,Europe/London
HLZ,NZHN,Hamilton International Airport,Hamilton,NZ,-37.8667,175.332,Pacific/Auckland
HMA,USHH,Khanty Mansiysk Airport,Khanty-Mansiysk,RU,61.0285,69.0861,Asia/Yekaterinburg
HMB,HEMK,Sohag International Airport,Sohag,EG,26.34278,31.74278,Africa/Cairo
HME,DAUH,Oued Irara Airport,Hassi Messaoud,DZ,31.673,6.14044,Africa/Algiers
HMG,YHMB,Hermannsburg Airport,Hermannsburg,AU,-23.93,132.80499,Australia/Darwin
HMI,ZWHM,Hami Airport,Hami,CN,42.8414,93.6692,Asia/Shanghai
HMJ,UKLH,Khmelnytskyi Airport,Khmelnytskyi,UA,49.3597,26.9334,Europe/Kyiv
HMN,KHMN,Holloman Air Force Base,Alamogordo,US,32.8525,-106.107,America/Denver
HMO,MMHO,General Ignacio P. Garcia International Airport,Hermosillo,MX,29.0959,-111.048,America/Hermosillo
HMR,ENHA,Stafsberg Airport,Hamar,NO,60.8181,11.068,Europe/Oslo
HMT,KHMT,Hemet Ryan Airport,Hemet,US,33.734,-117.023,America/Los_Angeles
HMV,ESUT,Hemavan Airport,Hemavan,SE,65.8061,15.0828,Europe/Stockholm
HMY,RKTP,Seosan Air Base,Seosan,KR,36.704,126.486,Asia/Seoul
HNA,RJSI,Hanamaki Airport,Hanamaki,JP,39.4286,141.13499,Asia/Tokyo
HNB,KHNB,Huntingburg Airport,Huntingburg,US,38.249,-86.9537,America/Indiana/Vincennes
HNC,KHSE,Billy Mitchell Airport,Hatteras,US,35.2328,-75.6178,America/New_York
HND,RJTT,Tokyo International Airport,Tokyo,JP,35.5523,139.78,Asia/Tokyo
HNE,PAHE,Tahneta Pass Airport,Tahneta Pass Lodge,US,61.9014,-147.304,America/Anchorage
HNH,PAOH,Hoonah Airport,Hoonah,US,58.0961,-135.41,America/Juneau
HNI,ZGHC,Hechi Jinchengjiang Airport,Hechi,CN,24.80242,107.71314,Asia/Shanghai
HNL,PHNL,Honolulu International Airport,Honolulu,US,21.3187,-157.922,Pacific/Honolulu
HNM,PHHN,Hana Airport,Hana,US,20.7956,-156.01401,Pacific/Honolulu
HNS,PAHN,Haines Airport,Haines,US,59.2438,-135.524,America/Juneau
HNY,ZGHY,Hengyang Airport,Hengyang,CN,26.9053,112.628,Asia/Shanghai
HOA,HKHO,Hola Airport,Hola,KE,-1.522,40.004,Africa/Nairobi
HOB,KHOB,Lea County Regional Airport,Hobbs,US,32.6875,-103.217,America/Denver
HOD,OYHD,Hodeidah International Airport,Hodeida,YE,14.753,42.9763,Asia/Aden
HOF,OEAH,Al Ahsa Airport,Hofuf,SA,25.2853,49.4852,Asia/Riyadh
HOG,MUHG,Frank Pais International Airport,Holguin,CU,20.7856,-76.3151,America/Havana
HOH,LOIH,Hohenems-Dornbirn Airport,Hohenems / Dornbirn,AT,47.385,9.7,Europe/Vienna
HOI,NTTO,Hao Airport,Otepa,PF,-18.0748,-140.946,Pacific/Tahiti
HOK,YHOO,Hooker Creek Airport,Lajamanu,AU,-18.3367,130.638,Australia/Darwin
HOM,PAHO,Homer Airport,Homer,US,59.6456,-151.47701,America/Anchorage
HON,KHON,Huron Regional Airport,Huron,US,44.3852,-98.2285,America/Chicago
HOP,KHOP,Campbell AAF (Fort Campbell) Air Field,Fort Campbell/Hopkinsville,US,36.6686,-87.4962,America/Chicago
HOQ,EDQM,Hof-Plauen Airport,Hof,DE,50.28861,11.85639,Europe/Berlin
HOR,LPHR,Horta Airport,Horta,PT,38.5199,-28.7159,Atlantic/Azores
HOS,SAHC,Chos Malal Airport,Chos Malal,AR,-37.4447,-70.2225,America/Argentina/Salta
HOT,KHOT,Memorial Field,Hot Springs,US,34.478,-93.0962,America/Chicago
HOU,KHOU,William P Hobby Airport,Houston,US,29.6454,-95.2789,America/Chicago
HOV,ENOV,Orsta-Volda Airport Hovden,Orsta,NO,62.18,6.0741,Europe/Oslo
HOX,VYHL,Hommalinn Airport,Hommalinn,MM,24.8996,94.914,Asia/Yangon
HPA,NFTL,Lifuka Island Airport,Lifuka,TO,-19.777,-174.341,Pacific/Tongatapu
HPB,PAHP,Hooper Bay Airport,Hooper Bay,US,61.5239,-166.147,America/Nome
HPH,VVCI,Cat Bi International Airport,Haiphong,VN,20.8194,106.725,Asia/Bangkok
HPN,KHPN,Westchester County Airport,White Plains,US,41.067,-73.7076,America/New_York
HPT,KHPT,Hampton Municipal Airport,Hampton,US,42.7237,-93.2263,America/Chicago
HPY,KHPY,Baytown Airport,Baytown,US,29.7861,-94.9527,America/Chicago
HQL,ZWTK,Tashkurgan Khunjerab Airport,Tashkurgan,CN,37.66271,75.29227,Asia/Shanghai
HQM,KHQM,Bowerman Airport,Hoquiam,US,46.9712,-123.937,America/Los_Angeles
HRB,ZYHB,Taiping Airport,Harbin,CN,45.6234,126.25,Asia/Shanghai
HRE,FVHA,Harare International Airport,Harare,ZW,-17.9318,31.0928,Africa/Harare
HRF,VRAH,Hoarafushi Airport,Hoarafushi,MV,6.96918,72.8965,Indian/Maldives
HRG,HEGN,Hurghada International Airport,Hurghada,EG,27.1783,33.7994,Africa/Cairo
HRH,VIAH,Dhanipur Airstrip,Aligarth,IN,27.86086,78.14687,Asia/Kolkata
HRI,VCRI,Mattala Rajapaksa International Airport,Mattala,LK,6.28889,81.12361,Asia/Colombo
HRK,UKHH,Kharkiv International Airport,Kharkiv,UA,49.9248,36.29,Europe/Kyiv
HRL,KHRL,Valley International Airport,Harlingen,US,26.2285,-97.6544,America/Chicago
HRM,DAFH,Hassi R'Mel Airport,,DZ,32.9304,3.31154,Africa/Algiers
HRO,KHRO,Boone County Airport,Harrison,US,36.2615,-93.1547,America/Chicago
HRS,FAHR,Harrismith Airport,Harrismith,ZA,-28.2351,29.1062,Africa/Johannesburg
HRT,EGXU,RAF Linton-On-Ouse,Linton-On-Ouse,GB,54.0489,-1.25275,Europe/London
HRY,YHBY,Henbury Airport,,AU,-24.55,133.217,Australia/Darwin
HRZ,SSHZ,Horizontina Airport,Horizontina,BR,-27.6383,-54.3391,America/Sao_Paulo
HSA,UAIT,Hazrat Sultan International Airport,Turkistan,KZ,43.2769,68.1904,Asia/Almaty
HSB,KHSB,Harrisburg Raleigh Airport,Harrisburg,US,37.8113,-88.5503,America/Chicago
HSC,ZGSG,Shaoguan Guitou Airport,Shaoguan,CN,24.97313,113.42369,Asia/Shanghai
HSG,RJFS,Saga Airport,Saga,JP,33.1497,130.302,Asia/Tokyo
HSH,KHND,Henderson Executive Airport,Las Vegas,US,35.9728,-115.134,America/Los_Angeles
HSI,KHSI,Hastings Municipal Airport,Hastings,US,40.6053,-98.4279,America/Chicago
HSK,LEHC,Huesca/Pirineos Airport,Monflorite/Alcala del Obispo,ES,42.0761,-0.31667,Europe/Madrid
HSL,PAHL,Huslia Airport,Huslia,US,65.6979,-156.351,America/Anchorage
HSM,YHSM,Horsham Airport,Horsham,AU,-36.6697,142.173,Australia/Melbourne
HSN,ZSZS,Zhoushan Airport,Zhoushan,CN,29.9342,122.362,Asia/Shanghai
HSP,KHSP,Ingalls Field,Hot Springs,US,37.9514,-79.8339,America/New_York
HSR,VAHS,Rajkot International Airport,Rajkot,IN,22.38191,71.03168,Asia/Kolkata
HSS,VIHR,Hissar Airport,Hisar,IN,29.1794,75.7553,Asia/Kolkata
HST,KHST,Homestead ARB Airport,Homestead,US,25.4886,-80.3836,America/New_York
HSV,KHSV,Huntsville International Carl T Jones Field,Huntsville,US,34.6372,-86.7751,America/Chicago
HSZ,RCPO,Hsinchu Air Base,Hsinchu City,TW,24.818,120.939,Asia/Taipei
HTA,UIAA,Chita-Kadala Airport,Chita,RU,52.0263,113.306,Asia/Chita
HTG,UOHH,Khatanga Airport,Khatanga,RU,71.9781,102.491,Asia/Krasnoyarsk
HTH,KHTH,Hawthorne Industrial Airport,Hawthorne,US,38.5444,-118.634,America/Los_Angeles
HTI,YBHM,Hamilton Island Airport,Hamilton Island,AU,-20.3581,148.952,Australia/Lindeman
HTL,KHTL,Roscommon County - Blodgett Memorial Airport,Houghton Lake,US,44.3598,-84.6711,America/Detroit
HTN,ZWTN,Hotan Airport,Hotan,CN,37.0385,79.8649,Asia/Shanghai
HTO,KJPX,Town of East Hampton Airport,East Hampton,US,40.9596,-72.2518,America/New_York
HTR,RORH,Hateruma Airport,Hateruma,JP,24.0589,123.806,Asia/Tokyo
HTS,KHTS,Tri-State/Milton J. Ferguson Field,Huntington,US,38.3667,-82.558,America/New_York
HTU,YHPN,Hopetoun Airport,Hopetoun,AU,-35.7153,142.36,Australia/Melbourne
HTV,KUTS,Huntsville Municipal Airport,Huntsville,US,30.7469,-95.5872,America/Chicago
HTW,KHTW,Lawrence County Airpark,Chesapeake/Huntington Wva,US,38.4193,-82.4943,America/New_York
HTY,LTDA,Hatay Airport,Hatay,TR,36.36278,36.28222,Europe/Istanbul
HTZ,SKHC,Hato Corozal Airport,Hato Corozal,CO,6.15,-71.75,America/Bogota
HUA,KHUA,Redstone Army Air Field,Redstone Arsnl Huntsville,US,34.6787,-86.6848,America/Chicago
HUB,YHBR,Humbert River Airport,,AU,-16.48967,130.63028,Australia/Darwin
HUE,HAHU,Humera Airport,Humera,ET,14.25,36.583,Africa/Addis_Ababa
HUF,KHUF,Terre Haute International Hulman Field,Terre Haute,US,39.4515,-87.3076,America/Indiana/Indianapolis
HUG,MGHT,Huehuetenango Airport,Huehuetenango,GT,15.3274,-91.4624,America/Guatemala
HUH,NTTH,Huahine-Fare Airport,Fare,PF,-16.6872,-151.022,Pacific/Tahiti
HUI,VVPB,Phu Bai Airport,Hue,VN,16.4015,107.703,Asia/Ho_Chi_Minh
HUJ,KHHW,Stan Stamper Municipal Airport,Hugo,US,34.0348,-95.5419,America/Chicago
HUL,KHUL,Houlton International Airport,Houlton,US,46.1231,-67.7921,America/Moncton
HUM,KHUM,Houma Terrebonne Airport,Houma,US,29.5665,-90.6604,America/Chicago
HUN,RCYU,Hualien Airport,Hualien City,TW,24.0231,121.618,Asia/Taipei
HUO,ZBHZ,Huolinguole Huolinhe Airport,Holingol,CN,45.48722,119.40722,Asia/Shanghai
HUQ,HLON,Hon Airport,Hun,LY,29.1101,15.9656,Africa/Tripoli
HUS,PAHU,Hughes Airport,Hughes,US,66.0411,-154.263,America/Anchorage
HUT,KHUT,Hutchinson Municipal Airport,Hutchinson,US,38.0655,-97.8606,America/Chicago
HUU,SPNC,Alferez Fap David Figueroa Fernandini Airport,Huanuco,PE,-9.87881,-76.2048,America/Lima
HUW,SWHT,Humaita Airport,Humaita,BR,-7.53212,-63.0721,America/Manaus
HUX,MMBT,Bahias de Huatulco International Airport,Huatulco,MX,15.7753,-96.2626,America/Mexico_City
HUY,EGNJ,Humberside Airport,Grimsby,GB,53.5744,-0.35083,Europe/London
HUZ,ZGHZ,Huizhou Airport,Huizhou,CN,23.05,114.6,Asia/Shanghai
HVA,FMNL,Analalava Airport,Analalava,MG,-14.6297,47.7638,Indian/Antananarivo
HVB,YHBA,Hervey Bay Airport,Hervey Bay,AU,-25.3189,152.88,Australia/Brisbane
HVD,ZMKD,Khovd Airport,Khovd,MN,47.9541,91.6282,Asia/Hovd
HVE,KHVE,Hanksville Airport,Hanksville,US,38.418,-110.704,America/Denver
HVG,ENHV,Valan Airport,Honningsvag,NO,71.0097,25.9836,Europe/Oslo
HVK,BIHK,Holmavik Airport,Holmavik,IS,65.7047,-21.6964,Atlantic/Reykjavik
HVM,BIHV,Krokstadarmelar Airport,Hvammstangi,IS,65.2664,-20.8469,Atlantic/Reykjavik
HVN,KHVN,Tweed New Haven Airport,New Haven,US,41.2637,-72.8868,America/New_York
HVR,KHVR,Havre City County Airport,Havre,US,48.543,-109.762,America/Denver
HVS,KHVS,Hartsville Regional Airport,Hartsville,US,34.4031,-80.1192,America/New_York
HWD,KHWD,Hayward Executive Airport,Hayward,US,37.6592,-122.122,America/Los_Angeles
HWK,YHAW,Wilpena Pound Airport,Hawker,AU,-31.85591,138.46808,Australia/Adelaide
HWN,FVWN,Hwange National Park Airport,Hwange,ZW,-18.6299,27.021,Africa/Harare
HWO,KHWO,North Perry Airport,Hollywood,US,26.0012,-80.2407,America/New_York
HXD,ZLDL,Delingha Airport,Delingha,CN,37.125,97.26861,Asia/Shanghai
HXX,YHAY,Hay Airport,Hay,AU,-34.5314,144.83,Australia/Sydney
HYA,KHYA,Cape Cod Gateway Airport,Hyannis,US,41.6693,-70.2804,America/New_York
HYC,EGTB,Wycombe Air Park,High Wycombe,GB,51.6117,-0.80833,Europe/London
HYD,VOHS,Rajiv Gandhi International Airport Shamshabad,Hyderabad,IN,17.23132,78.42986,Asia/Kolkata
HYN,ZSLQ,Huangyan Luqiao Airport,Huangyan,CN,28.5622,121.429,Asia/Shanghai
HYR,KHYR,Sawyer County Airport,Hayward,US,46.0252,-91.4443,America/Chicago
HYS,KHYS,Hays Regional Airport,Hays,US,38.8422,-99.2732,America/Chicago
HYV,EFHV,Hyvinkaa Airport,Hyvinkaa,FI,60.6544,24.8811,Europe/Helsinki
HZB,LFQT,Merville-Calonne Airport,Merville/Calonne,FR,50.6184,2.64224,Europe/Paris
HZG,ZLHZ,Hanzhong Airport,Hanzhong,CN,33.0636,107.008,Asia/Shanghai
HZH,ZUNP,Qiandongnan Liping Airport,Liping,CN,26.32278,109.15167,Asia/Shanghai
HZK,BIHU,Husavik Airport,Husavik,IS,65.9523,-17.426,Atlantic/Reykjavik
HZL,KHZL,Hazleton Municipal Airport,Hazleton,US,40.9868,-75.9949,America/New_York
HZP,CYNR,Fort Mackay / Horizon Airport,Fort Mackay,CA,57.3817,-111.701,America/Edmonton
IAA,UOII,Igarka Airport,Igarka,RU,67.4372,86.6219,Asia/Krasnoyarsk
IAB,KIAB,Mc Connell Air Force Base,Wichita,US,37.6219,-97.2682,America/Chicago
IAD,KIAD,Washington Dulles International Airport,Dulles,US,38.9445,-77.4558,America/New_York
IAG,KIAG,Niagara Falls International Airport,Niagara Falls,US,43.1073,-78.9462,America/New_York
IAH,KIAH,George Bush Intercontinental Houston Airport,Houston,US,29.9844,-95.3414,America/Chicago
IAM,DAUZ,In Amenas Airport,Amenas,DZ,28.0515,9.64291,Africa/Algiers
IAN,PAIK,Bob Baker Memorial Airport,Kiana,US,66.976,-160.437,America/Anchorage
IAO,RPNS,Siargao Airport,Del Carmen,PH,9.8591,126.014,Asia/Manila
IAQ,OIBH,Bahregan Airport,Emam Hasan,IR,29.8401,50.2727,Asia/Tehran
IAR,UUDL,Tunoshna Airport,Yaroslavl,RU,57.5607,40.1574,Europe/Moscow
IAS,LRIA,Iasi Airport,Iasi,RO,47.1785,27.6206,Europe/Bucharest
IBA,DNIB,Ibadan Airport,Ibadan,NG,7.36246,3.97833,Africa/Lagos
IBB,SEII,General Villamil Airport,Isabela,EC,-0.94263,-90.953,Pacific/Galapagos
IBE,SKIB,Perales Airport,Ibague,CO,4.42161,-75.1333,America/Bogota
IBP,SPBR,Iberia Airport,Iberia,PE,-11.4116,-69.4887,America/Lima
IBR,RJAH,Hyakuri Airport,Omitama,JP,36.1811,140.41499,Asia/Tokyo
IBZ,LEIB,Ibiza Airport,Ibiza,ES,38.8729,1.37312,Europe/Madrid
ICA,SVIC,Icabaru Airport,Icabaru,VE,4.33632,-61.7396,America/Caracas
ICC,SVIE,Andres Miguel Salazar Marcano Airport,Isla de Coche,VE,10.79441,-63.98159,America/Caracas
ICI,NFCI,Cicia Airport,Cicia,FJ,-17.7433,-179.342,Pacific/Fiji
ICK,SMNI,Nieuw Nickerie Airport,Nieuw Nickerie,SR,5.95556,-57.0394,America/Paramaribo
ICL,KICL,Schenck Field,Clarinda,US,40.7218,-95.0264,America/Chicago
ICN,RKSI,Incheon International Airport,Seoul,KR,37.4691,126.451,Asia/Seoul
ICR,MUNC,Nicaro Airport,Nicaro,CU,20.6886,-75.5315,America/Havana
ICS,KU70,Cascade Airport,Cascade,US,44.4938,-116.016,America/Boise
ICT,KICT,Wichita Mid Continent Airport,Wichita,US,37.6499,-97.4331,America/Chicago
ICY,19AK,Icy Bay Airport,Icy Bay,US,59.969,-141.662,America/Anchorage
IDA,KIDA,Idaho Falls Regional Airport,Idaho Falls,US,43.5146,-112.071,America/Boise
IDB,ESUE,Idre Airport,Idre,SE,61.8697,12.6894,Europe/Stockholm
IDF,FZCB,Idiofa Airport,Idiofa,CD,-5.0,19.6,Africa/Kinshasa
IDG,KIDG,Ida Grove Municipal Airport,Ida Grove,US,42.3326,-95.4449,America/Chicago
IDH,KGIC,Idaho County Airport,Grangeville,US,45.9426,-116.123,America/Los_Angeles
IDI,KIDI,Indiana County/Jimmy Stewart Fld/ Airport,Indiana,US,40.6322,-79.1055,America/New_York
IDK,YIDK,Indulkana Airport,Indulkana,AU,-26.9667,133.325,Australia/Adelaide
IDO,SWIY,Santa Izabel do Morro Airport,Cristalandia,BR,-11.5723,-50.6662,America/Araguaina
IDP,KIDP,Independence Municipal Airport,Independence,US,37.1584,-95.7784,America/Chicago
IDR,VAID,Devi Ahilyabai Holkar Airport,Indore,IN,22.7218,75.8011,Asia/Kolkata
IDY,LFEY,Ile d'Yeu Airport,Ile d'Yeu,FR,46.7186,-2.39111,Europe/Paris
IEG,EPZG,Zielona Gora-Babimost Airport,Babimost,PL,52.1385,15.7986,Europe/Warsaw
IEJ,RORE,Ie Jima Airport,Ie,JP,26.722,127.785,Asia/Tokyo
IES,EDAU,Riesa-Gohlis Airport,Riesa,DE,51.29361,13.35611,Europe/Berlin
IEV,UKKK,Kiev Zhuliany International Airport,Kiev,UA,50.4017,30.4497,Europe/Kyiv
IFA,KIFA,Iowa Falls Municipal Airport,Iowa Falls,US,42.4708,-93.27,America/Chicago
IFF,YIFY,Iffley Airport,,AU,-18.9,141.217,Australia/Brisbane
IFH,OIFE,Hesa Airport,Hesa,IR,32.9289,51.5611,Asia/Tehran
IFJ,BIIS,Isafjordur Airport,Isafjordur,IS,66.0581,-23.1353,Atlantic/Reykjavik
IFL,YIFL,Innisfail Airport,Innisfail,AU,-17.5594,146.01199,Australia/Brisbane
IFN,OIFM,Esfahan Shahid Beheshti International Airport,Isfahan,IR,32.7508,51.8613,Asia/Tehran
IFO,UKLI,Ivano-Frankivsk International Airport,Ivano-Frankivsk,UA,48.8842,24.6861,Europe/Kyiv
IFP,KIFP,Laughlin Bullhead International Airport,Bullhead City,US,35.1574,-114.56,America/Phoenix
IFU,VREI,Ifuru Airport,Ifuru,MV,5.7083,73.025,Indian/Maldives
IGA,MYIG,Inagua Airport,Matthew Town,BS,20.975,-73.6669,America/Nassau
IGB,SAVJ,Cabo F.A.A. H. R. Bordon Airport,Ingeniero Jacobacci,AR,-41.3209,-69.5749,America/Argentina/Salta
IGD,LTCT,Igdir Airport,Igdir,TR,39.97663,43.87665,Europe/Istanbul
IGG,PAIG,Igiugig Airport,Igiugig,US,59.324,-155.90199,America/Anchorage
IGH,YIGM,Ingham Airport,Ingham,AU,-18.6606,146.15199,Australia/Brisbane
IGL,LTBL,Cigli Airport,Izmir,TR,38.513,27.0101,Europe/Istanbul
IGM,KIGM,Kingman Airport,Kingman,US,35.2595,-113.938,America/Phoenix
IGN,RPMI,Iligan Airport,Iligan,PH,8.13049,124.215,Asia/Manila
IGO,SKIG,Chigorodo Airport,Chigorodo,CO,7.68038,-76.6865,America/Bogota
IGR,SARI,Cataratas Del Iguazu International Airport,Puerto Iguazu,AR,-25.7373,-54.4734,America/Argentina/Cordoba
IGS,ETSI,Ingolstadt Manching Airport,Manching,DE,48.7157,11.534,Europe/Berlin
IGT,URMS,Magas Airport,Magas,RU,43.3223,45.0126,Europe/Moscow
IGU,SBFI,Cataratas International Airport,Foz Do Iguacu,BR,-25.60028,-54.485,America/Argentina/Cordoba
IHC,FQIA,Inhaca Airport,Inhaca,MZ,-25.99714,32.92935,Africa/Maputo
IHN,OYQN,Qishn Airport,Qishn,YE,15.417,51.683,Asia/Aden
IHO,FMSI,Ihosy Airport,Ihosy,MG,-22.40472,46.16494,Indian/Antananarivo
IHR,OIZI,Iran Shahr Airport,Iranshahr,IR,27.2361,60.72,Asia/Tehran
IIA,EIMN,Inishmaan Aerodrome,Inis Meain,IE,53.093,-9.56806,Europe/Dublin
IIL,OICI,Ilam Airport,Ilam,IR,33.5866,46.4048,Asia/Tehran
IJK,USII,Izhevsk Airport,Izhevsk,RU,56.8281,53.4575,Europe/Samara
IJU,SSIJ,Ijui Airport,Ijui,BR,-28.3687,-53.8466,America/Sao_Paulo
IJX,KIJX,Jacksonville Municipal Airport,Jacksonville,US,39.7746,-90.2383,America/Chicago
IKA,OIIE,Imam Khomeini International Airport,Tehran,IR,35.4161,51.1522,Asia/Tehran
IKB,KUKF,Wilkes County Airport,North Wilkesboro,US,36.2228,-81.0983,America/New_York
IKI,RJDB,Iki Airport,Iki,JP,33.749,129.785,Asia/Tokyo
IKK,KIKK,Greater Kankakee Airport,Kankakee,US,41.0714,-87.8463,America/Chicago
IKL,FZGV,Ikela Airport,Ikela,CD,-1.2,23.283,Africa/Kinshasa
IKO,PAKO,Nikolski Air Station,Nikolski,US,52.9416,-168.849,America/Nome
IKP,YIKM,Inkerman Airport,,AU,-16.275,141.442,Australia/Brisbane
IKS,UEST,Tiksi Airport,Tiksi,RU,71.6977,128.903,Asia/Yakutsk
IKT,UIII,Irkutsk Airport,Irkutsk,RU,52.268,104.389,Asia/Irkutsk
IKU,UCFL,Issyk-Kul International Airport,Tamchy,KG,42.58571,76.70181,Asia/Bishkek
ILA,WABL,Illaga Airport,Illaga-Papua Island,ID,-3.83328,137.58299,Asia/Jayapura
ILD,LEDA,Lleida-Alguaire Airport,Lleida,ES,41.72819,0.53502,Europe/Madrid
ILE,KILE,Skylark Field,Killeen,US,31.0858,-97.6865,America/Chicago
ILF,CZBD,Ilford Airport,Ilford,CA,56.0614,-95.6139,America/Winnipeg
ILG,KILG,New Castle Airport,Wilmington,US,39.6787,-75.6065,America/New_York
ILH,ETIK,Illesheim Air Base,Illesheim,DE,49.4739,10.3881,Europe/Berlin
ILI,PAIL,Iliamna Airport,Iliamna,US,59.7544,-154.911,America/Anchorage
ILK,FMMQ,Atsinanana Airport,Ilaka,MG,-19.583,48.803,Indian/Antananarivo
ILL,KBDH,Willmar Municipal -John L Rice Field,Willmar,US,45.1177,-95.1304,America/Chicago
ILM,KILM,Wilmington International Airport,Wilmington,US,34.2706,-77.9026,America/New_York
ILN,KILN,Wilmington Air Park,Wilmington,US,39.4279,-83.7921,America/New_York
ILO,RPVI,Iloilo International Airport,Iloilo City,PH,10.83302,122.49336,Asia/Manila
ILP,NWWE,Ile des Pins Airport,Ile des Pins,NC,-22.5889,167.45599,Pacific/Noumea
ILQ,SPLO,Ilo Airport,Ilo,PE,-17.695,-71.344,America/Lima
ILR,DNIL,Ilorin International Airport,Ilorin,NG,8.44021,4.49392,Africa/Lagos
ILS,MSSS,Ilopango International Airport,San Salvador,SV,13.6995,-89.1199,America/El_Salvador
ILU,HKKL,Kilaguni Airport,Kilaguni,KE,-2.91061,38.0652,Africa/Nairobi
ILY,EGPI,Islay Airport,Port Ellen,GB,55.6819,-6.25667,Europe/London
ILZ,LZZI,Zilina Airport,Zilina,SK,49.2315,18.6135,Europe/Bratislava
IMB,SYIB,Imbaimadai Airport,Imbaimadai,GY,5.70811,-60.2942,America/Guyana
IMF,VEIM,Imphal Airport,Imphal,IN,24.76,93.8967,Asia/Kolkata
IMK,VNST,Simikot Airport,Simikot,NP,29.9711,81.8189,Asia/Kathmandu
IML,KIML,Imperial Municipal Airport,Imperial,US,40.5093,-101.621,America/Denver
IMM,KIMM,Immokalee Regional Airport,Immokalee,US,26.4332,-81.401,America/New_York
IMO,FEFZ,Zemio Airport,Zemio,CF,5.05,25.15,Africa/Bangui
IMP,SBIZ,Prefeito Renato Moreira Airport,Imperatriz,BR,-5.53129,-47.46,America/Fortaleza
IMQ,OITU,Makou Airport,Makou,IR,39.33,44.43,Asia/Tehran
IMT,KIMT,Ford Airport,Iron Mountain Kingsford,US,45.8184,-88.1145,America/Chicago
INA,UUYI,Inta Airport,Inta,RU,66.05483,60.11032,Europe/Moscow
INC,ZLIC,Yinchuan Airport,Yinchuan,CN,38.4819,106.009,Asia/Shanghai
IND,KIND,Indianapolis International Airport,Indianapolis,US,39.7173,-86.2944,America/Indiana/Indianapolis
INF,DATG,In Guezzam Airport,In Guezzam,DZ,19.567,5.75,Africa/Algiers
ING,SAWA,Lago Argentino Airport,El Calafate,AR,-50.3361,-72.2486,America/Argentina/Rio_Gallegos
INH,FQIN,Inhambane Airport,Inhambabe,MZ,-23.8764,35.4085,Africa/Maputo
INI,LYNI,Nis Airport,Nis,RS,43.3373,21.8537,Europe/Belgrade
INJ,YINJ,Injune Airport,,AU,-25.85,148.533,Australia/Brisbane
INK,KINK,Winkler County Airport,Wink,US,31.7796,-103.201,America/Chicago
INL,KINL,Falls International Airport,International Falls,US,48.5662,-93.4031,America/Chicago
INM,YINN,Innamincka Airport,Innamincka,AU,-27.7,140.733,Australia/Adelaide
INN,LOWI,Innsbruck Airport,Innsbruck,AT,47.2602,11.344,Europe/Vienna
INO,FZBA,Inongo Airport,Inongo,CD,-1.94722,18.2858,Africa/Kinshasa
INQ,EIIR,Inisheer Aerodrome,Inis Oirr,IE,53.0647,-9.5109,Europe/Dublin
INS,KINS,Creech Air Force Base,Indian Springs,US,36.5872,-115.673,America/Los_Angeles
INT,KINT,Smith Reynolds Airport,Winston Salem,US,36.1337,-80.222,America/New_York
INU,ANYN,Nauru International Airport,Yaren District,NR,-0.54746,166.91901,Pacific/Nauru
INV,EGPE,Inverness Airport,Inverness,GB,57.5425,-4.0475,Europe/London
INW,KINW,Winslow Lindbergh Regional Airport,Winslow,US,35.0219,-110.723,America/Phoenix
INX,WASI,Inanwatan Airport,Inanwatan Airport-Papua Island,ID,-2.1281,132.161,Asia/Jayapura
INZ,DAUI,In Salah Airport,In Salah,DZ,27.251,2.51202,Africa/Algiers
IOA,LGIO,Ioannina Airport,Ioannina,GR,39.6964,20.8225,Europe/Athens
IOM,EGNS,Isle of Man Airport,Castletown,IM,54.0833,-4.62389,Europe/Isle_of_Man
ION,FCOI,Impfondo Airport,Impfondo,CG,1.617,18.067,Africa/Brazzaville
IOR,EIIM,Inishmore Aerodrome,Inis Mor,IE,53.1067,-9.65361,Europe/Dublin
IOS,SBIL,Bahia - Jorge Amado Airport,Ilheus,BR,-14.816,-39.0332,America/Bahia
IOU,NWWO,Edmond Cane Airport,Ile Ouen,NC,-22.46,166.783,Pacific/Noumea
IOW,KIOW,Iowa City Municipal Airport,Iowa City,US,41.6392,-91.5465,America/Chicago
IPA,NVVI,Ipota Airport,Ipota,VU,-18.85639,169.28333,Pacific/Efate
IPC,SCIP,Mataveri Airport,Isla De Pascua,CL,-27.1648,-109.422,Pacific/Easter
IPE,RPMV,Ipil Airport,Ipil,PH,7.78556,122.602,Asia/Manila
IPG,SWII,Ipiranga Airport,Santo Antonio Do Ica,BR,-2.93907,-69.694,America/Bogota
IPH,WMKI,Sultan Azlan Shah Airport,Ipoh,MY,4.56797,101.092,Asia/Kuala_Lumpur
IPI,SKIP,San Luis Airport,Ipiales,CO,0.86193,-77.6718,America/Bogota
IPL,KIPL,Imperial County Airport,Imperial,US,32.8342,-115.579,America/Los_Angeles
IPN,SBIP,Usiminas Airport,Ipatinga,BR,-19.4707,-42.4876,America/Sao_Paulo
IPT,KIPT,Williamsport Regional Airport,Williamsport,US,41.2418,-76.9211,America/New_York
IPU,SNIU,Ipiau Airport,Ipiau,BR,-14.13389,-39.73389,America/Bahia
IPZ,MRSI,San Isidro del General Airport,Perez Zeledon,CR,9.35262,-83.7131,America/Costa_Rica
IQA,ORAA,Al Asad Air Base,Hit,IQ,33.7856,42.4412,Asia/Baghdad
IQM,ZWCM,Qiemo Airport,Qiemo,CN,38.1494,85.5328,Asia/Shanghai
IQN,ZLQY,Qingyang Airport,Qingyang,CN,35.7997,107.603,Asia/Shanghai
IQQ,SCDA,Diego Aracena Airport,Iquique,CL,-20.5352,-70.1813,America/Santiago
IQT,SPQT,Coronel FAP Francisco Secada Vignetta International Airport,Iquitos,PE,-3.78474,-73.3088,America/Lima
IRA,AGGK,Ngorangora Airport,Kirakira,SB,-10.4497,161.89799,Pacific/Guadalcanal
IRC,PACR,Circle City /New/ Airport,Circle,US,65.8305,-144.076,America/Anchorage
IRD,VGIS,Ishurdi Airport,Ishurdi,BD,24.1525,89.0494,Asia/Dhaka
IRE,SNIC,Irece Airport,Irece,BR,-11.3399,-41.847,America/Bahia
IRG,YLHR,Lockhart River Airport,Lockhart River,AU,-12.7869,143.30499,Australia/Brisbane
IRI,HTIR,Iringa Airport,Nduli,TZ,-7.66863,35.7521,Africa/Dar_es_Salaam
IRJ,SANL,Capitan V A Almonacid Airport,La Rioja,AR,-29.3816,-66.7958,America/Argentina/La_Rioja
IRK,KIRK,Kirksville Regional Airport,Kirksville,US,40.0935,-92.5449,America/Chicago
IRM,USHI,Igrim Airport,Igrim,RU,63.1988,64.4393,Asia/Yekaterinburg
IRN,MHIR,Iriona Airport,Iriona,HN,15.93917,-85.13722,America/Tegucigalpa
IRO,FEFI,Birao Airport,Birao,CF,10.2364,22.7169,Africa/Bangui
IRP,FZJH,Matari Airport,Isiro,CD,2.82761,27.5883,Africa/Lubumbashi
IRS,KIRS,Kirsch Municipal Airport,Sturgis,US,41.8133,-85.439,America/Detroit
IRZ,SWTP,Tapuruquara Airport,Santa Isabel Do Rio Negro,BR,-0.41694,-65.03389,America/Manaus
ISA,YBMA,Mount Isa Airport,Mount Isa,AU,-20.6639,139.489,Australia/Brisbane
ISB,OPIS,Islamabad International Airport,Islamabad,PK,33.54908,72.82565,Asia/Karachi
ISC,EGHE,St. Mary's Airport,St. Mary's,GB,49.9133,-6.29167,Europe/London
ISE,LTFC,Suleyman Demirel International Airport,Isparta,TR,37.8554,30.3684,Europe/Istanbul
ISG,ROIG,Ishigaki Airport,Ishigaki,JP,24.3445,124.187,Asia/Tokyo
ISI,YISF,Isisford Airport,,AU,-24.2583,144.425,Australia/Brisbane
ISJ,MMIM,Isla Mujeres Airport,Isla Mujeres,MX,21.245,-86.74,America/Cancun
ISK,VAOZ,Ozar Airport,Nasik,IN,20.1191,73.9129,Asia/Kolkata
ISL,LTBA,Ataturk International Airport,Istanbul,TR,40.9769,28.8146,Europe/Istanbul
ISM,KISM,Kissimmee Gateway Airport,Orlando,US,28.2898,-81.4371,America/New_York
ISN,KISN,Sloulin Field International Airport,Williston,US,48.1779,-103.642,America/Chicago
ISO,KISO,Kinston Regional Jetport At Stallings Field,Kinston,US,35.3314,-77.6088,America/New_York
ISP,KISP,Long Island Mac Arthur Airport,Islip,US,40.7952,-73.1002,America/New_York
ISQ,KISQ,Schoolcraft County Airport,Manistique,US,45.9746,-86.1718,America/Detroit
ISS,KIWI,Wiscasset Airport,Wiscasset,US,43.9614,-69.7126,America/New_York
IST,LTFM,Istanbul Airport,Arnavutkoy,TR,41.26222,28.72778,Europe/Istanbul
ISU,ORSU,Sulaymaniyah International Airport,Sulaymaniyah,IQ,35.56175,45.31674,Asia/Baghdad
ISW,KISW,Alexander Field South Wood County Airport,Wisconsin Rapids,US,44.3603,-89.839,America/Chicago
ITA,SBIC,Itacoatiara Airport,Itacoatiara,BR,-3.12726,-58.4812,America/Manaus
ITB,SBIH,Itaituba Airport,Itaituba,BR,-4.24234,-56.0007,America/Santarem
ITE,SNZW,Itubera Airport,Itubera,BR,-13.73222,-39.14167,America/Bahia
ITH,KITH,Ithaca Tompkins Regional Airport,Ithaca,US,42.491,-76.4584,America/New_York
ITI,SNYH,Agropecuaria Castanhais Airport,Cumaru Do Norte,BR,-8.7,-51.17417,America/Belem
ITM,RJOO,Osaka International Airport,Osaka,JP,34.7855,135.438,Asia/Tokyo
ITO,PHTO,Hilo International Airport,Hilo,US,19.7214,-155.048,Pacific/Honolulu
ITP,SDUN,Itaperuna Airport,Itaperuna,BR,-21.2193,-41.8759,America/Sao_Paulo
ITQ,SSIQ,Itaqui Airport,Itaqui,BR,-29.1731,-56.5367,America/Sao_Paulo
IUD,OTBH,Al Udeid Air Base,Ar Rayyan,QA,25.1173,51.315,Asia/Qatar
IUE,NIUE,Niue International Airport,Alofi,NU,-19.07903,-169.9256,Pacific/Niue
IVA,FMNJ,Ambanja Airport,Ambanja,MG,-13.64571,48.45943,Indian/Antananarivo
IVC,NZNV,Invercargill Airport,Invercargill,NZ,-46.4124,168.313,Pacific/Auckland
IVG,LYBR,Berane Airport,Berane,ME,42.839,19.862,Europe/Podgorica
IVL,EFIV,Ivalo Airport,Ivalo,FI,68.6073,27.4053,Europe/Helsinki
IVR,YIVL,Inverell Airport,Inverell,AU,-29.8883,151.144,Australia/Sydney
IVW,YINW,Inverway Airport,Inverway,AU,-17.8411,129.64301,Australia/Darwin
IWA,UUBI,Ivanovo South Airport,Ivanovo,RU,56.9394,40.9408,Europe/Moscow
IWD,KIWD,Gogebic Iron County Airport,Ironwood,US,46.5275,-90.1314,America/Menominee
IWJ,RJOW,Iwami Airport,Masuda,JP,34.6764,131.78999,Asia/Tokyo
IWK,RJOI,Iwakuni Marine Corps Air Station,Iwakuni,JP,34.1439,132.23599,Asia/Tokyo
IWO,RJAW,Iwo Jima Airport,Iwo To,JP,24.784,141.323,Asia/Tokyo
IWS,KIWS,West Houston Airport,Houston,US,29.8182,-95.6726,America/Chicago
IXA,VEAT,Agartala Airport,Agartala,IN,23.887,91.2404,Asia/Kolkata
IXB,VEBD,Bagdogra Airport,Siliguri,IN,26.6812,88.3286,Asia/Kolkata
IXC,VICG,Chandigarh Airport,Chandigarh,IN,30.6735,76.7885,Asia/Kolkata
IXD,VIAL,Allahabad Airport,Allahabad,IN,25.4401,81.7339,Asia/Kolkata
IXE,VOML,Mangalore International Airport,Mangalore,IN,12.9613,74.8901,Asia/Kolkata
IXG,VABM,Belgaum Airport,Belgaum,IN,15.8593,74.6183,Asia/Kolkata
IXH,VEKR,Kailashahar Airport,Kailashahar,IN,24.3082,92.0072,Asia/Dhaka
IXI,VELR,North Lakhimpur Airport,Lilabari,IN,27.2955,94.0976,Asia/Kolkata
IXJ,VIJU,Jammu Airport,Jammu,IN,32.6891,74.8374,Asia/Kolkata
IXK,VAKS,Keshod Airport,Keshod,IN,21.3171,70.2704,Asia/Kolkata
IXL,VILH,Leh Kushok Bakula Rimpochee Airport,Leh,IN,34.1359,77.5465,Asia/Kolkata
IXM,VOMD,Madurai Airport,Madurai,IN,9.83451,78.0934,Asia/Kolkata
IXN,VEKW,Khowai Airport,Khowai,IN,24.0619,91.6039,Asia/Dhaka
IXP,VIPK,Pathankot Air Force Station,Pathankot,IN,32.2338,75.6346,Asia/Kolkata
IXQ,VEKM,Kamalpur Airport,Kamalpur,IN,24.1317,91.8142,Asia/Kolkata
IXR,VERC,Birsa Munda Airport,Ranchi,IN,23.3143,85.3217,Asia/Kolkata
IXS,VEKU,Silchar Airport,Silchar,IN,24.9129,92.9787,Asia/Kolkata
IXT,VEPG,Pasighat Airport,Pasighat,IN,28.0661,95.3356,Asia/Kolkata
IXU,VAAU,Aurangabad Airport,Aurangabad,IN,19.8627,75.3981,Asia/Kolkata
IXV,VEAN,Along Airport,Along,IN,28.1753,94.802,Asia/Kolkata
IXW,VEJS,Jamshedpur Airport,Jamshedpur,IN,22.8132,86.1688,Asia/Kolkata
IXY,VAKE,Kandla Airport,Kandla,IN,23.1127,70.1003,Asia/Kolkata
IXZ,VOPB,Vir Savarkar International Airport,Port Blair,IN,11.6412,92.7297,Asia/Kolkata
IYK,KIYK,Inyokern Airport,Inyokern,US,35.6588,-117.83,America/Los_Angeles
IYS,PAWS,Wasilla Airport,Wasilla,US,61.5717,-149.53999,America/Anchorage
IZA,SBZM,Zona da Mata Regional Airport,Juiz De Fora,BR,-21.51306,-43.17306,America/Sao_Paulo
IZO,RJOC,Izumo Airport,Izumo,JP,35.4136,132.89,Asia/Tokyo
IZT,MMIT,Ixtepec Airport,Ixtepec,MX,16.4493,-95.0937,America/Mexico_City
JAA,OAJL,Jalalabad Airport,Jalalabad,AF,34.3998,70.4986,Asia/Kabul
JAB,YJAB,Jabiru Airport,Jabiru,AU,-12.6583,132.89301,Australia/Darwin
JAC,KJAC,Jackson Hole Airport,Jackson,US,43.6073,-110.738,America/Denver
JAD,YPJT,Perth Jandakot Airport,Perth,AU,-32.0975,115.881,Australia/Perth
JAE,SPJE,Shumba Airport,Jaen,PE,-5.59248,-78.774,America/Lima
JAF,VCCJ,Kankesanturai Airport,Jaffna,LK,9.79233,80.0701,Asia/Colombo
JAG,OPJA,Shahbaz Air Base,Jacobabad,PK,28.2842,68.4497,Asia/Karachi
JAI,VIJP,Jaipur International Airport,Jaipur,IN,26.8242,75.8122,Asia/Kolkata
JAK,MTJA,Jacmel Airport,Jacmel,HT,18.2411,-72.5185,America/Port-au-Prince
JAL,MMJA,El Lencero Airport,Xalapa,MX,19.4751,-96.7975,America/Mexico_City
JAM,LBIA,Bezmer Air Base,Yambol,BG,42.4549,26.3522,Europe/Sofia
JAN,KJAN,Jackson Evers International Airport,Jackson,US,32.3112,-90.0759,America/Chicago
JAP,MRCH,Chacarita Airport,Puntarenas,CR,9.98141,-84.7727,America/Costa_Rica
JAR,OISJ,Jahrom Airport,Jahrom,IR,28.5867,53.5791,Asia/Tehran
JAS,KJAS,Jasper County-Bell Field,Jasper,US,30.8857,-94.0349,America/Chicago
JAU,SPJJ,Francisco Carle Airport,Jauja,PE,-11.7831,-75.4734,America/Lima
JAV,BGJN,Ilulissat Airport,Ilulissat,GL,69.2432,-51.0571,America/Nuuk
JAW,SNAB,Araripina Airport,Araripina,BR,-7.58676,-40.5355,America/Recife
JAX,KJAX,Jacksonville International Airport,Jacksonville,US,30.4941,-81.6879,America/New_York
JBQ,MDJB,La Isabela International Airport,La Isabela,DO,18.5725,-69.9856,America/Santo_Domingo
JBR,KJBR,Jonesboro Municipal Airport,Jonesboro,US,35.8317,-90.6464,America/Chicago
JCB,SSJA,Santa Terezinha Airport,Joacaba,BR,-27.1714,-51.5533,America/Sao_Paulo
JCI,KIXD,New Century Aircenter Airport,Olathe,US,38.8309,-94.8903,America/Chicago
JCK,YJLC,Julia Creek Airport,Julia Creek,AU,-20.6683,141.72301,Australia/Brisbane
JCM,SNJB,Jacobina Airport,Jacobina,BR,-11.1632,-40.5531,America/Bahia
JCR,SBEK,Jacareacanga Airport,Jacareacanga,BR,-6.23316,-57.7769,America/Santarem
JCT,KJCT,Kimble County Airport,Junction,US,30.5113,-99.7635,America/Chicago
JDA,KGCD,Grant Co Regional/Ogilvie Field,John Day,US,44.4042,-118.963,America/Los_Angeles
JDF,SBJF,Francisco de Assis Airport,Juiz De Fora,BR,-21.7915,-43.3868,America/Sao_Paulo
JDG,RKPD,Jeongseok Airport,Seogwipo,KR,33.3996,126.712,Asia/Seoul
JDH,VIJO,Jodhpur Airport,Jodhpur,IN,26.2511,73.0489,Asia/Kolkata
JDN,KJDN,Jordan Airport,Jordan,US,47.3288,-106.953,America/Denver
JDO,SBJU,Orlando Bezerra de Menezes Airport,Juazeiro Do Norte,BR,-7.21896,-39.2701,America/Fortaleza
JDR,SNJR,Prefeito Octavio de Almeida Neves Airport,Sao Joao Del Rei,BR,-21.085,-44.22472,America/Sao_Paulo
JDZ,ZSJD,Jingdezhen Airport,Jingdezhen,CN,29.3386,117.176,Asia/Shanghai
JED,OEJN,King Abdulaziz International Airport,Jeddah,SA,21.6796,39.1565,Asia/Riyadh
JEE,MTJE,Jeremie Airport,Jeremie,HT,18.6631,-74.1703,America/Port-au-Prince
JEF,KJEF,Jefferson City Memorial Airport,Jefferson City,US,38.5912,-92.1561,America/Chicago
JEG,BGAA,Aasiaat Airport,Aasiaat,GL,68.7218,-52.7847,America/Nuuk
JEK,FLJK,Jeki Airstrip,Lower Zambezi National Park,ZM,-15.63333,29.60333,Africa/Harare
JEQ,SNJK,Jequie Airport,Jequie,BR,-13.8777,-40.0716,America/Bahia
JER,EGJJ,Jersey Airport,Saint Helier,JE,49.2079,-2.19551,Europe/Jersey
JFK,KJFK,John F Kennedy International Airport,New York,US,40.6398,-73.7789,America/New_York
JFN,KHZY,Northeast Ohio Regional Airport,Ashtabula,US,41.778,-80.6955,America/New_York
JFR,BGPT,Paamiut Airport,Paamiut,GL,62.01474,-49.67094,America/Nuuk
JGA,VAJM,Jamnagar Airport,Jamnagar,IN,22.4655,70.0126,Asia/Kolkata
JGN,ZLJQ,Jiayuguan Airport,Jiayuguan,CN,39.8569,98.3414,Asia/Shanghai
JGS,ZSGS,Jinggangshan Airport,Ji'an,CN,26.8569,114.737,Asia/Shanghai
JHB,WMKJ,Senai International Airport,Senai,MY,1.64131,103.67,Asia/Kuala_Lumpur
JHF,SBJH,São Paulo Catarina Executive Airport,São Roque,BR,-23.42694,-47.16583,America/Sao_Paulo
JHG,ZPJH,Xishuangbanna Gasa Airport,Jinghong,CN,21.9739,100.76,Asia/Shanghai
JHL,CAL4,Fort MacKay/Albian Aerodrome,Albian Village,CA,57.2239,-111.419,America/Edmonton
JHM,PHJH,Kapalua Airport,Lahaina,US,20.9629,-156.673,Pacific/Honolulu
JHQ,YSHR,Shute Harbour Airport,Airlie Beach,AU,-20.2783,148.757,Australia/Brisbane
JHS,BGSS,Sisimiut Airport,Sisimiut,GL,66.9513,-53.7293,America/Nuuk
JHW,KJHW,Chautauqua County-Jamestown Airport,Jamestown,US,42.1534,-79.258,America/New_York
JIA,SWJN,Juina Airport,Juina,BR,-11.41944,-58.70167,America/Cuiaba
JIB,HDAM,Djibouti-Ambouli Airport,Djibouti City,DJ,11.5473,43.1595,Africa/Djibouti
JIC,ZLJC,Jinchuan Airport,Jinchang,CN,38.54222,102.34833,Asia/Shanghai
JIJ,HAJJ,Jijiga Airport,Jijiga,ET,9.33083,42.91111,Africa/Addis_Ababa
JIK,LGIK,Ikaria Airport,Ikaria Island,GR,37.6827,26.3471,Europe/Athens
JIL,ZYJL,Jilin Airport,Jilin,CN,44.0022,126.396,Asia/Shanghai
JIM,HAJM,Jimma Airport,Jimma,ET,7.66609,36.8166,Africa/Addis_Ababa
JIN,HUJI,Jinja Airport,Jinja,UG,0.45,33.2,Africa/Kampala
JIP,SEJI,Jipijapa Airport,Jipijapa,EC,-1.0,-80.66666,America/Guayaquil
JIQ,ZUQJ,Qianjiang Wulingshan Airport,Chongqing,CN,29.51456,108.83371,Asia/Shanghai
JIR,VNJI,Jiri Airport,Jiri,NP,27.617,86.217,Asia/Kathmandu
JIU,ZSJJ,Jiujiang Lushan Airport,Jiujiang,CN,29.47694,115.80111,Asia/Shanghai
JIW,OPJI,Jiwani Airport,Jiwani,PK,25.0678,61.8054,Asia/Karachi
JJD,SBJE,Comte. Ariston Pessoa Regional Airport,Jijoca de Jericoacoara,BR,-2.90667,-40.35806,America/Fortaleza
JJG,SBJA,Humberto Ghizzo Bortoluzzi Regional Airport,Jaguaruna,BR,-28.6753,-49.0596,America/Sao_Paulo
JJI,SPJI,Juanjui Airport,Juanjui,PE,-7.1691,-76.7286,America/Lima
JJM,HKMK,Mulika Lodge Airport,Meru-Kinna,KE,0.16508,38.19514,Africa/Nairobi
JJN,ZSQZ,Quanzhou Airport,Quanzhou,CN,24.7964,118.59,Asia/Shanghai
JKG,ESGJ,Jonkoping Airport,Jonkoping,SE,57.7576,14.0687,Europe/Stockholm
JKH,LGHI,Chios Island National Airport,Chios Island,GR,38.3432,26.1406,Europe/Athens
JKL,LGKY,Kalymnos Airport,Kalymnos Island,GR,36.9633,26.9406,Europe/Athens
JKR,VNJP,Janakpur Airport,Janakpur,NP,26.7088,85.9224,Asia/Kathmandu
JKV,KJSO,Cherokee County Airport,Jacksonville,US,31.8693,-95.2174,America/Chicago
JLD,ESML,Landskrona Airport,Landskrona,SE,55.946,12.87,Europe/Stockholm
JLN,KJLN,Joplin Regional Airport,Joplin,US,37.1518,-94.4983,America/Chicago
JLR,VAJB,Jabalpur Airport,Jabalpur,IN,23.1778,80.052,Asia/Kolkata
JLS,SDJL,Jales Airport,Jales,BR,-20.293,-50.5464,America/Sao_Paulo
JMK,LGMK,Mikonos Airport,Mykonos Island,GR,37.4351,25.3481,Europe/Athens
JMO,VNJS,Jomsom Airport,Jomsom,NP,28.78043,83.723,Asia/Kathmandu
JMS,KJMS,Jamestown Regional Airport,Jamestown,US,46.9297,-98.6782,America/Chicago
JMU,ZYJM,Jiamusi Airport,Jiamusi,CN,46.8434,130.465,Asia/Shanghai
JNA,SNJN,Januaria Airport,Januaria,BR,-15.4738,-44.3855,America/Sao_Paulo
JNB,FAOR,O. R. Tambo International Airport,Johannesburg,ZA,-26.13333,28.25,Africa/Johannesburg
JNG,ZSJG,Jining Da'an Airport,Jining,CN,35.64746,116.74409,Asia/Shanghai
JNH,ZSJX,Jiaxing Nanhu Airport,Jiaxing,CN,30.69806,120.66306,Asia/Shanghai
JNI,SAAJ,Junin Airport,Junin,AR,-34.5459,-60.9306,America/Argentina/Buenos_Aires
JNU,PAJN,Juneau International Airport,Juneau,US,58.355,-134.576,America/Juneau
JNX,LGNX,Naxos Airport,Naxos Island,GR,37.0811,25.3681,Europe/Athens
JNZ,ZYJZ,Jinzhou Airport,Jinzhou,CN,41.1014,121.062,Asia/Shanghai
JOE,EFJO,Joensuu Airport,Joensuu / Liperi,FI,62.6629,29.6075,Europe/Helsinki
JOG,WARJ,Adi Sutjipto International Airport,Yogyakarta-Java Island,ID,-7.78818,110.432,Asia/Jakarta
JOH,FAPJ,Port St Johns Airport,Port St Johns,ZA,-31.6059,29.5198,Africa/Johannesburg
JOI,SBJV,Lauro Carneiro de Loyola Airport,Joinville,BR,-26.2245,-48.7974,America/Sao_Paulo
JOK,UWKJ,Yoshkar-Ola Airport,Yoshkar-Ola,RU,56.7006,47.9047,Europe/Moscow
JOL,RPMJ,Jolo Airport,Jolo,PH,6.05367,121.011,Asia/Manila
JOM,HTNJ,Njombe Airport,Njombe,TZ,-9.35,34.8,Africa/Dar_es_Salaam
JOS,DNJO,Yakubu Gowon Airport,Jos,NG,9.63983,8.86905,Africa/Lagos
JOT,KJOT,Joliet Regional Airport,Joliet,US,41.5178,-88.1755,America/Chicago
JPA,SBJP,Presidente Castro Pinto Airport,Joao Pessoa,BR,-7.14583,-34.94861,America/Fortaleza
JPR,SWJI,Ji-Parana Airport,Ji-Parana,BR,-10.8708,-61.8465,America/Porto_Velho
JQA,BGUQ,Qaarsut Airport,Uummannaq,GL,70.7342,-52.6962,America/Nuuk
JQE,MPJE,Jaque Airport,Jaque,PA,7.51778,-78.1572,America/Panama
JRF,PHJR,Kalaeloa (John Rodgers Field) Airport,Kapolei,US,21.3074,-158.07001,Pacific/Honolulu
JRG,VEJH,Jharsuguda Airport,Jharsuguda,IN,21.9135,84.0504,Asia/Kolkata
JRH,VEJT,Jorhat Airport,Jorhat,IN,26.7315,94.1755,Asia/Kolkata
JRN,SWJU,Juruena Airport,Juruena,BR,-10.30583,-58.48944,America/Cuiaba
JRO,HTKJ,Kilimanjaro International Airport,Arusha,TZ,-3.42941,37.0745,Africa/Dar_es_Salaam
JSA,VIJR,Jaisalmer Airport,Jaisalmer,IN,26.8887,70.865,Asia/Kolkata
JSH,LGST,Sitia Airport,Crete Island,GR,35.2161,26.1013,Europe/Athens
JSI,LGSK,Skiathos Island National Airport,Skiathos,GR,39.1771,23.5037,Europe/Athens
JSM,SAWS,Jose De San Martin Airport,Chubut,AR,-44.0486,-70.4589,America/Argentina/Catamarca
JSR,VGJR,Jessore Airport,Jashahor,BD,23.1838,89.1608,Asia/Dhaka
JST,KJST,John Murtha Johnstown Cambria County Airport,Johnstown,US,40.3161,-78.8339,America/New_York
JSU,BGMQ,Maniitsoq Airport,Maniitsoq,GL,65.4125,-52.9394,America/Nuuk
JSY,LGSO,Syros Airport,Syros Island,GR,37.4228,24.9509,Europe/Athens
JTC,SBAE,Bauru-Arealva Airport,Bauru,BR,-22.15778,-49.06833,America/Sao_Paulo
JTI,SWJW,Jatai Airport,Jatai,BR,-17.8299,-51.773,America/Sao_Paulo
JTR,LGSR,Santorini Airport,Santorini Island,GR,36.3992,25.4793,Europe/Athens
JTY,LGPL,Astypalaia Airport,Astypalaia Island,GR,36.5799,26.3758,Europe/Athens
JUA,SIZX,Juara Sul Airport,Juara,BR,-11.28667,-57.53889,America/Cuiaba
JUB,HSSJ,Juba Airport,Juba,SS,4.87201,31.6011,Africa/Juba
JUI,EDWJ,Juist Airport,Juist,DE,53.68111,7.05583,Europe/Berlin
JUJ,SASJ,Gobernador Horacio Guzman International Airport,San Salvador de Jujuy,AR,-24.3928,-65.0978,America/Argentina/Jujuy
JUL,SPJL,Inca Manco Capac International Airport,Juliaca,PE,-15.4671,-70.1582,America/Lima
JUM,VNJL,Jumla Airport,Jumla,NP,29.2742,82.1933,Asia/Kathmandu
JUN,YJDA,Jundah Airport,Jundah,AU,-24.8417,143.058,Australia/Brisbane
JUR,YJNB,Jurien Bay Airport,Jurien Bay,AU,-30.3,115.033,Australia/Perth
JUT,MHJU,Jutigalpa airport,Jutigalpa,HN,14.6526,-86.2203,America/Tegucigalpa
JUV,BGUK,Upernavik Airport,Upernavik,GL,72.7902,-56.1306,America/Nuuk
JUZ,ZSJU,Quzhou Airport,Quzhou,CN,28.9658,118.899,Asia/Shanghai
JVA,FMMK,Ankavandra Airport,Ankavandra,MG,-18.80501,45.27347,Indian/Antananarivo
JVI,K47N,Central Jersey Regional Airport,Manville,US,40.52444,-74.59831,America/New_York
JVL,KJVL,Southern Wisconsin Regional Airport,Janesville,US,42.6203,-89.0416,America/Chicago
JWA,FBJW,Jwaneng Airport,Jwaneng,BW,-24.6023,24.691,Africa/Gaborone
JWN,OITZ,Zanjan Airport,Zanjan,IR,36.7737,48.3594,Asia/Tehran
JWO,RKTI,Jungwon Air Base,Chungju,KR,37.03,127.885,Asia/Seoul
JXA,ZYJX,Jixi Xingkaihu Airport,Jixi,CN,45.29972,131.17944,Asia/Shanghai
JXN,KJXN,Jackson County Reynolds Field,Jackson,US,42.2598,-84.4594,America/Detroit
JYR,OIKJ,Jiroft Airport,Jiroft,IR,28.7269,57.6703,Asia/Tehran
JYV,EFJY,Jyvaskyla Airport,Jyvaskylan Maalaiskunta,FI,62.3995,25.6783,Europe/Helsinki
JZH,ZUJZ,Jiuzhai Huanglong Airport,Jiuzhaigou,CN,32.85333,103.68222,Asia/Shanghai
KAA,FLKS,Kasama Airport,Kasama,ZM,-10.2167,31.1333,Africa/Lusaka
KAB,FVKB,Kariba International Airport,Kariba,ZW,-16.5198,28.885,Africa/Harare
KAC,OSKL,Kamishly Airport,Kamishly,SY,37.0206,41.1914,Asia/Damascus
KAD,DNKA,Kaduna Airport,Kaduna,NG,10.696,7.32011,Africa/Lagos
KAG,RKNN,Gangneung Airport,Gangneung,KR,37.7536,128.944,Asia/Seoul
KAJ,EFKI,Kajaani Airport,Kajaani,FI,64.2855,27.6924,Europe/Helsinki
KAL,PAKV,Kaltag Airport,Kaltag,US,64.3191,-158.741,America/Anchorage
KAN,DNKN,Mallam Aminu International Airport,Kano,NG,12.0476,8.52462,Africa/Lagos
KAO,EFKS,Kuusamo Airport,Kuusamo,FI,65.9876,29.2394,Europe/Helsinki
KAP,FZSK,Kapanga Airport,Kapanga,CD,-8.35,22.583,Africa/Lubumbashi
KAR,SYKM,Kamarang Airport,Kamarang,GY,5.86534,-60.6142,America/Guyana
KAT,NZKT,Kaitaia Airport,Kaitaia,NZ,-35.07,173.285,Pacific/Auckland
KAU,EFKA,Kauhava Airport,Kauhava,FI,63.1271,23.0514,Europe/Helsinki
KAV,SVKA,Kavanayen Airport,Kavanayen,VE,5.633,-61.783,America/Caracas
KAW,VYKT,Kawthoung Airport,Kawthoung,MM,10.0493,98.538,Asia/Yangon
KAX,YKBR,Kalbarri Airport,Kalbarri,AU,-27.69,114.262,Australia/Perth
KAY,NFNW,Wakaya Island Airport,Wakaya Island,FJ,-17.617,179.017,Pacific/Fiji
KAZ,WAMK,Kao Airport,Kao-Celebes Island,ID,1.18528,127.896,Asia/Jayapura
KBA,GFKB,Kabala Airport,Kabala,SL,9.63832,-11.51556,Africa/Freetown
KBB,YKIR,Kirkimbie Station Airport,Kirkimbie,AU,-17.7792,129.21001,Australia/Darwin
KBG,HUKF,Kabalega Falls Airport,Kabalega Falls,UG,2.32639,31.4978,Africa/Kampala
KBH,OPKL,Kalat Airport,Kalat,PK,29.13333,66.51667,Asia/Karachi
KBI,FKKB,Kribi Airport,Kribi,CM,2.87389,9.97778,Africa/Douala
KBJ,YKCA,Kings Canyon Airport,,AU,-24.26,131.49001,Australia/Darwin
KBK,VEKI,Kushinagar International Airport,Kushinagar,IN,26.77,83.90806,Asia/Kolkata
KBL,OAKB,Kabul International Airport,Kabul,AF,34.5659,69.2123,Asia/Kabul
KBM,AYKB,Kabwum,Kabwum,PG,-6.15547,147.19147,Pacific/Port_Moresby
KBN,FZWT,Tunta Airport,Kabinda,CD,-6.133,24.483,Africa/Lubumbashi
KBO,FZRM,Kabalo Airport,Kabalo,CD,-6.083,26.917,Africa/Lubumbashi
KBP,UKBB,Boryspil International Airport,Kiev,UA,50.345,30.8947,Europe/Kyiv
KBQ,FWKG,Kasungu Airport,Kasungu,MW,-13.0146,33.4686,Africa/Blantyre
KBR,WMKC,Sultan Ismail Petra Airport,Kota Baharu,MY,6.16685,102.293,Asia/Kuala_Lumpur
KBS,GFBO,Bo Airport,Bo,SL,7.9444,-11.761,Africa/Freetown
KBU,WAOK,Stagen Airport,Laut Island,ID,-3.29472,116.165,Asia/Makassar
KBV,VTSG,Krabi Airport,Krabi,TH,8.09912,98.9862,Asia/Bangkok
KBY,YKBY,Streaky Bay Airport,Streaky Bay,AU,-32.8358,134.293,Australia/Adelaide
KBZ,NZKI,Kaikoura Airport,Kaikoura,NZ,-42.425,173.605,Pacific/Auckland
KCA,ZWKC,Kuqa Airport,Kuqa,CN,41.7181,82.9869,Asia/Shanghai
KCB,SMTP,Tepoe Airstrip,Kasikasima,SR,3.15,-55.717,America/Paramaribo
KCE,YCSV,Collinsville Airport,,AU,-20.5967,147.86,Australia/Brisbane
KCF,OPKW,Kadanwari Airport,Kadanwari,PK,27.21,69.29,Asia/Karachi
KCH,WBGG,Kuching International Airport,Kuching,MY,1.4847,110.347,Asia/Kuching
KCK,UIKK,Kirensk Airport,Kirensk,RU,57.773,108.064,Asia/Irkutsk
KCM,LTCN,Kahramanmaras Airport,Kahramanmaras,TR,37.53883,36.95352,Europe/Istanbul
KCO,LTBQ,Cengiz Topel Airport,Izmit,TR,40.735,30.0833,Europe/Istanbul
KCS,YKCS,Kings Creek Airport,,AU,-24.4233,131.83501,Australia/Darwin
KCT,VCCK,Koggala Airport,Galle,LK,5.99368,80.3203,Asia/Colombo
KCU,HUMI,Masindi Airport,Masindi,UG,1.75806,31.7367,Africa/Kampala
KCZ,RJOK,Kochi Ryoma Airport,Nankoku,JP,33.5461,133.66901,Asia/Tokyo
KDA,GODK,Kolda North Airport,Kolda,SN,12.8985,-14.9681,Africa/Dakar
KDB,YKBL,Kambalda Airport,Kambalda,AU,-31.1833,121.6,Australia/Perth
KDC,DBBK,Kandi Airport,Kandi,BJ,11.133,2.933,Africa/Porto-Novo
KDD,OPKH,Khuzdar Airport,Khuzdar,PK,27.7906,66.6473,Asia/Karachi
KDH,OAKN,Kandahar Airport,Kandahar,AF,31.5058,65.8478,Asia/Kabul
KDI,WAWW,Wolter Monginsidi Airport,Kendari-Celebes Island,ID,-4.08161,122.418,Asia/Makassar
KDJ,FOGJ,Ville Airport,N'Djole,GA,-0.183,10.75,Africa/Libreville
KDK,PAKD,Kodiak Municipal Airport,Kodiak,US,57.8059,-152.37399,America/Anchorage
KDL,EEKA,Kardla Airport,Kardla,EE,58.9908,22.8307,Europe/Tallinn
KDM,VRMT,Kaadedhdhoo Airport,Huvadhu Atoll,MV,0.48813,72.9969,Indian/Maldives
KDN,FOGE,Ndende Airport,Ndende,GA,-2.4,11.367,Africa/Libreville
KDO,VRMK,Kadhdhoo Airport,Kadhdhoo,MV,1.85917,73.5219,Indian/Maldives
KDR,AYKC,Kandrian Airport,Kandrian,PG,-6.2659,149.5581,Pacific/Port_Moresby
KDT,VTBK,Kamphaeng Saen Airport,Nakhon Pathom,TH,14.102,99.9172,Asia/Bangkok
KDU,OPSD,Skardu Airport,Skardu,PK,35.3355,75.536,Asia/Karachi
KDV,NFKD,Vunisea Airport,Vunisea,FJ,-19.0581,178.157,Pacific/Fiji
KDX,HSLI,Kadugli Airport,Kadugli,SD,11.138,29.7011,Africa/Khartoum
KDY,UEMH,Tyopliy Klyuch Airport,Tyopliy Klyuch,RU,62.789,136.855,Asia/Khandyga
KEA,UTAE,Kerki International Airport,Kerki,TM,37.80889,65.2125,Asia/Ashgabat
KEC,FZQG,Kasenga Airport,Kasenga,CD,-10.35,28.633,Africa/Lubumbashi
KED,GQNK,Kaedi Airport,Kaedi,MR,16.1595,-13.5076,Africa/Dakar
KEE,FCOK,Kelle Airport,Kelle,CG,-0.083,14.533,Africa/Brazzaville
KEF,BIKF,Keflavik International Airport,Reykjavik,IS,63.985,-22.6056,Atlantic/Reykjavik
KEI,WAKP,Kepi Airport,Kepi-Papua Island,ID,-6.59437,139.35699,Asia/Jayapura
KEJ,UNEE,Kemerovo Airport,Kemerovo,RU,55.2701,86.1072,Asia/Novokuznetsk
KEL,EDHK,Kiel-Holtenau Airport,Kiel,DE,54.37944,10.14528,Europe/Berlin
KEM,EFKE,Kemi-Tornio Airport,Kemi / Tornio,FI,65.7787,24.5821,Europe/Helsinki
KEN,GFKE,Kenema Airport,Kenema,SL,7.89129,-11.1766,Africa/Freetown
KEO,DIOD,Odienne Airport,Odienne,CI,9.5,-7.567,Africa/Abidjan
KEP,VNNG,Nepalgunj Airport,Nepalgunj,NP,28.1036,81.667,Asia/Kathmandu
KEQ,WASE,Kebar Airport,Kebar-Papua Island,ID,-0.6371,133.12801,Asia/Jayapura
KER,OIKK,Kerman Airport,Kerman,IR,30.2744,56.9511,Asia/Tehran
KET,VYKG,Kengtung Airport,Kengtung,MM,21.3016,99.636,Asia/Yangon
KEU,HKKE,Keekorok Airport,Keekorok,KE,-1.583,35.25,Africa/Nairobi
KEV,EFHA,Halli Airport,Halli / Kuorevesi,FI,61.856,24.7866,Europe/Helsinki
KEW,CPV8,Keewaywin Airport,Keewaywin,CA,52.9911,-92.8364,America/Winnipeg
KEY,HKKR,Kericho Airport,Kericho,KE,-0.417,35.25,Africa/Nairobi
KFA,GQNF,Kiffa Airport,Kiffa,MR,16.59,-11.4062,Africa/Nouakchott
KFE,YFDF,Fortescue - Dave Forrest Aerodrome,Cloudbreak Village,AU,-22.29194,119.43722,Australia/Perth
KFG,YKKG,Kalkgurung Airport,Daguragu,AU,-17.4319,130.808,Australia/Darwin
KFP,PAKF,False Pass Airport,False Pass,US,54.8474,-163.41,America/Nome
KFS,LTAL,Kastamonu Airport,Kastamonu,TR,41.3142,33.7958,Europe/Istanbul
KFZ,LAKU,Kukes Airport,Kukes,AL,42.0337,20.4159,Europe/Tirane
KGA,FZUA,Kananga Airport,Kananga,CD,-5.90005,22.4692,Africa/Lubumbashi
KGC,YKSC,Kingscote Airport,Kingscote,AU,-35.7139,137.521,Australia/Adelaide
KGD,UMKK,Khrabrovo Airport,Kaliningrad,RU,54.89,20.5926,Europe/Kaliningrad
KGE,AGKG,Kagau Island Airport,Kagau Island,SB,-7.333,157.58299,Pacific/Guadalcanal
KGF,UAKK,Sary-Arka Airport,Karaganda,KZ,49.6708,73.3344,Asia/Almaty
KGG,GOTK,Kedougou Airport,Kedougou,SN,12.5723,-12.2203,Africa/Dakar
KGI,YPKG,Kalgoorlie-Boulder Airport,Kalgoorlie,AU,-30.78944,121.46167,Australia/Perth
KGJ,FWKA,Karonga Airport,Karonga,MW,-9.95357,33.893,Africa/Blantyre
KGK,PAJZ,Koliganek Airport,Koliganek,US,59.7266,-157.259,America/Anchorage
KGL,HRYR,Kigali International Airport,Kigali,RW,-1.96863,30.1395,Africa/Kigali
KGN,FZOK,Kasongo Airport,Kasongo,CD,-4.533,26.617,Africa/Lubumbashi
KGO,UKKG,Kirovograd Airport,Kirovograd,UA,48.5428,32.285,Europe/Kyiv
KGP,USRK,Kogalym International Airport,Kogalym,RU,62.1904,74.5338,Asia/Yekaterinburg
KGS,LGKO,Kos Airport,Kos Island,GR,36.7933,27.0917,Europe/Athens
KGU,WBKG,Keningau Airport,Keningau,MY,5.35749,116.162,Asia/Kuching
KGY,YKRY,Kingaroy Airport,Kingaroy,AU,-26.5808,151.841,Australia/Brisbane
KHC,UKFK,Kerch Airport,Kerch,UA,45.3725,36.4014,Europe/Simferopol
KHD,OICK,Khoram Abad Airport,Khorramabad,IR,33.4354,48.2829,Asia/Tehran
KHE,UKOH,Chernobayevka Airport,Kherson,UA,46.6758,32.5064,Europe/Kyiv
KHG,ZWSH,Kashgar Airport,Kashgar,CN,39.5429,76.02,Asia/Shanghai
KHH,RCKH,Kaohsiung International Airport,Kaohsiung City,TW,22.5771,120.35,Asia/Taipei
KHI,OPKC,Jinnah International Airport,Karachi,PK,24.9065,67.1608,Asia/Karachi
KHJ,EFKJ,Kauhajoki Airport,Kauhajoki,FI,62.4625,22.3931,Europe/Helsinki
KHK,OIBQ,Khark Island Airport,Khark,IR,29.2603,50.3239,Asia/Tehran
KHM,VYKI,Kanti Airport,Kanti,MM,25.9883,95.6744,Asia/Yangon
KHN,ZSCN,Nanchang Changbei International Airport,Nanchang,CN,28.865,115.9,Asia/Shanghai
KHR,ZMHH,Kharkhorin Airport,Kharkhorin,MN,47.24667,102.82611,Asia/Ulaanbaatar
KHS,OOKB,Khasab Air Base,Khasab,OM,26.171,56.2406,Asia/Muscat
KHT,OAKS,Khost Airport,Khost,AF,33.3334,69.952,Asia/Kabul
KHV,UHHH,Khabarovsk-Novy Airport,Khabarovsk,RU,48.528,135.188,Asia/Vladivostok
KHW,FBKR,Khwai River Lodge Airport,Khwai River Lodge,BW,-19.15,23.783,Africa/Gaborone
KHY,OITK,Khoy Airport,Khoy,IR,38.4275,44.9736,Asia/Tehran
KHZ,NTKA,Kauehi Airport,Kauehi,PF,-15.7808,-145.12399,Pacific/Tahiti
KIA,PKSA,Kaieteur International Airport,Kaieteur Falls,GY,5.17275,-59.49148,America/Guyana
KIC,KKIC,Mesa Del Rey Airport,King City,US,36.228,-121.122,America/Los_Angeles
KID,ESMK,Kristianstad Airport,Kristianstad,SE,55.9217,14.0855,Europe/Stockholm
KIE,AYIQ,Aropa Airport,Kieta,PG,-6.305,155.72778,Pacific/Bougainville
KIF,CNM5,Kingfisher Lake Airport,Kingfisher Lake,CA,53.0125,-89.8553,America/Winnipeg
KIH,OIBK,Kish International Airport,Kish Island,IR,26.5262,53.9802,Asia/Tehran
KIJ,RJSN,Niigata Airport,Niigata,JP,37.9559,139.121,Asia/Tokyo
KIK,ORKK,Kirkuk Air Base,Kirkuk,IQ,35.4695,44.3489,Asia/Baghdad
KIM,FAKM,Kimberley Airport,Kimberley,ZA,-28.8028,24.7652,Africa/Johannesburg
KIN,MKJP,Norman Manley International Airport,Kingston,JM,17.9357,-76.7875,America/Jamaica
KIP,KCWC,Kickapoo Downtown Airport,Wichita Falls,US,33.8578,-98.4904,America/Chicago
KIR,EIKY,Kerry Airport,Killarney,IE,52.1809,-9.52378,Europe/Dublin
KIS,HKKI,Kisumu Airport,Kisumu,KE,-0.08614,34.7289,Africa/Nairobi
KIT,LGKC,Kithira Airport,Kithira Island,GR,36.2743,23.017,Europe/Athens
KIW,FLSO,Southdowns Airport,Kitwe,ZM,-12.9005,28.1499,Africa/Lusaka
KIX,RJBB,Kansai International Airport,Osaka,JP,34.4273,135.244,Asia/Tokyo
KIY,HTKI,Kilwa Masoko Airport,Kilwa Masoko,TZ,-8.933,39.517,Africa/Dar_es_Salaam
KJA,UNKL,Yemelyanovo Airport,Krasnoyarsk,RU,56.1729,92.4933,Asia/Krasnoyarsk
KJB,VOKU,Kurnool Airport,Kurnool,IN,15.71368,78.16156,Asia/Kolkata
KJH,ZUKJ,Kaili Huangping Airport,Kaili,CN,26.97482,107.98695,Asia/Shanghai
KJK,EBKT,Wevelgem Airport,Wevelgem,BE,50.8172,3.20472,Europe/Brussels
KJP,ROKR,Kerama Airport,Kerama,JP,26.1683,127.293,Asia/Tokyo
KJT,WICA,Majalengka Kertajati International Airport,Kertajati,ID,-6.64769,108.1658,Asia/Jakarta
KKA,PAKK,Koyuk Alfred Adams Airport,Koyuk,US,64.9395,-161.15401,America/Anchorage
KKC,VTUK,Khon Kaen Airport,Khon Kaen,TH,16.4666,102.784,Asia/Bangkok
KKD,AYKO,Kokoda Airport,Kokoda,PG,-8.88468,147.73096,Pacific/Port_Moresby
KKE,NZKK,Kerikeri Airport,Kerikeri,NZ,-35.2628,173.912,Pacific/Auckland
KKH,PADY,Kongiganak Airport,Kongiganak,US,59.9608,-162.881,America/Nome
KKJ,RJFR,Kitakyushu Airport,Kitakyushu,JP,33.8459,131.035,Asia/Tokyo
KKM,VTBL,Khok Kathiam Airport,Lop Buri,TH,14.8746,100.663,Asia/Bangkok
KKN,ENKR,Kirkenes Airport Hoybuktmoen,Kirkenes,NO,69.7258,29.8913,Europe/Oslo
KKO,NZKO,Kaikohe Airport,Kaikohe,NZ,-35.4511,173.817,Pacific/Auckland
KKP,YKLB,Koolburra Airport,Koolburra,AU,-15.3189,143.955,Australia/Brisbane
KKQ,USDP,Krasnoselkup Airport,Krasnoselkup,RU,65.717,82.455,Asia/Yekaterinburg
KKR,NTGK,Kaukura Airport,,PF,-15.6633,-146.88499,Pacific/Tahiti
KKS,OIFK,Kashan Airport,Kashan,IR,33.8953,51.577,Asia/Tehran
KKW,FZCA,Kikwit Airport,Kikwit,CD,-5.03577,18.7856,Africa/Kinshasa
KKX,RJKI,Kikai Airport,Kikai,JP,28.3213,129.92799,Asia/Tokyo
KKY,EIKK,Kilkenny Airport,Kilkenny,IE,52.6508,-7.29611,Europe/Dublin
KKZ,VDKK,Kaoh Kong Airport,Kaoh Kong,KH,11.6134,102.99708,Asia/Phnom_Penh
KLB,FLKL,Kalabo Airport,Kalabo,ZM,-14.9983,22.6454,Africa/Lusaka
KLC,GOOK,Kaolack Airport,Kaolack,SN,14.1469,-16.0513,Africa/Dakar
KLD,UUEM,Migalovo Air Base,Tver,RU,56.8247,35.7577,Europe/Moscow
KLE,FKKH,Kaele Airport,Kaele,CM,10.0925,14.4456,Africa/Douala
KLF,UUBC,Grabtsevo Airport,Kaluga,RU,54.55,36.36667,Europe/Moscow
KLG,PALG,Kalskag Airport,Kalskag,US,61.5363,-160.341,America/Anchorage
KLH,VAKP,Kolhapur Airport,Kolhapur,IN,16.6647,74.2894,Asia/Kolkata
KLI,FZFP,Kotakoli Airport,Kotakoli,CD,4.15764,21.6509,Africa/Kinshasa
KLJ,EYKL,Klaipeda Airport,Klaipeda,LT,55.7119,21.2428,Europe/Vilnius
KLK,HKFG,Kalokol Airport,Kalokol,KE,3.483,35.833,Africa/Nairobi
KLM,OINE,Kalaleh Airport,Kalaleh,IR,37.3833,55.452,Asia/Tehran
KLN,PALB,Larsen Bay Airport,Larsen Bay,US,57.5351,-153.978,America/Anchorage
KLO,RPVK,Kalibo International Airport,Kalibo,PH,11.6794,122.376,Asia/Manila
KLQ,WIPV,Keluang Airport,Keluang-Sumatra Island,ID,-2.62353,103.955,Asia/Jakarta
KLR,ESMQ,Kalmar Airport,Kalmar,SE,56.6855,16.2876,Europe/Stockholm
KLS,KKLS,Southwest Washington Regional Airport,Kelso,US,46.118,-122.898,America/Los_Angeles
KLU,LOWK,Klagenfurt Airport,Klagenfurt am Worthersee,AT,46.6425,14.3377,Europe/Vienna
KLV,LKKV,Karlovy Vary International Airport,Karlovy Vary,CZ,50.203,12.915,Europe/Prague
KLW,PAKW,Klawock Airport,Klawock,US,55.5792,-133.076,America/Sitka
KLX,LGKL,Kalamata Airport,Kalamata,GR,37.0683,22.0255,Europe/Athens
KLY,FZOD,Kinkungwa Airport,Kalima,CD,-2.578,26.734,Africa/Lubumbashi
KLZ,FAKZ,Kleinsee Airport,Kleinsee,ZA,-29.6884,17.094,Africa/Johannesburg
KMA,AYKM,Kerema Airport,Kerema,PG,-7.96361,145.771,Pacific/Port_Moresby
KME,HRZA,Kamembe Airport,Kamembe,RW,-2.46224,28.9079,Africa/Kigali
KMG,ZPPP,Kunming Wujiaba International Airport,Kunming,CN,24.9924,102.744,Asia/Shanghai
KMH,FAKU,Johan Pienaar Airport,Kuruman,ZA,-27.4567,23.4114,Africa/Johannesburg
KMI,RJFM,Miyazaki Airport,Miyazaki,JP,31.8772,131.44901,Asia/Tokyo
KMJ,RJFT,Kumamoto Airport,Kumamoto,JP,32.8373,130.855,Asia/Tokyo
KMK,FCPA,Makabana Airport,Makabana,CG,-3.483,12.617,Africa/Brazzaville
KML,YKML,Kamileroi Airport,,AU,-19.375,140.05701,Australia/Brisbane
KMN,FZSB,Ville Airport,Kamina,CD,-8.72861,24.9914,Africa/Lubumbashi
KMO,PAMB,Manokotak Airport,Manokotak,US,58.9902,-159.05,America/Anchorage
KMP,FYKT,Keetmanshoop Airport,Keetmanshoop,NA,-26.5398,18.1114,Africa/Windhoek
KMQ,RJNK,Komatsu Airport,Kanazawa,JP,36.3946,136.407,Asia/Tokyo
KMR,AYRI,Karimui Airport,Karimui,PG,-6.4921,144.823,Pacific/Port_Moresby
KMS,DGSI,Kumasi Airport,Kumasi,GH,6.71456,-1.59082,Africa/Accra
KMU,HCMK,Kisimayu Airport,Kismayo,SO,-0.37735,42.4592,Africa/Mogadishu
KMV,VYKL,Kalay Airport,Kalemyo,MM,23.1888,94.0511,Asia/Yangon
KMW,UUBA,Kostroma Sokerkino Airport,Kostroma,RU,57.7969,41.0194,Europe/Moscow
KMX,OEKM,King Khaled Air Base,Khamis Mushait,SA,18.2973,42.8035,Asia/Riyadh
KMZ,FLKO,Kaoma Airport,Kaoma,ZM,-14.8,24.783,Africa/Lusaka
KNA,SCVM,Vina del mar Airport,Vina Del Mar,CL,-32.9496,-71.4786,America/Santiago
KNB,KKNB,Kanab Municipal Airport,Kanab,US,37.0111,-112.531,America/Denver
KND,FZOA,Kindu Airport,Kindu,CD,-2.91918,25.9154,Africa/Lubumbashi
KNF,EGYM,RAF Marham,Marham,GB,52.6484,0.55069,Europe/London
KNG,WASK,Kaimana Airport,Kaimana-Papua Island,ID,-3.64452,133.696,Asia/Jayapura
KNH,RCBS,Kinmen Airport,Shang-I,TW,24.4279,118.359,Asia/Taipei
KNI,YKNG,Katanning Airport,Katanning,AU,-33.7167,117.633,Australia/Perth
KNJ,FCBK,Kindamba Airport,Kindamba,CG,-3.95,14.517,Africa/Brazzaville
KNK,PFKK,Kokhanok Airport,Kokhanok,US,59.4332,-154.804,America/Anchorage
KNM,FZTK,Kaniama Airport,Kaniama,CD,-7.583,24.15,Africa/Lubumbashi
KNN,GUXN,Kankan Airport,Kankan,GN,10.394,-9.3038,Africa/Conakry
KNO,WIMM,Polonia International Airport,Medan-Sumatra Island,ID,3.63785,98.87057,Asia/Jakarta
KNQ,NWWD,Kone Airport,Kone,NC,-21.0543,164.83701,Pacific/Noumea
KNR,OIBJ,Jam Airport,Kangan,IR,27.8205,52.3522,Asia/Tehran
KNS,YKII,King Island Airport,King Island,AU,-39.8775,143.87801,Australia/Hobart
KNT,KTKX,Kennett Memorial Airport,Kennett,US,36.2259,-90.0366,America/Chicago
KNU,VECX,Kanpur Airport,Kanpur,IN,26.39946,80.42695,Asia/Kolkata
KNW,PANW,New Stuyahok Airport,New Stuyahok,US,59.4499,-157.328,America/Anchorage
KNX,YPKU,Kununurra Airport,Kununurra,AU,-15.7781,128.70799,Australia/Perth
KNZ,GAKA,Kenieba Airport,Kenieba,ML,12.833,-11.25,Africa/Bamako
KOA,PHKO,Kona International At Keahole Airport,Kailua/Kona,US,19.7388,-156.04601,Pacific/Honolulu
KOC,NWWK,Koumac Airport,Koumac,NC,-20.5463,164.256,Pacific/Noumea
KOE,WATT,El Tari Airport,Kupang-Timor Island,ID,-10.1716,123.671,Asia/Makassar
KOF,FAKP,Komatipoort Airport,Komatipoort,ZA,-25.4403,31.93,Africa/Johannesburg
KOH,YKLA,Koolatah Airport,,AU,-15.9167,142.45,Australia/Brisbane
KOI,EGPA,Kirkwall Airport,Orkney Islands,GB,58.9578,-2.905,Europe/London
KOJ,RJFK,Kagoshima Airport,Kagoshima,JP,31.8034,130.71899,Asia/Tokyo
KOK,EFKK,Kruunupyy Airport,Kokkola / Kruunupyy,FI,63.7212,23.1431,Europe/Helsinki
KOO,FZRQ,Kongolo Airport,Kongolo,CD,-5.39444,26.99,Africa/Lubumbashi
KOP,VTUW,Nakhon Phanom Airport,Nakhon Phanom,TH,17.3838,104.643,Asia/Bangkok
KOQ,EDCK,Kothen Airport,Kothen,DE,51.72111,11.95278,Europe/Berlin
KOS,VDSV,Sihanoukville International Airport,Sihanukville,KH,10.5797,103.637,Asia/Phnom_Penh
KOT,PFKO,Kotlik Airport,Kotlik,US,63.0306,-163.533,America/Nome
KOU,FOGK,Koulamoutou Airport,Koulamoutou,GA,-1.18461,12.4413,Africa/Libreville
KOV,UACK,Kokshetau Airport,Kokshetau,KZ,53.3291,69.5946,Asia/Almaty
KOW,ZSGZ,Ganzhou Airport,Ganzhou,CN,25.8258,114.912,Asia/Shanghai
KOX,WABN,Kokonau Airport,Kokonau-Papua Island,ID,-4.71667,136.43333,Asia/Jayapura
KPC,PAPC,Port Clarence Coast Guard Station,Port Clarence,US,65.2537,-166.85899,America/Nome
KPI,WBGP,Kapit Airport,Kapit,MY,2.017,112.95,Asia/Kuching
KPM,AYAQ,Kompiam Airport,,PG,-5.38167,143.92472,Pacific/Port_Moresby
KPN,PAKI,Kipnuk Airport,Kipnuk,US,59.933,-164.03101,America/Nome
KPO,RKTH,Pohang Airport,Pohang,KR,35.9879,129.42,Asia/Seoul
KPP,YKPR,Kalpowar Airport,,AU,-14.9,144.2,Australia/Brisbane
KPS,YKMP,Kempsey Airport,Kempsey,AU,-31.0744,152.77,Australia/Sydney
KPV,PAPE,Perryville Airport,Perryville,US,55.906,-159.16299,America/Anchorage
KPW,UHMK,Keperveem Airport,Keperveem,RU,67.845,166.14,Asia/Anadyr
KQH,VIKG,"Kishangarh Airport, Ajmer",Kishangarh,IN,26.59117,74.81617,Asia/Kolkata
KQT,UTDT,Qurghonteppa International Airport,Kurgan-Tyube,TJ,37.8664,68.8647,Asia/Dushanbe
KRA,YKER,Kerang Airport,Kerang,AU,-35.7514,143.939,Australia/Melbourne
KRB,YKMB,Karumba Airport,Karumba,AU,-17.4567,140.83,Australia/Brisbane
KRC,WIJI,Depati Parbo Airport,Sungai Penuh,ID,-2.09111,101.46278,Asia/Jakarta
KRE,HBBO,Kirundo Airport,Kirundo,BI,-2.54477,30.09457,Africa/Bujumbura
KRF,ESNK,Kramfors Solleftea Airport,Kramfors / Solleftea,SE,63.0486,17.7689,Europe/Stockholm
KRG,SYKS,Karasabai Airport,Karasabai,GY,4.03333,-59.5333,America/Guyana
KRH,EGKR,Redhill Aerodrome,Redhill,GB,51.2136,-0.13861,Europe/London
KRI,AYKK,Kikori Airport,Kikori,PG,-7.42438,144.25008,Pacific/Port_Moresby
KRJ,AYQA,Karawari Airstrip,,PG,-4.59667,143.5225,Pacific/Port_Moresby
KRK,EPKK,John Paul II International Airport Krakow-Balice Airport,Krakow,PL,50.0777,19.7848,Europe/Warsaw
KRL,ZWKL,Korla Airport,Korla,CN,41.6978,86.1289,Asia/Shanghai
KRM,SYKR,Karanambo Airport,Karanambo,GY,3.75194,-59.3097,America/Guyana
KRN,ESNQ,Kiruna Airport,Kiruna,SE,67.822,20.3368,Europe/Stockholm
KRO,USUU,Kurgan Airport,Kurgan,RU,55.4753,65.4156,Asia/Yekaterinburg
KRP,EKKA,Karup Airport,Karup,DK,56.2975,9.12463,Europe/Copenhagen
KRQ,UKCK,Kramatorsk Airport,Kramatorsk,UA,48.7056,37.6289,Europe/Kyiv
KRR,URKK,Krasnodar International Airport,Krasnodar,RU,45.0347,39.1705,Europe/Moscow
KRS,ENCN,Kristiansand Airport,Kjevik,NO,58.2042,8.08537,Europe/Oslo
KRT,HSSS,Khartoum International Airport,Khartoum,SD,15.5895,32.5532,Africa/Khartoum
KRW,UTAK,Turkmenbashi Airport,Krasnovodsk,TM,40.0633,53.0072,Asia/Ashgabat
KRY,ZWKM,Karamay Airport,Karamay,CN,45.46655,84.9527,Asia/Shanghai
KRZ,FZBT,Basango Mboliasa Airport,Kiri,CD,-1.435,19.024,Africa/Kinshasa
KSA,PTSA,Kosrae International Airport,Okat,FM,5.35698,162.95799,Pacific/Kosrae
KSC,LZKZ,Kosice Airport,Kosice,SK,48.6631,21.2411,Europe/Bratislava
KSD,ESOK,Karlstad Airport,Karlstad,SE,59.4447,13.3374,Europe/Stockholm
KSE,HUKS,Kasese Airport,Kasese,UG,0.183,30.1,Africa/Kampala
KSF,EDVK,Kassel-Calden Airport,Kassel,DE,51.40833,9.3775,Europe/Berlin
KSH,OICC,Shahid Ashrafi Esfahani Airport,Kermanshah,IR,34.3459,47.1581,Asia/Tehran
KSI,GUKU,Kissidougou Airport,Kissidougou,GN,9.16056,-10.1244,Africa/Conakry
KSJ,LGKS,Kasos Airport,Kasos Island,GR,35.4214,26.91,Europe/Athens
KSK,ESKK,Karlskoga Airport,Karlskoga,SE,59.3459,14.4959,Europe/Stockholm
KSL,HSKA,Kassala Airport,Kassala,SD,15.3875,36.3288,Africa/Khartoum
KSM,PASM,St Mary's Airport,St Mary's,US,62.0605,-163.302,America/Nome
KSN,UAUU,Kostanay West Airport,Kostanay,KZ,53.2069,63.5503,Asia/Qostanay
KSO,LGKA,Kastoria National Airport,Kastoria,GR,40.4463,21.2822,Europe/Athens
KSQ,UZSK,Karshi Airport,Karshi,UZ,38.8025,65.77306,Asia/Samarkand
KSS,GASK,Sikasso Airport,Sikasso,ML,11.333,-5.7,Africa/Bamako
KST,HSKI,Kosti Airport,Kosti,SD,13.183,32.733,Africa/Khartoum
KSU,ENKB,Kristiansund Airport Kvernberget,Kvernberget,NO,63.1118,7.82452,Europe/Oslo
KSV,YSPV,Springvale Airport,,AU,-23.55,140.7,Australia/Brisbane
KSW,LLKS,Kiryat Shmona Airport,Kiryat Shmona,IL,33.2167,35.6,Asia/Jerusalem
KSY,LTCF,Kars Airport,Kars,TR,40.5622,43.115,Europe/Istanbul
KSZ,ULKK,Kotlas Airport,Kotlas,RU,61.2358,46.6975,Europe/Moscow
KTA,YPKA,Karratha Airport,Karratha,AU,-20.7122,116.773,Australia/Perth
KTD,RORK,Kitadaito Airport,Kitadaito,JP,25.9447,131.327,Asia/Tokyo
KTE,WMKE,Kerteh Airport,Kerteh,MY,4.53722,103.427,Asia/Kuala_Lumpur
KTF,NZTK,Takaka Airport,Takaka,NZ,-40.8133,172.77499,Pacific/Auckland
KTG,WIOK,Ketapang(Rahadi Usman) Airport,Ketapang-Borneo Island,ID,-1.81664,109.963,Asia/Pontianak
KTI,VDTI,Techo International Airport,Phnom Penh,KH,11.36292,104.91661,Asia/Phnom_Penh
KTL,HKKT,Kitale Airport,Kitale,KE,0.97199,34.9586,Africa/Nairobi
KTM,VNKT,Tribhuvan International Airport,Kathmandu,NP,27.6966,85.3591,Asia/Kathmandu
KTN,PAKT,Ketchikan International Airport,Ketchikan,US,55.3556,-131.714,America/Sitka
KTO,SYKT,Kato Airport,Kato,GY,4.64916,-59.8322,America/Guyana
KTP,MKTP,Tinson Pen Airport,Tinson Pen,JM,17.9886,-76.8238,America/Jamaica
KTQ,EFIT,Kitee Airport,Kitee,FI,62.1661,30.0736,Europe/Helsinki
KTR,YPTN,Tindal Airport,Katherine,AU,-14.5211,132.37801,Australia/Darwin
KTS,PFKT,Brevig Mission Airport,Brevig Mission,US,65.3313,-166.466,America/Nome
KTT,EFKT,Kittila Airport,Kittila,FI,67.701,24.8468,Europe/Helsinki
KTU,VIKO,Kota Airport,Kota,IN,25.1602,75.8456,Asia/Kolkata
KTW,EPKT,Katowice International Airport,Katowice,PL,50.4743,19.08,Europe/Warsaw
KTX,GAKO,Koutiala Airport,Koutiala,ML,12.383,-5.467,Africa/Bamako
KTY,VCCN,Katukurunda Air Force Base,Kalutara,LK,6.55212,79.9775,Asia/Colombo
KUA,WMKD,Kuantan Airport,Kuantan,MY,3.77539,103.209,Asia/Kuala_Lumpur
KUC,NGKT,Kuria Airport,Kuria,KI,0.21861,173.442,Pacific/Tarawa
KUD,WBKT,Kudat Airport,Kudat,MY,6.9225,116.836,Asia/Kuching
KUF,UWWW,Kurumoch International Airport,Samara,RU,53.5049,50.1643,Europe/Samara
KUG,YKUB,Kubin Airport,Kubin,AU,-10.225,142.218,Australia/Brisbane
KUH,RJCK,Kushiro Airport,Kushiro,JP,43.041,144.19299,Asia/Tokyo
KUK,PFKA,Kasigluk Airport,Kasigluk,US,60.8744,-162.524,America/Nome
KUL,WMKK,Kuala Lumpur International Airport,Kuala Lumpur,MY,2.74558,101.71,Asia/Kuala_Lumpur
KUM,RJFC,Yakushima Airport,Yakushima,JP,30.3856,130.659,Asia/Tokyo
KUN,EYKA,Kaunas International Airport,Kaunas,LT,54.9639,24.0848,Europe/Vilnius
KUO,EFKU,Kuopio Airport,Kuopio / Siilinjarvi,FI,63.0071,27.7978,Europe/Helsinki
KUQ,AYKU,Kuri Airport,Kuri,PG,-7.13508,143.27611,Pacific/Port_Moresby
KUS,BGKK,Kulusuk Airport,Kulusuk,GL,65.5736,-37.1236,America/Nuuk
KUT,UGKO,Kopitnari Airport,Kutaisi,GE,42.1767,42.4826,Asia/Tbilisi
KUU,VIBR,Kullu Manali Airport,Kullu,IN,31.8767,77.1544,Asia/Kolkata
KUV,RKJK,Kunsan Air Base,Kunsan,KR,35.9038,126.616,Asia/Seoul
KVA,LGKV,Alexander the Great International Airport,Kavala,GR,40.9133,24.6192,Europe/Athens
KVB,ESGR,Skovde Airport,Skovde,SE,58.4564,13.9727,Europe/Stockholm
KVC,PAVC,King Cove Airport,King Cove,US,55.1163,-162.26601,America/Nome
KVG,AYKV,Kavieng Airport,Kavieng,PG,-2.5794,150.808,Pacific/Port_Moresby
KVK,ULMK,Kirovsk-Apatity Airport,Apatity,RU,67.4633,33.5883,Europe/Moscow
KVL,PAVL,Kivalina Airport,Kivalina,US,67.7362,-164.563,America/Nome
KVM,UHMO,Markovo Airport,Markovo,RU,64.667,170.41701,Asia/Anadyr
KVX,USKK,Pobedilovo Airport,Kirov,RU,58.5033,49.3483,Europe/Kirov
KWA,PKWA,Bucholz Army Air Field,Kwajalein,MH,8.72012,167.73199,Pacific/Kwajalein
KWE,ZUGY,Longdongbao Airport,Guiyang,CN,26.5385,106.801,Asia/Shanghai
KWG,UKDR,Kryvyi Rih International Airport,Kryvyi Rih,UA,48.0433,33.21,Europe/Kyiv
KWH,OAHN,Khwahan Airport,Khwahan,AF,37.883,70.217,Asia/Dushanbe
KWI,OKKK,Kuwait International Airport,Kuwait City,KW,29.2266,47.9689,Asia/Kuwait
KWJ,RKJJ,Gwangju Airport,Gwangju,KR,35.1264,126.809,Asia/Seoul
KWK,PAGG,Kwigillingok Airport,Kwigillingok,US,59.8765,-163.16901,America/Nome
KWL,ZGKL,Guilin Liangjiang International Airport,Guilin City,CN,25.2181,110.039,Asia/Shanghai
KWM,YKOW,Kowanyama Airport,Kowanyama,AU,-15.4856,141.75101,Australia/Brisbane
KWN,PAQH,Quinhagak Airport,Quinhagak,US,59.7551,-161.845,America/Anchorage
KWO,AYKW,Kawito Airport,Kawito,PG,-7.97701,142.82358,Pacific/Port_Moresby
KWS,AGKW,Kwailabesi Airport,Kwailabesi,SB,-8.36051,160.77513,Pacific/Guadalcanal
KWT,PFKW,Kwethluk Airport,Kwethluk,US,60.7903,-161.444,America/Anchorage
KWZ,FZQM,Kolwezi Airport,Kolwezi,CD,-10.7659,25.5057,Africa/Lubumbashi
KXB,WAWP,Sangia Nibandera Airport,Kolaka,ID,-4.34122,121.52398,Asia/Makassar
KXD,USHK,Kondinskoye Airport,Kondinskoye,RU,59.65508,67.43005,Asia/Yekaterinburg
KXE,FAKD,P C Pelser Airport,Klerksdorp,ZA,-26.8711,26.718,Africa/Johannesburg
KXF,NFNO,Koro Island Airport,Koro Island,FJ,-17.3458,179.422,Pacific/Fiji
KXK,UHKK,Komsomolsk-on-Amur Airport,Komsomolsk-on-Amur,RU,50.409,136.93401,Asia/Vladivostok
KXU,NTKT,Katiu Airport,Katiu,PF,-16.3394,-144.403,Pacific/Tahiti
KYA,LTAN,Konya Airport,Konya,TR,37.979,32.5619,Europe/Istanbul
KYD,RCLY,Lanyu Airport,Orchid Island,TW,22.027,121.535,Asia/Taipei
KYE,OLKA,Rene Mouawad Air Base,Tripoli,LB,34.5893,36.0113,Asia/Beirut
KYF,YYLR,Yeelirrie Airport,,AU,-27.27706,120.09567,Australia/Perth
KYI,YYTA,Yalata Mission Airport,Yalata Mission,AU,-31.4706,131.825,Australia/Adelaide
KYK,PAKY,Karluk Airport,Karluk,US,57.5671,-154.45,America/Anchorage
KYP,VYKP,Kyaukpyu Airport,Kyaukpyu,MM,19.4264,93.5348,Asia/Yangon
KYS,GAKY,Kayes Dag Dag Airport,Kayes,ML,14.4812,-11.4044,Africa/Bamako
KYT,VYKU,Kyauktu Airport,Kyauktu,MM,21.4,94.1333,Asia/Yangon
KYU,PFKU,Koyukuk Airport,Koyukuk,US,64.8761,-157.72701,America/Anchorage
KYZ,UNKY,Kyzyl Airport,Kyzyl,RU,51.6694,94.4006,Asia/Krasnoyarsk
KZC,VDKH,Kampong Chhnang Airport,Kampong Chhnang,KH,12.2552,104.564,Asia/Phnom_Penh
KZF,AYKT,Kaintiba Airport,Kaintiba,PG,-7.50025,146.03383,Pacific/Port_Moresby
KZG,EDGY,Kitzingen Airport,Kitzingen,DE,49.74163,10.19886,Europe/Berlin
KZI,LGKZ,Filippos Airport,Kozani,GR,40.2861,21.8408,Europe/Athens
KZN,UWKD,Kazan International Airport,Kazan,RU,55.6062,49.2787,Europe/Moscow
KZO,UAOO,Kzyl-Orda Southwest Airport,Kzyl-Orda,KZ,44.7069,65.5925,Asia/Qyzylorda
KZR,LTBZ,Zafer Airport,Altintas,TR,39.10902,30.13713,Europe/Istanbul
KZS,LGKJ,Kastelorizo Airport,Kastelorizo Island,GR,36.1417,29.5764,Europe/Athens
LAA,KLAA,Lamar Municipal Airport,Lamar,US,38.0697,-102.688,America/Denver
LAD,FNLU,Quatro De Fevereiro Airport,Luanda,AO,-8.85837,13.2312,Africa/Luanda
LAE,AYNZ,Lae Nadzab Airport,Nadzab,PG,-6.56983,146.726,Pacific/Port_Moresby
LAF,KLAF,Purdue University Airport,Lafayette,US,40.4123,-86.9369,America/Indiana/Indianapolis
LAH,WAPH,Oesman Sadik Airport Labuha,Labuha-Halmahera Island,ID,-0.63526,127.502,Asia/Jayapura
LAI,LFRO,Lannion-Cote de Granit Airport,Lannion,FR,48.7544,-3.47166,Europe/Paris
LAJ,SBLJ,Lages Airport,Lages,BR,-27.7821,-50.2815,America/Sao_Paulo
LAK,CYKD,Aklavik Airport,Aklavik,CA,68.2233,-135.006,America/Inuvik
LAL,KLAL,Lakeland Linder Regional Airport,Lakeland,US,27.9889,-82.0186,America/New_York
LAM,KLAM,Los Alamos Airport,Los Alamos,US,35.8798,-106.269,America/Denver
LAN,KLAN,Capital Region International Airport,Lansing,US,42.7787,-84.5874,America/Detroit
LAO,RPLI,Laoag International Airport,Laoag City,PH,18.1781,120.532,Asia/Manila
LAP,MMLP,Manuel Marquez de Leon International Airport,La Paz,MX,24.0727,-110.362,America/Mazatlan
LAQ,HLLQ,La Abraq Airport,Al Bayda',LY,32.7887,21.9643,Africa/Tripoli
LAR,KLAR,Laramie Regional Airport,Laramie,US,41.3121,-105.675,America/Denver
LAS,KLAS,Harry Reid International Airport,Las Vegas,US,36.0801,-115.152,America/Los_Angeles
LAU,HKLU,Manda Airstrip,Lamu,KE,-2.25242,40.9131,Africa/Nairobi
LAW,KLAW,Lawton Fort Sill Regional Airport,Lawton,US,34.5677,-98.4166,America/Chicago
LAX,KLAX,Los Angeles International Airport,Los Angeles,US,33.9425,-118.408,America/Los_Angeles
LAY,FALY,Ladysmith Airport,Ladysmith,ZA,-28.5817,29.7497,Africa/Johannesburg
LAZ,SBLP,Bom Jesus da Lapa Airport,Bom Jesus Da Lapa,BR,-13.2621,-43.4081,America/Bahia
LBA,EGNM,Leeds Bradford Airport,Leeds,GB,53.8659,-1.66057,Europe/London
LBB,KLBB,Lubbock Preston Smith International Airport,Lubbock,US,33.6636,-101.823,America/Chicago
LBC,EDHL,Lubeck Blankensee Airport,Lubeck,DE,53.8054,10.7192,Europe/Berlin
LBD,UTDL,Khudzhand Airport,Khudzhand,TJ,40.2154,69.6947,Asia/Dushanbe
LBE,KLBE,Arnold Palmer Regional Airport,Latrobe,US,40.2759,-79.4048,America/New_York
LBF,KLBF,North Platte Regional Airport Lee Bird Field,North Platte,US,41.1262,-100.684,America/Chicago
LBG,LFPB,Paris-Le Bourget Airport,Paris,FR,48.9694,2.44139,Europe/Paris
LBI,LFCI,Albi-Le Sequestre Airport,Albi/Le Sequestre,FR,43.9139,2.11306,Europe/Paris
LBJ,WATO,Komodo (Mutiara II) Airport,Labuan Bajo-Flores Island,ID,-8.48666,119.889,Asia/Makassar
LBL,KLBL,Liberal Mid-America Regional Airport,Liberal,US,37.0442,-100.96,America/Chicago
LBO,FZVI,Lusambo Airport,Lusambo,CD,-4.96167,23.3783,Africa/Lubumbashi
LBQ,FOGR,Lambarene Airport,Lambarene,GA,-0.70439,10.2457,Africa/Libreville
LBR,SWLB,Labrea Airport,Labrea,BR,-7.27897,-64.7695,America/Manaus
LBS,NFNL,Labasa Airport,Labasa,FJ,-16.4667,179.34,Pacific/Fiji
LBT,KLBT,Lumberton Municipal Airport,Lumberton,US,34.6099,-79.0594,America/New_York
LBU,WBKL,Labuan Airport,Labuan,MY,5.30068,115.25,Asia/Kuching
LBV,FOOL,Leon M Ba Airport,Libreville,GA,0.4586,9.41228,Africa/Libreville
LBW,WRLB,Long Bawan Airport,Long Bawan-Borneo Island,ID,3.867,115.683,Asia/Makassar
LBX,RPLU,Lubang Airport,Lubang,PH,13.8554,120.105,Asia/Manila
LBY,LFRE,La Baule-Escoublac Airport,La Baule-Escoublac,FR,47.2894,-2.34639,Europe/Paris
LBZ,FNLK,Lucapa Airport,Lucapa,AO,-8.44573,20.73209,Africa/Luanda
LCA,LCLK,Larnaca International Airport,Larnarca,CY,34.8751,33.6249,Asia/Nicosia
LCC,LIBN,Lecce Airport,Lecce,IT,40.2392,18.1333,Europe/Rome
LCD,FALO,Louis Trichardt Airport,Louis Trichardt,ZA,-23.0619,29.8647,Africa/Johannesburg
LCE,MHLC,Goloson International Airport,La Ceiba,HN,15.7425,-86.853,America/Tegucigalpa
LCF,MGRD,Las Vegas Airport,Rio Dulce,GT,15.6689,-88.9579,America/Guatemala
LCG,LECO,A Coruna Airport,Culleredo,ES,43.3021,-8.37726,Europe/Madrid
LCH,KLCH,Lake Charles Regional Airport,Lake Charles,US,30.1261,-93.2233,America/Chicago
LCI,KLCI,Laconia Municipal Airport,Laconia,US,43.5727,-71.4189,America/New_York
LCJ,EPLL,Lodz Wladyslaw Reymont Airport,Lodz,PL,51.7219,19.3981,Europe/Warsaw
LCK,KLCK,Rickenbacker International Airport,Columbus,US,39.8138,-82.9278,America/New_York
LCL,MULM,La Coloma Airport,Pinar del Rio,CU,22.3361,-83.6419,America/Havana
LCM,SACC,La Cumbre Airport,La Cumbre,AR,-31.0058,-64.5319,America/Argentina/Cordoba
LCN,YBLC,Balcanoona Airport,,AU,-30.535,139.33701,Australia/Adelaide
LCO,FCBL,Lague Airport,Lague,CG,-2.45,14.533,Africa/Brazzaville
LCQ,KLCQ,Lake City Gateway Airport,Lake City,US,30.182,-82.5769,America/New_York
LCV,LIQL,Lucca / Tassignano Airport,Lucca,IT,43.8282,10.5781,Europe/Rome
LCX,ZSLD,Longyan Guanzhishan Airport,Longyan,CN,25.6747,116.747,Asia/Shanghai
LCY,EGLC,London City Airport,London,GB,51.5053,0.05528,Europe/London
LDA,VEMH,Malda Airport,Malda,IN,25.011,88.127,Asia/Kolkata
LDB,SBLO,Governador Jose Richa Airport,Londrina,BR,-23.3336,-51.1301,America/Sao_Paulo
LDC,YLIN,Lindeman Island Airport,Lindeman Island,AU,-20.4536,149.03999,Australia/Lindeman
LDE,LFBT,Tarbes-Lourdes-Pyrenees Airport,Tarbes/Lourdes/Pyrenees,FR,43.1787,-0.00644,Europe/Paris
LDG,ULAL,Leshukonskoye Airport,Leshukonskoye,RU,64.896,45.723,Europe/Moscow
LDH,YLHI,Lord Howe Island Airport,Lord Howe Island,AU,-31.5383,159.077,Australia/Lord_Howe
LDI,HTLI,Kikwetu Airport,Lindi,TZ,-9.85111,39.7578,Africa/Dar_es_Salaam
LDJ,KLDJ,Linden Airport,Linden,US,40.6174,-74.2446,America/New_York
LDK,ESGL,Lidkoping-Hovby Airport,Lidkoping,SE,58.4655,13.1744,Europe/Stockholm
LDM,KLDM,Mason County Airport,Ludington,US,43.9625,-86.4079,America/Detroit
LDN,VNLD,Lamidanda Airport,Lamidanda,NP,27.2531,86.67,Asia/Kathmandu
LDO,SMDO,Ladouanie Airport,Aurora,SR,4.37611,-55.40706,America/Paramaribo
LDS,ZYLD,Lindu Airport,Yichun,CN,47.75206,129.01913,Asia/Shanghai
LDU,WBKD,Lahad Datu Airport,Lahad Datu,MY,5.03225,118.324,Asia/Kuching
LDV,LFRJ,Landivisiau Air Base,Landivisiau,FR,48.5303,-4.15164,Europe/Paris
LDX,SOOM,Saint-Laurent-du-Maroni Airport,Saint-Laurent-du-Maroni,GF,5.48306,-54.0344,America/Cayenne
LDY,EGAE,City of Derry Airport,Derry,GB,55.0428,-7.16111,Europe/London
LDZ,FALD,Londolozi Airport,Londolozi,ZA,-24.7502,31.4757,Africa/Johannesburg
LEA,YPLM,Learmonth Airport,Exmouth,AU,-22.2356,114.089,Australia/Perth
LEB,KLEB,Lebanon Municipal Airport,Lebanon,US,43.6261,-72.3042,America/New_York
LEC,SBLE,Chapada Diamantina Airport,Lencois,BR,-12.4823,-41.277,America/Bahia
LED,ULLI,Pulkovo Airport,St. Petersburg,RU,59.8003,30.2625,Europe/Moscow
LEE,KLEE,Leesburg International Airport,Leesburg,US,28.8231,-81.8087,America/New_York
LEF,FXLK,Lebakeng Airport,Lebakeng,LS,-29.8908,28.6556,Africa/Maseru
LEH,LFOH,Le Havre Octeville Airport,Le Havre/Octeville,FR,49.5339,0.08806,Europe/Paris
LEI,LEAM,Almeria International Airport,Almeria,ES,36.8439,-2.3701,Europe/Madrid
LEJ,EDDP,Leipzig Halle Airport,Leipzig,DE,51.4324,12.2416,Europe/Berlin
LEK,GULB,Labe Airport,Labe,GN,11.3261,-12.2868,Africa/Conakry
LEL,YLEV,Lake Evella Airport,Lake Evella,AU,-12.4989,135.806,Australia/Darwin
LEM,KLEM,Lemmon Municipal Airport,Lemmon,US,45.9187,-102.106,America/Denver
LEN,LELN,Leon Airport,Leon,ES,42.589,-5.65556,Europe/Madrid
LEP,SNDN,Leopoldina Airport,Leopoldina,BR,-21.4661,-42.727,America/Sao_Paulo
LEQ,EGHC,Land's End Airport,Land's End,GB,50.1028,-5.67056,Europe/London
LER,YLST,Leinster Airport,Leinster,AU,-27.8433,120.703,Australia/Perth
LES,FXLS,Lesobeng Airport,Lesobeng,LS,-29.7829,28.3167,Africa/Maseru
LET,SKLT,Alfredo Vasquez Cobo International Airport,Leticia,CO,-4.19355,-69.9432,America/Bogota
LEU,LESU,Aerodrom dels Pirineus-Alt Urgell Airport,Montferrer / Castellbo,ES,42.3386,1.40917,Europe/Madrid
LEV,NFNB,Levuka Airfield,Bureta,FJ,-17.7111,178.759,Pacific/Fiji
LEW,KLEW,Auburn Lewiston Municipal Airport,Auburn/Lewiston,US,44.0485,-70.2835,America/New_York
LEX,KLEX,Blue Grass Airport,Lexington,US,38.0365,-84.6059,America/New_York
LEY,EHLE,Lelystad Airport,Lelystad,NL,52.4603,5.52722,Europe/Amsterdam
LEZ,MHLE,La Esperanza Airport,La Esperanza,HN,14.29111,-88.175,America/Tegucigalpa
LFB,FQLU,Lumbo Airport,Lumbo,MZ,-15.0331,40.6717,Africa/Maputo
LFI,KLFI,Langley Air Force Base,Hampton,US,37.0829,-76.3605,America/New_York
LFK,KLFK,Angelina County Airport,Lufkin,US,31.234,-94.75,America/Chicago
LFM,OISR,Lamerd Airport,Lamerd,IR,27.3727,53.1888,Asia/Tehran
LFN,KLHZ,Triangle North Executive Airport,Louisburg,US,36.0233,-78.3303,America/New_York
LFO,HAKL,Kelafo East Airport,Kelafo,ET,5.657,44.35,Africa/Addis_Ababa
LFP,YLFD,Lakefield Airport,,AU,-14.9333,144.2,Australia/Brisbane
LFR,SVLF,La Fria Airport,La Fria,VE,8.23917,-72.27103,America/Caracas
LFT,KLFT,Lafayette Regional Airport,Lafayette,US,30.2053,-91.9876,America/Chicago
LFW,DXXX,Lome-Tokoin Airport,Lome,TG,6.16561,1.25451,Africa/Lome
LGA,KLGA,La Guardia Airport,New York,US,40.7772,-73.8726,America/New_York
LGB,KLGB,Long Beach /Daugherty Field/ Airport,Long Beach,US,33.8177,-118.152,America/Los_Angeles
LGC,KLGC,Lagrange Callaway Airport,Lagrange,US,33.0089,-85.0726,America/New_York
LGD,KLGD,La Grande Union County Airport,La Grande,US,45.2902,-118.007,America/Los_Angeles
LGF,KLGF,Laguna AAF (Yuma Proving Ground) Airfield,Yuma Proving Ground(Yuma),US,32.86,-114.397,America/Phoenix
LGG,EBLG,Liege Airport,Liege,BE,50.6374,5.44322,Europe/Brussels
LGH,YLEC,Leigh Creek Airport,Leigh Creek,AU,-30.5983,138.42599,Australia/Adelaide
LGI,MYLD,Deadman's Cay Airport,Deadman's Cay,BS,23.179,-75.0936,America/Nassau
LGK,WMKL,Langkawi International Airport,Langkawi,MY,6.32973,99.7287,Asia/Kuala_Lumpur
LGL,WBGF,Long Lellang Airport,Long Datih,MY,3.421,115.154,Asia/Kuching
LGO,EDWL,Langeoog Airport,Langeoog,DE,53.7425,7.49778,Europe/Berlin
LGP,RPLP,Legazpi City International Airport,Legazpi City,PH,13.1575,123.735,Asia/Manila
LGQ,SENL,Nueva Loja Airport,Lago Agrio,EC,0.09306,-76.8675,America/Guayaquil
LGR,SCHR,Cochrane Airport,Cochrane,CL,-47.2438,-72.5884,America/Santiago
LGS,SAMM,Comodoro D.R. Salomon Airport,Malargue,AR,-35.4936,-69.5743,America/Argentina/Mendoza
LGT,SKGA,La Gaviota Airport,Las Gaviotas,CO,4.54972,-70.925,America/Bogota
LGU,KLGU,Logan Cache Airport,Logan,US,41.7912,-111.852,America/Denver
LGW,EGKK,London Gatwick Airport,London,GB,51.1481,-0.19028,Europe/London
LHA,EDTL,Lahr Airport,Lahr,DE,48.3693,7.82772,Europe/Berlin
LHB,EG74,Bruntingthorpe Airport,Bruntingthorpe,GB,52.49297,-1.12509,Europe/London
LHE,OPLA,Alama Iqbal International Airport,Lahore,PK,31.5216,74.4036,Asia/Karachi
LHG,YLRD,Lightning Ridge Airport,Lightning Ridge,AU,-29.4567,147.98399,Australia/Sydney
LHI,WAJL,Lereh Airport,Lereh-Papua Island,ID,-3.1279,139.94299,Asia/Jayapura
LHK,ZHGH,Guangzhou MR Air Base,Guanghua,CN,32.3894,111.695,Asia/Shanghai
LHR,EGLL,London Heathrow Airport,London,GB,51.4706,-0.46194,Europe/London
LHS,SAVH,Las Heras Airport,Las Heras,AR,-46.5383,-68.9653,America/Argentina/Rio_Gallegos
LHU,FYLS,Lianshulu Airport,Muneambuanas,NA,-18.1167,23.3933,Africa/Gaborone
LHV,KLHV,William T. Piper Memorial Airport,Lock Haven,US,41.1356,-77.4223,America/New_York
LHW,ZLLL,Lanzhou Zhongchuan Airport,Lanzhou,CN,36.5152,103.62,Asia/Shanghai
LIA,ZULP,Liangping Airport,Liangping,CN,30.6794,107.786,Asia/Shanghai
LIC,KLIC,Limon Municipal Airport,Limon,US,39.2748,-103.666,America/Denver
LIE,FZFA,Libenge Airport,Libenge,CD,3.633,18.633,Africa/Kinshasa
LIF,NWWL,Lifou Airport,Lifou,NC,-20.7748,167.24001,Pacific/Noumea
LIG,LFBL,Limoges Airport,Limoges/Bellegarde,FR,45.8628,1.17944,Europe/Paris
LIH,PHLI,Lihue Airport,Lihue,US,21.976,-159.339,Pacific/Honolulu
LII,WAJM,Mulia Airport,Mulia-Papua Island,ID,-3.70947,137.976,Asia/Jayapura
LIL,LFQQ,Lille-Lesquin Airport,Lille/Lesquin,FR,50.5619,3.08944,Europe/Paris
LIM,SPJC,Jorge Chavez International Airport,Lima,PE,-12.0219,-77.1143,America/Lima
LIN,LIML,Linate Airport,Milan,IT,45.4451,9.27674,Europe/Rome
LIO,MRLM,Limon International Airport,Puerto Limon,CR,9.95796,-83.022,America/Costa_Rica
LIP,SBLN,Lins Airport,Lins,BR,-21.664,-49.7305,America/Sao_Paulo
LIQ,FZGA,Lisala Airport,Lisala,CD,2.17098,21.49713,Africa/Lubumbashi
LIR,MRLB,Daniel Oduber Quiros International Airport,Liberia,CR,10.5933,-85.5444,America/Costa_Rica
LIS,LPPT,Lisbon Portela Airport,Lisbon,PT,38.7813,-9.13592,Europe/Lisbon
LIT,KLIT,Adams Field,Little Rock,US,34.7294,-92.2243,America/Chicago
LIW,VYLK,Loikaw Airport,Loikaw,MM,19.6915,97.2148,Asia/Yangon
LIX,FWLK,Likoma Island Airport,Likoma Island,MW,-12.083,34.733,Africa/Blantyre
LIY,KLHW,Wright Aaf (Fort Stewart)/Midcoast Regional Airport,Fort Stewart(Hinesville),US,31.8891,-81.5623,America/New_York
LJA,FZVA,Lodja Airport,Lodja,CD,-3.417,23.45,Africa/Lubumbashi
LJG,ZPLJ,Lijiang Airport,Lijiang,CN,26.68,100.246,Asia/Shanghai
LJN,KLBX,Texas Gulf Coast Regional Airport,Angleton/Lake Jackson,US,29.1086,-95.4621,America/Chicago
LJU,LJLJ,Ljubljana Joze Pucnik Airport,Ljubljana,SI,46.2237,14.4576,Europe/Ljubljana
LKA,WRKL,Gewayentana Airport,Larantuka-Flores Island,ID,-8.34666,122.981,Asia/Makassar
LKB,NFNK,Lakeba Island Airport,Lakeba Island,FJ,-18.1992,-178.817,Pacific/Fiji
LKD,YLND,Lakeland Airport,Lakeland,AU,-15.8333,144.85001,Australia/Brisbane
LKG,HKLK,Lokichoggio Airport,Lokichoggio,KE,4.20412,34.3482,Africa/Nairobi
LKH,WBGL,Long Akah Airport,Long Akah,MY,3.3,114.783,Asia/Kuching
LKK,PAKL,Kulik Lake Airport,Kulik Lake,US,58.9821,-155.121,America/Anchorage
LKL,ENNA,Banak Airport,Lakselv,NO,70.0688,24.9735,Europe/Oslo
LKN,ENLK,Leknes Airport,Leknes,NO,68.1525,13.6094,Europe/Oslo
LKO,VILK,Chaudhary Charan Singh International Airport,Lucknow,IN,26.7606,80.8893,Asia/Kolkata
LKP,KLKP,Lake Placid Airport,Lake Placid,US,44.2645,-73.9619,America/New_York
LKV,KLKV,Lake County Airport,Lakeview,US,42.1611,-120.399,America/Los_Angeles
LKW,OOLK,Lekhwair Airport,,OM,22.80498,55.37337,Asia/Muscat
LKY,HTLM,Lake Manyara Airport,Lake Manyara National Park,TZ,-3.37631,35.8183,Africa/Dar_es_Salaam
LKZ,EGUL,RAF Lakenheath,Lakenheath,GB,52.4093,0.561,Europe/London
LLA,ESPA,Lulea Airport,Lulea,SE,65.5438,22.122,Europe/Stockholm
LLB,ZULB,Qiannan Libo Airport,Libo,CN,25.4525,107.96167,Asia/Shanghai
LLE,FAMN,Riverside Airport,Malelane,ZA,-25.43,31.5767,Africa/Johannesburg
LLF,ZGLG,Lingling Airport,Yongzhou,CN,26.33866,111.61004,Asia/Shanghai
LLG,YCGO,Chillagoe Airport,Chillagoe,AU,-17.1428,144.52901,Australia/Brisbane
LLI,HALL,Lalibella Airport,Lalibela,ET,11.975,38.98,Africa/Addis_Ababa
LLJ,VGLM,Lalmonirhat Airport,Lalmonirhat,BD,25.8875,89.4331,Asia/Dhaka
LLK,UBBL,Lankaran International Airport,Lankaran,AZ,38.7464,48.818,Asia/Baku
LLS,SATK,Alferez Armando Rodriguez Airport,Las Lomitas,AR,-24.7214,-60.5488,America/Argentina/Cordoba
LLT,FNLB,Lobito Airport,Lobito,AO,-12.3712,13.5366,Africa/Luanda
LLW,FWKI,Lilongwe International Airport,Lilongwe,MW,-13.7894,33.781,Africa/Blantyre
LLX,KCDA,Caledonia County Airport,Lyndonville,US,44.5691,-72.018,America/New_York
LLY,KVAY,South Jersey Regional Airport,Mount Holly,US,39.9429,-74.8457,America/New_York
LMA,PAMH,Minchumina Airport,Minchumina,US,63.886,-152.302,America/Anchorage
LMB,FWSM,Salima Airport,Salima,MW,-13.75589,34.58419,Africa/Blantyre
LME,LFRM,Le Mans-Arnage Airport,Le Mans/Arnage,FR,47.9486,0.20167,Europe/Paris
LMI,AYLU,Lumi Airport,Lumi,PG,-3.47684,142.04129,Pacific/Port_Moresby
LMM,MMLM,Valle del Fuerte International Airport,Los Mochis,MX,25.6852,-109.081,America/Mazatlan
LMN,WBGJ,Limbang Airport,Limbang,MY,4.8083,115.01,Asia/Brunei
LMO,EGQS,RAF Lossiemouth,Lossiemouth,GB,57.7052,-3.33917,Europe/London
LMP,LICD,Lampedusa Airport,Lampedusa,IT,35.4979,12.6181,Europe/Rome
LMQ,HLMB,Marsa Brega Airport,Brega,LY,30.3781,19.5764,Africa/Tripoli
LMR,FALC,Lime Acres Finsch Mine Airport,Lime Acres,ZA,-28.3601,23.4391,Africa/Johannesburg
LMS,KLMS,Louisville Winston County Airport,Louisville,US,33.1462,-89.0625,America/Chicago
LMT,KLMT,Crater Lake/Klamath Regional Airport,Klamath Falls,US,42.1561,-121.733,America/Los_Angeles
LMV,VRGD,Madivaru Airport,Naifaru,MV,5.4574,73.3701,Indian/Maldives
LMY,AYLM,Lake Murray Airport,Lake Murray,PG,-7.00992,141.494,Pacific/Port_Moresby
LNA,KLNA,Palm Beach County Park Airport,West Palm Beach,US,26.593,-80.0851,America/New_York
LNB,NVSM,Lamen Bay Airport,Lamen Bay,VU,-16.5842,168.159,Pacific/Efate
LND,KLND,Hunt Field,Lander,US,42.8152,-108.73,America/Denver
LNE,NVSO,Lonorore Airport,Lonorore,VU,-15.8656,168.172,Pacific/Efate
LNH,YLKN,Lake Nash Airport,Alpurrurulam,AU,-20.9667,137.91701,Australia/Darwin
LNI,PALN,Lonely Air Station,Lonely,US,70.9107,-153.242,America/Anchorage
LNJ,ZPLC,Lincang Airport,Lincang,CN,23.73833,100.025,Asia/Shanghai
LNK,KLNK,Lincoln Airport,Lincoln,US,40.851,-96.7592,America/Chicago
LNL,ZLLN,Longnan Chengxian Airport,Longnan,CN,33.788,105.797,Asia/Shanghai
LNN,KLNN,Lake County Executive Airport,Willoughby,US,41.684,-81.3897,America/New_York
LNO,YLEO,Leonora Airport,Leonora,AU,-28.8781,121.315,Australia/Perth
LNP,KLNP,Lonesome Pine Airport,Wise,US,36.9875,-82.53,America/New_York
LNR,KLNR,Tri-County Regional Airport,Lone Rock,US,43.2117,-90.1816,America/Chicago
LNS,KLNS,Lancaster Airport,Lancaster,US,40.1217,-76.2961,America/New_York
LNV,AYKY,Londolovit Airport,Londolovit,PG,-3.04361,152.629,Pacific/Port_Moresby
LNX,UUBS,Smolensk South Airport,Smolensk,RU,54.745,32.065,Europe/Moscow
LNY,PHNY,Lanai Airport,Lanai City,US,20.7856,-156.951,Pacific/Honolulu
LNZ,LOWL,Linz Airport,Linz,AT,48.2332,14.1875,Europe/Vienna
LOA,YLOR,Lorraine Airport,,AU,-18.9933,139.907,Australia/Brisbane
LOB,SCAN,San Rafael Airport,Los Andes,CL,-32.8142,-70.6467,America/Santiago
LOC,YLOK,Lock Airport,Lock,AU,-33.5442,135.69299,Australia/Adelaide
LOD,NVSG,Longana Airport,Longana,VU,-15.3067,167.967,Pacific/Efate
LOE,VTUL,Loei Airport,Loei,TH,17.4391,101.722,Asia/Bangkok
LOH,SETM,Camilo Ponce Enriquez Airport,La Toma (Catamayo),EC,-3.99589,-79.3719,America/Guayaquil
LOI,SSLN,Helmuth Baungarten Airport,Lontras,BR,-27.16,-49.5425,America/Sao_Paulo
LOK,HKLO,Lodwar Airport,Lodwar,KE,3.12197,35.6087,Africa/Nairobi
LOL,KLOL,Derby Field,Lovelock,US,40.0664,-118.565,America/Los_Angeles
LOO,DAUL,Laghouat Airport,Laghouat,DZ,33.7644,2.92834,Africa/Algiers
LOP,WADL,Bandara International Lombok Airport,Mataram,ID,-8.75732,116.27667,Asia/Makassar
LOS,DNMM,Murtala Muhammed International Airport,Lagos,NG,6.57737,3.32116,Africa/Lagos
LOT,KLOT,Lewis University Airport,Chicago/Romeoville,US,41.6073,-88.0962,America/Chicago
LOU,KLOU,Bowman Field,Louisville,US,38.228,-85.6637,America/Kentucky/Louisville
LOV,MMMV,Monclova International Airport,Monclova,MX,26.9557,-101.47,America/Monterrey
LOW,KLKU,Louisa County-Freeman field,Louisa,US,38.0098,-77.9701,America/New_York
LOY,HKLY,Loyengalani Airport,Loyengalani,KE,2.75,36.717,Africa/Nairobi
LOZ,KLOZ,London Corbin Airport Magee Field,London,US,37.0822,-84.0849,America/New_York
LPA,GCLP,Gran Canaria Airport,Gran Canaria Island,ES,27.9319,-15.3866,Atlantic/Canary
LPB,SLLP,El Alto International Airport,La Paz / El Alto,BO,-16.5133,-68.1923,America/La_Paz
LPC,KLPC,Lompoc Airport,Lompoc,US,34.6656,-120.468,America/Los_Angeles
LPD,SKLP,La Pedrera Airport,La Pedrera,CO,-1.32861,-69.5797,America/Bogota
LPF,ZUPS,Liupanshui Yuezhao Airport,Liupanshui,CN,26.60942,104.979,Asia/Shanghai
LPG,SADL,La Plata Airport,La Plata,AR,-34.9722,-57.8947,America/Argentina/Buenos_Aires
LPI,ESSL,Linkoping SAAB Airport,Linkoping,SE,58.4062,15.6805,Europe/Stockholm
LPJ,SVAS,Armando Schwarck Airport,Guayabal,VE,6.57805,-66.8169,America/Caracas
LPK,UUOL,Lipetsk Airport,Lipetsk,RU,52.7028,39.5378,Europe/Moscow
LPL,EGGP,Liverpool John Lennon Airport,Liverpool,GB,53.3336,-2.84972,Europe/London
LPM,NVSL,Lamap Airport,Lamap,VU,-16.454,167.823,Pacific/Efate
LPO,KPPO,La Porte Municipal Airport,La Porte,US,41.5725,-86.7345,America/Chicago
LPP,EFLP,Lappeenranta Airport,Lappeenranta,FI,61.0446,28.1444,Europe/Helsinki
LPQ,VLLB,Luang Phabang International Airport,Luang Phabang,LA,19.8973,102.161,Asia/Vientiane
LPT,VTCL,Lampang Airport,Lampang,TH,18.2709,99.5042,Asia/Bangkok
LPU,WRLP,Long Apung Airport,Long Apung-Borneo Island,ID,1.70449,114.9703,Asia/Makassar
LPX,EVLA,Liepaja International Airport,Liepaja,LV,56.5175,21.0969,Europe/Riga
LPY,LFHP,Le Puy-Loudes Airport,Le Puy/Loudes,FR,45.0807,3.76289,Europe/Paris
LQK,KLQK,Pickens County Airport,Pickens,US,34.81,-82.7029,America/New_York
LQM,SKLG,Caucaya Airport,Puerto Leguizamo,CO,-0.18228,-74.7708,America/Bogota
LQN,OAQN,Qala-I-Naw Airport,Qala-I-Naw,AF,34.985,63.1178,Asia/Kabul
LRA,LGLR,Larisa Airport,Larisa,GR,39.65628,22.34,Europe/Athens
LRB,FXLR,Leribe Airport,Leribe,LS,-28.8556,28.0528,Africa/Johannesburg
LRD,KLRD,Laredo International Airport,Laredo,US,27.5438,-99.4616,America/Chicago
LRE,YLRE,Longreach Airport,Longreach,AU,-23.4342,144.28,Australia/Brisbane
LRF,KLRF,Little Rock Air Force Base,Jacksonville,US,34.9169,-92.1497,America/Chicago
LRG,OPLL,Loralai Airport,Loralai,PK,30.3555,68.6135,Asia/Karachi
LRH,LFBH,La Rochelle-Ile de Re Airport,La Rochelle/Ile de Re,FR,46.1792,-1.19528,Europe/Paris
LRJ,KLRJ,Le Mars Municipal Airport,Le Mars,US,42.778,-96.1937,America/Chicago
LRL,DXNG,Niamtougou International Airport,Niamtougou,TG,9.76733,1.09125,Africa/Lome
LRM,MDLR,Casa De Campo International Airport,La Romana,DO,18.4507,-68.9118,America/Santo_Domingo
LRR,OISL,Lar Airport,Lar,IR,27.6747,54.3833,Asia/Tehran
LRS,LGLE,Leros Airport,Leros Island,GR,37.1849,26.8003,Europe/Athens
LRT,LFRH,Lorient South Brittany (Bretagne Sud) Airport,Lorient/Lann/Bihoue,FR,47.7606,-3.44,Europe/Paris
LRU,KLRU,Las Cruces International Airport,Las Cruces,US,32.2894,-106.922,America/Denver
LRV,SVRS,Gran Roque Airport,Los Roques,VE,11.95,-66.67,America/Caracas
LSA,AYKA,Losuia Airport,Losuia,PG,-8.50582,151.08099,Pacific/Port_Moresby
LSB,KLSB,Lordsburg Municipal Airport,Lordsburg,US,32.3335,-108.692,America/Denver
LSC,SCSE,La Florida Airport,La Serena-Coquimbo,CL,-29.9162,-71.1995,America/Santiago
LSE,KLSE,La Crosse Municipal Airport,La Crosse,US,43.879,-91.2567,America/Chicago
LSF,KLSF,Lawson Army Air Field (Fort Benning),Fort Benning(Columbus),US,32.3373,-84.9913,America/Chicago
LSH,VYLS,Lashio Airport,Lashio,MM,22.9779,97.7522,Asia/Yangon
LSI,EGPB,Sumburgh Airport,Lerwick,GB,59.8789,-1.29556,Europe/London
LSK,KLSK,Lusk Municipal Airport,Lusk,US,42.7538,-104.405,America/Denver
LSL,MRLC,Los Chiles Airport,Los Chiles,CR,11.0353,-84.7061,America/Costa_Rica
LSM,WBGD,Long Semado Airport,Long Semado,MY,4.217,115.6,Asia/Kuching
LSN,KLSN,Los Banos Municipal Airport,Los Banos,US,37.0629,-120.869,America/Los_Angeles
LSO,LFOO,Les Sables-d'Olonne Talmont Airport,Les Sables-d'Olonne,FR,46.4769,-1.72278,Europe/Paris
LSP,SVJC,Josefa Camejo International Airport,Paraguana,VE,11.78078,-70.1515,America/Caracas
LSQ,SCGE,Maria Dolores Airport,Los Angeles,CL,-37.4017,-72.4254,America/Santiago
LSS,TFFS,Terre-de-Haut Airport,Les Saintes,GP,15.8644,-61.5806,America/Guadeloupe
LST,YMLT,Launceston Airport,Launceston,AU,-41.5453,147.214,Australia/Hobart
LSU,WBGU,Long Sukang Airport,Long Sukang,MY,4.55222,115.494,Asia/Kuching
LSV,KLSV,Nellis Air Force Base,Las Vegas,US,36.2362,-115.034,America/Los_Angeles
LSW,WITM,Malikus Saleh Airport,Lhok Seumawe-Sumatra Island,ID,5.22668,96.9503,Asia/Jakarta
LSX,WITL,Lhok Sukon Airport,Lhok Sukon-Sumatra Island,ID,5.06951,97.2592,Asia/Jakarta
LSY,YLIS,Lismore Airport,Lismore,AU,-28.8303,153.25999,Australia/Sydney
LSZ,LDLO,Losinj Island Airport,Losinj,HR,44.5658,14.3931,Europe/Zagreb
LTA,FATZ,Tzaneen Airport,Tzaneen,ZA,-23.8244,30.3293,Africa/Johannesburg
LTC,FTTH,Lai Airport,Lai,TD,9.4,16.3,Africa/Ndjamena
LTD,HLTD,Ghadames East Airport,Ghadames,LY,30.1517,9.71531,Africa/Tripoli
LTG,VNLT,Langtang Airport,Langtang,NP,28.2,85.583,Asia/Kathmandu
LTI,ZMAT,Altai Airport,Altai,MN,46.3764,96.2211,Asia/Hovd
LTK,OSLK,Bassel Al-Assad International Airport,Latakia,SY,35.4011,35.9487,Asia/Damascus
LTL,FOOR,Lastourville Airport,Lastourville,GA,-0.82667,12.7486,Africa/Libreville
LTM,SYLT,Lethem Airport,Lethem,GY,3.37276,-59.7894,America/Boa_Vista
LTN,EGGW,London Luton Airport,London,GB,51.8747,-0.36833,Europe/London
LTO,MMLT,Loreto International Airport,Loreto,MX,25.9892,-111.348,America/Mazatlan
LTP,YLHS,Lyndhurst Airport,Lyndhurst,AU,-19.1958,144.371,Australia/Brisbane
LTQ,LFAT,Le Touquet-Cote d'Opale Airport,Le Touquet-Paris-Plage,FR,50.5174,1.62059,Europe/Paris
LTR,EILT,Letterkenny Airport,Letterkenny,IE,54.9513,-7.67283,Europe/Dublin
LTS,KLTS,Altus Air Force Base,Altus,US,34.6671,-99.2667,America/Chicago
LTT,LFTZ,La Mole Airport,La Mole,FR,43.2054,6.482,Europe/Paris
LTU,VALT,Murod Kond Airport,Latur,IN,18.4115,76.4647,Asia/Kolkata
LTV,YLOV,Lotus Vale Airport,Lotus Vale,AU,-17.0483,141.37601,Australia/Brisbane
LTX,SELT,Cotopaxi International Airport,Latacunga,EC,-0.90683,-78.6158,America/Guayaquil
LUA,VNLK,Lukla Airport,Lukla,NP,27.6869,86.7297,Asia/Kathmandu
LUB,SYLP,Lumid Pau Airport,Lumid Pau,GY,2.39393,-59.441,America/Guyana
LUC,NFNH,Laucala Island Airport,Laucala Island,FJ,-16.7481,-179.66701,Pacific/Fiji
LUD,FYLZ,Luderitz Airport,Luderitz,NA,-26.6874,15.2429,Africa/Windhoek
LUE,LZLU,Lucenec Airport,Lucenec,SK,48.3394,19.7358,Europe/Bratislava
LUF,KLUF,Luke Air Force Base,Glendale,US,33.535,-112.383,America/Phoenix
LUG,LSZA,Lugano Airport,Lugano,CH,46.0043,8.91058,Europe/Zurich
LUH,VILD,Ludhiana Airport,Ludhiana,IN,30.8547,75.9526,Asia/Kolkata
LUJ,FALK,Lusikisiki Airport,Lusikisiki,ZA,-31.3667,29.5833,Africa/Johannesburg
LUK,KLUK,Cincinnati Municipal Airport Lunken Field,Cincinnati,US,39.1033,-84.4186,America/New_York
LUL,KLUL,Hesler Noble Field,Laurel,US,31.6726,-89.1722,America/Chicago
LUM,ZPLX,Mangshi Airport,Luxi,CN,24.4011,98.5317,Asia/Shanghai
LUN,FLKK,Kenneth Kaunda International Airport,Lusaka,ZM,-15.3308,28.4526,Africa/Lusaka
LUO,FNUE,Luena Airport,Luena,AO,-11.7681,19.8977,Africa/Luanda
LUP,PHLU,Kalaupapa Airport,Kalaupapa,US,21.211,-156.974,Pacific/Honolulu
LUQ,SAOU,Brigadier Mayor D Cesar Raul Ojeda Airport,San Luis,AR,-33.2732,-66.3564,America/Argentina/San_Luis
LUR,PALU,Cape Lisburne LRRS Airport,Cape Lisburne,US,68.8751,-166.11,America/Nome
LUS,FZCE,Lusanga Airport,Lusanga,CD,-4.8,18.717,Africa/Kinshasa
LUT,YLRS,New Laura Airport,,AU,-15.1833,144.367,Australia/Brisbane
LUU,YLRA,Laura Airport,Laura,AU,-15.55,144.45,Australia/Brisbane
LUV,WAPL,Dumatumbun Airport,Langgur-Seram Island,ID,-5.66162,132.731,Asia/Jayapura
LUW,WAMW,Bubung Airport,Luwok-Celebes Island,ID,-1.03892,122.772,Asia/Makassar
LUX,ELLX,Luxembourg-Findel International Airport,Luxembourg,LU,49.6266,6.21152,Europe/Luxembourg
LUZ,EPLB,Lublin Airport,Lublin,PL,51.24028,22.71361,Europe/Warsaw
LVA,LFOV,Laval-Entrammes Airport,Laval/Entrammes,FR,48.0314,-0.74299,Europe/Paris
LVI,FLLI,Livingstone Airport,Livingstone,ZM,-17.8218,25.8227,Africa/Lusaka
LVK,KLVK,Livermore Municipal Airport,Livermore,US,37.6934,-121.82,America/Los_Angeles
LVL,KLVL,Brunswick County Airport,Lawrenceville,US,36.7728,-77.7943,America/New_York
LVM,KLVM,Mission Field,Livingston,US,45.6994,-110.448,America/Denver
LVO,YLTN,Laverton Airport,Laverton,AU,-28.6136,122.424,Australia/Perth
LVP,OIBV,Lavan Island Airport,Lavan,IR,26.8103,53.3563,Asia/Tehran
LVR,SILC,Municipal Bom Futuro Airport,Lucas do Rio Verde,BR,-13.03786,-55.95025,America/Cuiaba
LVS,KLVS,Las Vegas Municipal Airport,Las Vegas,US,35.6542,-105.142,America/Denver
LWB,KLWB,Greenbrier Valley Airport,Lewisburg,US,37.8583,-80.3995,America/New_York
LWC,KLWC,Lawrence Municipal Airport,Lawrence,US,39.0112,-95.2166,America/Chicago
LWH,YLAH,Lawn Hill Airport,,AU,-18.5683,138.63499,Australia/Brisbane
LWK,EGET,Lerwick / Tingwall Airport,Lerwick,GB,60.1922,-1.24361,Europe/London
LWL,KLWL,Wells Municipal Harriet Field,Wells,US,41.1171,-114.922,America/Los_Angeles
LWM,KLWM,Lawrence Municipal Airport,Lawrence,US,42.7172,-71.1234,America/New_York
LWN,UDSG,Gyumri Shirak Airport,Gyumri,AM,40.7504,43.8593,Asia/Yerevan
LWO,UKLL,Lviv International Airport,Lviv,UA,49.8125,23.9561,Europe/Kyiv
LWR,EHLW,Leeuwarden Air Base,Leeuwarden,NL,53.2286,5.76056,Europe/Amsterdam
LWS,KLWS,Lewiston Nez Perce County Airport,Lewiston,US,46.3745,-117.015,America/Los_Angeles
LWT,KLWT,Lewistown Municipal Airport,Lewistown,US,47.0493,-109.467,America/Denver
LWV,KLWV,Lawrenceville Vincennes International Airport,Lawrenceville,US,38.7643,-87.6055,America/Chicago
LWY,WBGW,Lawas Airport,Lawas,MY,4.84917,115.408,Asia/Kuching
LXA,ZULS,Lhasa Gonggar Airport,Lhasa,CN,29.2978,90.9119,Asia/Shanghai
LXG,VLLN,Luang Namtha Airport,Luang Namtha,LA,20.967,101.4,Asia/Vientiane
LXN,KLXN,Jim Kelly Field,Lexington,US,40.791,-99.7773,America/Chicago
LXR,HELX,Luxor International Airport,Luxor,EG,25.671,32.7066,Africa/Cairo
LXS,LGLM,Limnos Airport,Limnos Island,GR,39.9171,25.2363,Europe/Athens
LXU,FLLK,Lukulu Airport,Lukulu,ZM,-14.3748,23.2495,Africa/Lusaka
LXV,KLXV,Lake County Airport,Leadville,US,39.2203,-106.317,America/Denver
LYA,ZHLY,Luoyang Airport,Luoyang,CN,34.7411,112.388,Asia/Shanghai
LYB,MWCL,Edward Bodden Airfield,Little Cayman,KY,19.667,-80.1,America/Cayman
LYC,ESNL,Lycksele Airport,Lycksele,SE,64.5483,18.7162,Europe/Stockholm
LYE,EGDL,RAF Lyneham,Lyneham,GB,51.5051,-1.99343,Europe/London
LYG,ZSLG,Lianyungang Airport,Lianyungang,CN,34.57167,118.87361,Asia/Shanghai
LYH,KLYH,Lynchburg Regional Preston Glenn Field,Lynchburg,US,37.3267,-79.2004,America/New_York
LYI,ZSLY,Shubuling Airport,Linyi,CN,35.0461,118.412,Asia/Shanghai
LYN,LFLY,Lyon-Bron Airport,Lyon/Bron,FR,45.7272,4.94427,Europe/Paris
LYO,KLYO,Lyons Rice County Municipal Airport,Lyons,US,38.3428,-98.2269,America/Chicago
LYP,OPFA,Faisalabad International Airport,Faisalabad,PK,31.365,72.9948,Asia/Karachi
LYR,ENSB,Svalbard Airport Longyear,Longyearbyen,NO,78.2461,15.4656,Arctic/Longyearbyen
LYS,LFLL,Lyon Saint-Exupery Airport,Lyon,FR,45.7264,5.09083,Europe/Paris
LYU,KELO,Ely Municipal Airport,Ely,US,47.8245,-91.8307,America/Chicago
LYX,EGMD,Lydd Airport,Lydd,GB,50.9561,0.93917,Europe/London
LZA,FZUG,Luiza Airport,Luiza,CD,-7.183,22.4,Africa/Lubumbashi
LZC,MMLC,Lazaro Cardenas Airport,Lazaro Cardenas,MX,18.0017,-102.221,America/Mexico_City
LZG,ZULA,Langzhong Gucheng Airport,Langzhong,CN,31.50366,106.03535,Asia/Shanghai
LZH,ZGZH,Bailian Airport,Liuzhou,CN,24.2075,109.391,Asia/Shanghai
LZI,FZAL,Luozi Airport,Luozi,CD,-4.95,14.133,Africa/Kinshasa
LZM,FNLZ,Luzamba Airport,Luzamba,AO,-9.11596,18.0493,Africa/Luanda
LZN,RCFG,Matsu Nangan Airport,Nangang Island,TW,26.1598,119.958,Asia/Taipei
LZO,ZULZ,Luzhou Airport,Luzhou,CN,28.8522,105.393,Asia/Shanghai
LZR,YLZI,Lizard Island Airport,,AU,-14.6667,145.45,Australia/Brisbane
LZU,KLZU,Gwinnett County Briscoe Field,Lawrenceville,US,33.9781,-83.9624,America/New_York
LZY,ZUNZ,Nyingchi Airport,Nyingchi,CN,29.3033,94.3353,Asia/Shanghai
MAA,VOMM,Chennai International Airport,Chennai,IN,12.99001,80.1693,Asia/Kolkata
MAB,SBMA,Maraba Airport,Maraba,BR,-5.36859,-49.138,America/Belem
MAC,KMAC,Macon Downtown Airport,Macon,US,32.8221,-83.562,America/New_York
MAD,LEMD,Madrid Barajas International Airport,Madrid,ES,40.4936,-3.56676,Europe/Madrid
MAE,KMAE,Madera Municipal Airport,Madera,US,36.9886,-120.112,America/Los_Angeles
MAF,KMAF,Midland International Air and Space Port Airport,Midland,US,31.9425,-102.202,America/Chicago
MAG,AYMD,Madang Airport,Madang,PG,-5.20708,145.789,Pacific/Port_Moresby
MAH,LEMH,Menorca Airport,Menorca Island,ES,39.8626,4.21865,Europe/Madrid
MAI,FWMG,Mangochi Airport,Mangochi,MW,-14.483,35.267,Africa/Blantyre
MAJ,PKMJ,Marshall Islands International Airport,Majuro Atoll,MH,7.06476,171.272,Pacific/Majuro
MAK,HSSM,Malakal Airport,Malakal,SS,9.55897,31.6522,Africa/Juba
MAL,WAPE,Mangole Airport Falabisahaya,Mangole Island,ID,-1.87579,125.83,Asia/Jayapura
MAM,MMMA,General Servando Canales International Airport,Matamoros,MX,25.7699,-97.5253,America/Matamoros
MAN,EGCC,Manchester Airport,Manchester,GB,53.3537,-2.27495,Europe/London
MAO,SBEG,Eduardo Gomes International Airport,Manaus,BR,-3.03861,-60.0497,America/Manaus
MAQ,VTPM,Mae Sot Airport,Mae Sot,TH,16.6999,98.5451,Asia/Bangkok
MAR,SVMC,La Chinita International Airport,Maracaibo,VE,10.55821,-71.72786,America/Caracas
MAS,AYMO,Momote Airport,,PG,-2.06189,147.424,Pacific/Port_Moresby
MAT,FZAM,Tshimpi Airport,Matadi,CD,-5.79961,13.4404,Africa/Kinshasa
MAU,NTTP,Maupiti Airport,Maupiti,PF,-16.4265,-152.244,Pacific/Tahiti
MAW,KMAW,Malden Regional Airport,Malden,US,36.6006,-89.9922,America/Chicago
MAX,GOSM,Ouro Sogui Airport,Matam,SN,15.5936,-13.3228,Africa/Dakar
MAY,MYAB,Clarence A. Bain Airport,Mangrove Cay,BS,24.2877,-77.6846,America/Nassau
MAZ,TJMZ,Eugenio Maria De Hostos Airport,Mayaguez,PR,18.2557,-67.1485,America/Puerto_Rico
MBA,HKMO,Mombasa Moi International Airport,Mombasa,KE,-4.03483,39.5942,Africa/Nairobi
MBB,YMBL,Marble Bar Airport,,AU,-21.1633,119.833,Australia/Perth
MBC,FOGG,M'Bigou Airport,M'Bigou,GA,-1.883,11.933,Africa/Libreville
MBD,FAMM,Mmabatho International Airport,Mafeking,ZA,-25.7984,25.548,Africa/Johannesburg
MBE,RJEB,Monbetsu Airport,Monbetsu,JP,44.3039,143.40401,Asia/Tokyo
MBF,YPOK,Porepunkah Airport,Porepunkah,AU,-36.71773,146.89004,Australia/Melbourne
MBG,KMBG,Mobridge Municipal Airport,Mobridge,US,45.5465,-100.408,America/Chicago
MBH,YMYB,Maryborough Airport,Maryborough,AU,-25.5133,152.715,Australia/Brisbane
MBI,HTMB,Mbeya Airport,Mbeya,TZ,-8.917,33.467,Africa/Dar_es_Salaam
MBJ,MKJS,Sangster International Airport,Montego Bay,JM,18.5037,-77.9134,America/Jamaica
MBK,SWXM,Regional Orlando Villas Boas Airport,Matupa,BR,-10.17028,-54.95278,America/Cuiaba
MBL,KMBL,Manistee Co Blacker Airport,Manistee,US,44.2724,-86.2469,America/Detroit
MBO,RPUM,Mamburao Airport,Mamburao,PH,13.2081,120.605,Asia/Manila
MBP,SPBB,Moyobamba Airport,Moyobamba,PE,-6.01889,-76.98833,America/Lima
MBQ,HUMA,Mbarara Airport,Mbarara,UG,-0.55528,30.5994,Africa/Kampala
MBS,KMBS,MBS International Airport,Saginaw,US,43.5329,-84.0796,America/Detroit
MBT,RPVJ,Moises R. Espinosa Airport,Masbate,PH,12.3694,123.629,Asia/Manila
MBU,AGGI,Babanakira Airport,Mbambanakira,SB,-9.7475,159.839,Pacific/Guadalcanal
MBW,YMMB,Melbourne Moorabbin Airport,Melbourne,AU,-37.9758,145.10201,Australia/Melbourne
MBX,LJMB,Maribor Airport,Maribor,SI,46.4799,15.6861,Europe/Ljubljana
MBY,KMBY,Omar N Bradley Airport,Moberly,US,39.4639,-92.427,America/Chicago
MBZ,SWMW,Maues Airport,Maues,BR,-3.37217,-57.7248,America/Manaus
MCA,GUMA,Macenta Airport,Macenta,GN,8.533,-9.467,Africa/Conakry
MCB,KMCB,Mc Comb/Pike County/John E Lewis Field,Mc Comb,US,31.1785,-90.4719,America/Chicago
MCC,KMCC,Mc Clellan Airfield,Sacramento,US,38.6676,-121.401,America/Los_Angeles
MCD,KMCD,Mackinac Island Airport,Mackinac Island,US,45.8649,-84.6373,America/Detroit
MCE,KMCE,Merced Regional Macready Field,Merced,US,37.2847,-120.514,America/Los_Angeles
MCF,KMCF,MacDill Air Force Base,Tampa,US,27.8493,-82.5212,America/New_York
MCG,PAMC,McGrath Airport,McGrath,US,62.9529,-155.606,America/Anchorage
MCH,SEMH,General Manuel Serrano Airport,Machala,EC,-3.2689,-79.9616,America/Guayaquil
MCI,KMCI,Kansas City International Airport,Kansas City,US,39.2976,-94.7139,America/Chicago
MCJ,SKLM,Jorge Isaac Airport,La Mina-Maicao,CO,11.2325,-72.4901,America/Bogota
MCK,KMCK,Mc Cook Ben Nelson Regional Airport,Mc Cook,US,40.2063,-100.592,America/Chicago
MCL,PAIN,Mc Kinley National Park Airport,Mckinley Park,US,63.7326,-148.911,America/Anchorage
MCN,KMCN,Middle Georgia Regional Airport,Macon,US,32.6928,-83.6492,America/New_York
MCO,KMCO,Orlando International Airport,Orlando,US,28.4294,-81.309,America/New_York
MCP,SBMQ,Alberto Alcolumbre Airport,Macapa,BR,0.05066,-51.0722,America/Belem
MCQ,LHMC,Miskolc Airport,Miskolc,HU,48.1369,20.7914,Europe/Budapest
MCR,MGMM,Melchor de Mencos Airport,Melchor de Mencos,GT,17.06861,-89.15222,America/Belize
MCS,SARM,Monte Caseros Airport,Monte Caseros,AR,-30.2719,-57.6402,America/Argentina/Cordoba
MCT,OOMS,Muscat International Airport,Muscat,OM,23.5933,58.2844,Asia/Muscat
MCU,LFBK,Montlucon-Gueret Airport,Montlucon/Gueret,FR,46.2226,2.36396,Europe/Paris
MCV,YMHU,McArthur River Mine Airport,McArthur River Mine,AU,-16.4425,136.084,Australia/Darwin
MCW,KMCW,Mason City Municipal Airport,Mason City,US,43.1578,-93.3313,America/Chicago
MCX,URML,Uytash Airport,Makhachkala,RU,42.8168,47.6523,Europe/Moscow
MCY,YBMC,Sunshine Coast Airport,Maroochydore,AU,-26.6033,153.091,Australia/Brisbane
MCZ,SBMO,Zumbi dos Palmares Airport,Maceio,BR,-9.51081,-35.7917,America/Maceio
MDC,WAMM,Sam Ratulangi Airport,Manado-Celebes Island,ID,1.54926,124.926,Asia/Makassar
MDD,KMDD,Midland Airpark,Midland,US,32.0365,-102.101,America/Chicago
MDE,SKRG,Jose Maria Cordova International Airport,Rionegro,CO,6.16454,-75.4231,America/Bogota
MDF,KMDZ,Taylor County Airport,Medford,US,45.101,-90.3033,America/Chicago
MDG,ZYMD,Mudanjiang Hailang International Airport,Mudanjiang,CN,44.5241,129.569,Asia/Shanghai
MDH,KMDH,Southern Illinois Airport,Carbondale/Murphysboro,US,37.7781,-89.252,America/Chicago
MDI,DNMK,Makurdi Airport,Makurdi,NG,7.70388,8.61394,Africa/Lagos
MDK,FZEA,Mbandaka Airport,Mbandaka,CD,0.0226,18.2887,Africa/Kinshasa
MDL,VYMD,Mandalay International Airport,Mandalay,MM,21.7022,95.9779,Asia/Yangon
MDN,KIMS,Madison Municipal Airport,Madison,US,38.7589,-85.4655,America/Indiana/Indianapolis
MDO,PAMD,Middleton Island Airport,Middleton Island,US,59.4499,-146.30701,America/Anchorage
MDP,WAKD,Mindiptana Airport,Mindiptana-Papua Island,ID,-5.75,140.367,Asia/Jayapura
MDQ,SAZM,Astor Piazzola International Airport,Mar del Plata,AR,-37.9342,-57.5733,America/Argentina/Buenos_Aires
MDS,MBMC,Middle Caicos Airport,Middle Caicos,TC,21.82602,-71.8025,America/Grand_Turk
MDT,KMDT,Harrisburg International Airport,Harrisburg,US,40.1935,-76.7634,America/New_York
MDU,AYMN,Mendi Airport,Mendi,PG,-6.14774,143.657,Pacific/Port_Moresby
MDW,KMDW,Chicago Midway International Airport,Chicago,US,41.786,-87.7524,America/Chicago
MDX,SATM,Mercedes Airport,Mercedes,AR,-29.2214,-58.0878,America/Argentina/Cordoba
MDY,PMDY,Henderson Field,Sand Island,UM,28.2017,-177.381,Pacific/Midway
MDZ,SAME,El Plumerillo Airport,Mendoza,AR,-32.8317,-68.7929,America/Argentina/Mendoza
MEA,SBME,Macae Airport,Macae,BR,-22.343,-41.766,America/Sao_Paulo
MEB,YMEN,Melbourne Essendon Airport,Melbourne,AU,-37.7281,144.90199,Australia/Melbourne
MEC,SEMT,Eloy Alfaro International Airport,Manta,EC,-0.94608,-80.6788,America/Guayaquil
MED,OEMA,Prince Mohammad Bin Abdulaziz Airport,Medina,SA,24.5534,39.7051,Asia/Riyadh
MEE,NWWR,Mare Airport,Mare,NC,-21.4817,168.03799,Pacific/Noumea
MEG,FNMA,Malanje Airport,Malanje,AO,-9.52509,16.3124,Africa/Luanda
MEH,ENMH,Mehamn Airport,Mehamn,NO,71.0297,27.8267,Europe/Oslo
MEI,KMEI,Key Field,Meridian,US,32.3326,-88.7519,America/Chicago
MEJ,KGKJ,Port Meadville Airport,Meadville,US,41.6265,-80.2147,America/New_York
MEK,GMFM,Bassatine Airport,Meknes,MA,33.8791,-5.51512,Africa/Casablanca
MEL,YMML,Melbourne International Airport,Melbourne,AU,-37.6733,144.843,Australia/Melbourne
MEM,KMEM,Memphis International Airport,Memphis,US,35.0424,-89.9767,America/Chicago
MEN,LFNB,Mende-Brenoux Airport,Mende/Brenoux,FR,44.5021,3.53282,Europe/Paris
MEO,KMQI,Dare County Regional Airport,Manteo,US,35.919,-75.6955,America/New_York
MEP,WMAU,Mersing Airport,Mersing,MY,2.383,103.867,Asia/Kuala_Lumpur
MEQ,WITC,Seunagan Airport,Peureumeue-Sumatra Island,ID,4.25,96.217,Asia/Jakarta
MER,KMER,Castle Airport,Merced,US,37.3805,-120.568,America/Los_Angeles
MES,WIMK,Soewondo Air Force Base,Medan,ID,3.55917,98.67111,Asia/Jakarta
MET,YMOT,Moreton Airport,Moreton,AU,-12.4442,142.638,Australia/Brisbane
MEU,SBMD,Monte Dourado Airport,Almeirim,BR,-0.88984,-52.6022,America/Santarem
MEV,KMEV,Minden Tahoe Airport,Minden,US,39.0003,-119.751,America/Los_Angeles
MEW,FZVM,Mweka Airport,Mweka,CD,-4.85,21.55,Africa/Lubumbashi
MEX,MMMX,Licenciado Benito Juarez International Airport,Mexico City,MX,19.4363,-99.0721,America/Mexico_City
MEY,VNMG,Meghauli Airport,Meghauli,NP,27.5774,84.22875,Asia/Kathmandu
MEZ,FAMH,Musina(Messina) Airport,Musina,ZA,-22.356,29.9862,Africa/Johannesburg
MFA,HTMA,Mafia Island Airport,Mafia Island,TZ,-7.917,39.667,Africa/Dar_es_Salaam
MFC,FXMF,Mafeteng Airport,Mafeteng,LS,-29.8011,27.2436,Africa/Maseru
MFD,KMFD,Mansfield Lahm Regional Airport,Mansfield,US,40.8214,-82.5166,America/New_York
MFE,KMFE,Mc Allen Miller International Airport,Mc Allen,US,26.1758,-98.2386,America/Chicago
MFF,FOOD,Moanda Airport,Moanda,GA,-1.533,13.267,Africa/Libreville
MFG,OPMF,Muzaffarabad Airport,Muzaffarabad,PK,34.339,73.5086,Asia/Karachi
MFI,KMFI,Marshfield Municipal Airport,Marshfield,US,44.6369,-90.1893,America/Chicago
MFJ,NFMO,Moala Airport,Moala,FJ,-18.5667,179.951,Pacific/Fiji
MFK,RCMT,Matsu Beigan Airport,Beigan Island,TW,26.2242,120.003,Asia/Taipei
MFM,VMMC,Macau International Airport,Taipa,MO,22.1496,113.592,Asia/Macau
MFN,NZMF,Milford Sound Airport,Milford Sound,NZ,-44.6733,167.923,Pacific/Auckland
MFO,AYNG,Manguna Airport,Manguna,PG,-5.57778,151.79233,Pacific/Port_Moresby
MFP,YMCR,Manners Creek Airport,,AU,-22.1,137.983,Australia/Darwin
MFQ,DRRM,Maradi Airport,Maradi,NE,13.5025,7.12675,Africa/Niamey
MFR,KMFR,Rogue Valley International Medford Airport,Medford,US,42.3742,-122.873,America/Los_Angeles
MFS,SKMF,Miraflores Airport,Miraflores,CO,1.35,-71.9444,America/Bogota
MFU,FLMF,Mfuwe Airport,Mfuwe,ZM,-13.2589,31.9366,Africa/Lusaka
MFV,KMFV,Accomack County Airport,Melfa,US,37.6469,-75.7611,America/New_York
MFX,LFKX,Meribel Airport,Ajaccio,FR,45.4069,6.58056,Europe/Paris
MGA,MNMG,Augusto C. Sandino (Managua) International Airport,Managua,NI,12.1415,-86.1682,America/Managua
MGB,YMTG,Mount Gambier Airport,Mount Gambier,AU,-37.7456,140.785,Australia/Adelaide
MGC,KMGC,Michigan City Municipal Airport,Michigan City,US,41.7033,-86.8212,America/Chicago
MGD,SLMG,Magdalena Airport,Magdalena,BO,-13.26075,-64.06076,America/La_Paz
MGE,KMGE,Dobbins Air Reserve Base Airport,Marietta,US,33.9154,-84.5163,America/New_York
MGF,SBMG,Regional de Maringa - Silvio Nane Junior Airport,Maringa,BR,-23.47944,-52.01222,America/Sao_Paulo
MGH,FAMG,Margate Airport,Margate,ZA,-30.8574,30.343,Africa/Johannesburg
MGJ,KMGJ,Orange County Airport,Montgomery,US,41.51,-74.2646,America/New_York
MGK,VYMT,Mong Tong Airport,Mong Tong,MM,20.2967,98.8989,Asia/Yangon
MGL,EDLN,Monchengladbach Airport,Monchengladbach,DE,51.23028,6.50444,Europe/Berlin
MGM,KMGM,Montgomery Regional (Dannelly Field) Airport,Montgomery,US,32.3006,-86.394,America/Chicago
MGN,SKMG,Baracoa Airport,Magangue,CO,9.28474,-74.8461,America/Bogota
MGQ,HCMM,Aden Adde International Airport,Mogadishu,SO,2.01444,45.3047,Africa/Mogadishu
MGR,KMGR,Moultrie Municipal Airport,Moultrie,US,31.0849,-83.8033,America/New_York
MGS,NCMG,Mangaia Island Airport,Mangaia Island,CK,-21.89599,-157.90666,Pacific/Rarotonga
MGT,YMGB,Milingimbi Airport,Milingimbi Island,AU,-12.0944,134.894,Australia/Darwin
MGU,VYMN,Manaung Airport,Manaung,MM,18.8458,93.6889,Asia/Yangon
MGV,YMGR,Margaret River (Station) Airport,,AU,-18.6217,126.883,Australia/Perth
MGW,KMGW,Morgantown Municipal Walter L. Bill Hart Field,Morgantown,US,39.6429,-79.9163,America/New_York
MGX,FOGI,Moabi Airport,Moabi,GA,-2.433,11.0,Africa/Libreville
MGY,KMGY,Dayton Wright Brothers Airport,Dayton,US,39.589,-84.2249,America/New_York
MGZ,VYME,Myeik Airport,Mkeik,MM,12.4398,98.6215,Asia/Yangon
MHA,SYMD,Mahdia Airport,Mahdia,GY,5.27749,-59.1511,America/Guyana
MHC,SCPQ,Mocopulli Airport,Dalcahue,CL,-42.34028,-73.71556,America/Santiago
MHD,OIMM,Mashhad International Airport,Mashhad,IR,36.2352,59.641,Asia/Tehran
MHE,KMHE,Mitchell Municipal Airport,Mitchell,US,43.7748,-98.0386,America/Chicago
MHG,EDFM,Mannheim-City Airport,Mannheim,DE,49.47306,8.51417,Europe/Berlin
MHH,MYAM,Marsh Harbour International Airport,Marsh Harbour,BS,26.5114,-77.0835,America/Nassau
MHI,HDMO,Moucha Airport,Moucha Island,DJ,11.71667,43.2,Africa/Djibouti
MHK,KMHK,Manhattan Regional Airport,Manhattan,US,39.141,-96.6708,America/Chicago
MHL,KMHL,Marshall Memorial Municipal Airport,Marshall,US,39.0958,-93.2029,America/Chicago
MHO,YMHO,Mount House Airport,,AU,-17.055,125.71,Australia/Perth
MHP,UMMM,Minsk 1 Airport,Minsk,BY,53.8645,27.5397,Europe/Minsk
MHQ,EFMA,Mariehamn Airport,Mariehamn,FI,60.1222,19.8982,Europe/Mariehamn
MHR,KMHR,Sacramento Mather Airport,Sacramento,US,38.5539,-121.298,America/Los_Angeles
MHS,KMHS,Dunsmuir Municipal-Mott Airport,Dunsmuir,US,41.26292,-122.27204,America/Los_Angeles
MHT,KMHT,Manchester Boston Regional Airport,Manchester,US,42.9326,-71.4357,America/New_York
MHU,YHOT,Mount Hotham Airport,Mount Hotham,AU,-37.0475,147.334,Australia/Melbourne
MHV,KMHV,Mojave Airport,Mojave,US,35.0594,-118.152,America/Los_Angeles
MHW,SLAG,Monteagudo Airport,El Banado,BO,-19.827,-63.961,America/La_Paz
MHX,NCMH,Manihiki Island Airport,Manihiki Island,CK,-10.3767,-161.002,Pacific/Rarotonga
MHZ,EGUN,RAF Mildenhall,Mildenhall,GB,52.3619,0.48641,Europe/London
MIA,KMIA,Miami International Airport,Miami,US,25.7932,-80.2906,America/New_York
MIB,KMIB,Minot Air Force Base,Minot,US,48.4156,-101.358,America/Chicago
MIC,KMIC,Crystal Airport,Minneapolis,US,45.062,-93.3539,America/Chicago
MID,MMMD,Licenciado Manuel Crescencio Rejon Int Airport,Merida,MX,20.937,-89.6577,America/Merida
MIE,KMIE,Delaware County Johnson Field,Muncie,US,40.2423,-85.3959,America/Indiana/Indianapolis
MIG,ZUMY,Mianyang Airport,Mianyang,CN,31.4281,104.741,Asia/Shanghai
MIH,YMIP,Mitchell Plateau Airport,Mitchell Plateau,AU,-14.7914,125.824,Australia/Perth
MII,SBML,Marilia Airport,Marilia,BR,-22.1969,-49.9264,America/Sao_Paulo
MIJ,MLIP,Mili Island Airport,Mili Island,MH,6.08333,171.733,Pacific/Majuro
MIK,EFMI,Mikkeli Airport,Mikkeli,FI,61.6866,27.2018,Europe/Helsinki
MIM,YMER,Merimbula Airport,Merimbula,AU,-36.9086,149.901,Australia/Sydney
MIN,YMPA,Minnipa Airport,Minnipa,AU,-32.8433,135.145,Australia/Adelaide
MIO,KMIO,Miami Municipal Airport,Miami,US,36.9092,-94.8875,America/Chicago
MIP,LLMR,Mitzpe Ramon Airfield,Mitzpe Ramon,IL,30.6506,34.8069,Asia/Jerusalem
MIQ,KMLE,Millard Airport,Omaha,US,41.196,-96.112,America/Chicago
MIR,DTMB,Monastir Habib Bourguiba International Airport,Monastir,TN,35.7581,10.7547,Africa/Tunis
MIS,AYMS,Misima Island Airport,Misima Island,PG,-10.6892,152.838,Pacific/Port_Moresby
MIT,KMIT,Shafter Minter Field,Shafter,US,35.5074,-119.192,America/Los_Angeles
MIU,DNMA,Maiduguri International Airport,Maiduguri,NG,11.8553,13.0809,Africa/Lagos
MIV,KMIV,Millville Municipal Airport,Millville,US,39.3678,-75.0722,America/New_York
MIW,KMIW,Marshalltown Municipal Airport,Marshalltown,US,42.1127,-92.9178,America/Chicago
MJA,FMSJ,Manja Airport,Manja,MG,-21.42611,44.31651,Indian/Antananarivo
MJC,DIMN,Man Airport,Man,CI,7.27207,-7.58736,Africa/Abidjan
MJD,OPMJ,Moenjodaro Airport,Moenjodaro,PK,27.3352,68.1431,Asia/Karachi
MJF,ENMS,Mosjoen Airport Kjaerstad,Mosjoen,NO,65.784,13.2149,Europe/Oslo
MJG,MUMJ,Mayajigua Airport,Mayajigua,CU,22.2308,-79.0622,America/Havana
MJI,HLLM,Mitiga Airport,Tripoli,LY,32.8941,13.276,Africa/Tripoli
MJK,YSHK,Shark Bay Airport,Monkey Mia,AU,-25.8939,113.577,Australia/Perth
MJL,FOGM,Mouilla Ville Airport,Mouila,GA,-1.84514,11.0567,Africa/Libreville
MJM,FZWA,Mbuji Mayi Airport,Mbuji Mayi,CD,-6.12124,23.569,Africa/Lubumbashi
MJN,FMNM,Amborovy Airport,Mahajanga,MG,-15.66684,46.35123,Indian/Antananarivo
MJO,FYME,Mount Etjo Airport,,NA,-21.0233,16.4528,Africa/Windhoek
MJP,YMJM,Manjimup Airport,Manjimup,AU,-34.2653,116.14,Australia/Perth
MJQ,KMJQ,Jackson Municipal Airport,Jackson,US,43.65,-94.9865,America/Chicago
MJR,SAEM,Miramar Airport,Miramar,AR,-38.2271,-57.8697,America/Argentina/Buenos_Aires
MJT,LGMT,Mytilene International Airport,Mytilene,GR,39.0567,26.5983,Europe/Athens
MJU,WAWJ,Tampa Padang Airport,Mamuju-Celebes Island,ID,-2.58333,119.03333,Asia/Makassar
MJV,LELC,San Javier Airport,San Javier,ES,37.775,-0.81239,Europe/Madrid
MJX,KMJX,Ocean County Airport,Toms River,US,39.9275,-74.2924,America/New_York
MJZ,UERR,Mirny Airport,Mirny,RU,62.5347,114.039,Asia/Yakutsk
MKA,LKMR,Marianske Lazne Airport,Marianske Lazne,CZ,49.9228,12.7247,Europe/Prague
MKB,FOOE,Mekambo Airport,Mekambo,GA,1.017,13.933,Africa/Libreville
MKC,KMKC,Charles B. Wheeler Downtown Airport,Kansas City,US,39.1232,-94.5928,America/Chicago
MKE,KMKE,General Mitchell International Airport,Milwaukee,US,42.9472,-87.8966,America/Chicago
MKG,KMKG,Muskegon County Airport,Muskegon,US,43.1695,-86.2382,America/Detroit
MKH,FXMK,Mokhotlong Airport,Mokhotlong,LS,-29.2818,29.0728,Africa/Maseru
MKI,FEGE,M'Boki Airport,Mboki,CF,5.33301,25.9319,Africa/Bangui
MKJ,FCOM,Makoua Airport,Makoua,CG,-0.017,15.583,Africa/Brazzaville
MKK,PHMK,Molokai Airport,Kaunakakai,US,21.1529,-157.09599,Pacific/Honolulu
MKL,KMKL,Mc Kellar Sipes Regional Airport,Jackson,US,35.5999,-88.9156,America/Chicago
MKM,WBGK,Mukah Airport,Mukah,MY,2.90639,112.08,Asia/Kuching
MKO,KMKO,Davis Field,Muskogee,US,35.6565,-95.3667,America/Chicago
MKP,NTGM,Makemo Airport,,PF,-16.5839,-143.658,Pacific/Tahiti
MKQ,WAKK,Mopah Airport,Merauke-Papua Island,ID,-8.52029,140.418,Asia/Jayapura
MKR,YMEK,Meekatharra Airport,Meekatharra,AU,-26.6117,118.548,Australia/Perth
MKT,KMKT,Mankato Regional Airport,Mankato,US,44.2216,-93.9187,America/Chicago
MKU,FOOK,Makokou Airport,Makokou,GA,0.57921,12.8909,Africa/Libreville
MKV,YMVG,Mount Cavenagh Airport,,AU,-25.9667,133.2,Australia/Darwin
MKW,WASR,Rendani Airport,Manokwari-Papua Island,ID,-0.89183,134.049,Asia/Jayapura
MKY,YBMK,Mackay Airport,Mackay,AU,-21.1717,149.17999,Australia/Brisbane
MKZ,WMKM,Malacca Airport,Malacca,MY,2.26336,102.252,Asia/Kuala_Lumpur
MLA,LMML,Luqa Airport,Luqa,MT,35.8575,14.4775,Europe/Malta
MLB,KMLB,Melbourne Orlando International Airport,Melbourne,US,28.1028,-80.6453,America/New_York
MLC,KMLC,Mc Alester Regional Airport,Mc Alester,US,34.8824,-95.7835,America/Chicago
MLD,KMLD,Malad City Airport,Malad City,US,42.1666,-112.297,America/Boise
MLE,VRMM,Male International Airport,Male,MV,4.19183,73.5291,Indian/Maldives
MLF,KMLF,Milford Municipal-Ben and Judy Briscoe Field,Milford,US,38.4266,-113.012,America/Denver
MLG,WARA,Abdul Rachman Saleh Airport,Malang-Java Island,ID,-7.92656,112.715,Asia/Jakarta
MLH,LSZM,EuroAirport Basel-Mulhouse-Freiburg Airport,Bale/Mulhouse,CH,47.5896,7.52991,Europe/Paris
MLI,KMLI,Quad City International Airport,Moline,US,41.4485,-90.5075,America/Chicago
MLJ,KMLJ,Baldwin County Airport,Milledgeville,US,33.1542,-83.2407,America/New_York
MLL,PADM,Marshall Don Hunter Sr Airport,Marshall,US,61.8643,-162.026,America/Anchorage
MLM,MMMM,General Francisco J. Mujica International Airport,Morelia,MX,19.8499,-101.025,America/Mexico_City
MLN,GEML,Melilla Airport,Melilla Island,ES,35.2798,-2.95626,Africa/Casablanca
MLO,LGML,Milos Airport,Milos Island,GR,36.6969,24.4769,Europe/Athens
MLP,RPMM,Malabang Airport,Malabang,PH,7.61722,124.059,Asia/Manila
MLR,YMCT,Millicent Airport,,AU,-37.5836,140.366,Australia/Adelaide
MLS,KMLS,Frank Wiley Field,Miles City,US,46.428,-105.886,America/Denver
MLT,KMLT,Millinocket Municipal Airport,Millinocket,US,45.6478,-68.6856,America/New_York
MLU,KMLU,Monroe Regional Airport,Monroe,US,32.5109,-92.0377,America/Chicago
MLV,YMEU,Merluna Airport,,AU,-13.05,142.483,Australia/Brisbane
MLW,GLMR,Spriggs Payne Airport,Monrovia,LR,6.28906,-10.7587,Africa/Monrovia
MLX,LTAT,Malatya Erhac Airport,Malatya,TR,38.4353,38.091,Europe/Istanbul
MLY,PAML,Manley Hot Springs Airport,Manley Hot Springs,US,64.9976,-150.644,America/Anchorage
MLZ,SUMO,Cerro Largo International Airport,Melo,UY,-32.3379,-54.2167,America/Montevideo
MMB,RJCM,Memanbetsu Airport,Ozora,JP,43.8806,144.164,Asia/Tokyo
MMC,MMDM,Ciudad Mante National Airport,Ciudad Mante,MX,22.74318,-99.01737,America/Monterrey
MMD,ROMD,Minami Daito Airport,Minamidaito,JP,25.8465,131.263,Asia/Tokyo
MME,EGNV,Durham Tees Valley Airport,Durham,GB,54.5092,-1.42941,Europe/London
MMF,FKKF,Mamfe Airport,Mamfe,CM,5.70417,9.30639,Africa/Douala
MMG,YMOG,Mount Magnet Airport,Mount Magnet,AU,-28.1161,117.842,Australia/Perth
MMH,KMMH,Mammoth Yosemite Airport,Mammoth Lakes,US,37.6241,-118.838,America/Los_Angeles
MMI,KMMI,McMinn County Airport,Athens,US,35.3973,-84.5626,America/New_York
MMJ,RJAF,Matsumoto Airport,Matsumoto,JP,36.1668,137.923,Asia/Tokyo
MMK,ULMM,Murmansk Airport,Murmansk,RU,68.7817,32.7508,Europe/Moscow
MML,KMML,Southwest Minnesota Regional-Marshall-Ryan Field,Marshall,US,44.4505,-95.8219,America/Chicago
MMM,YMMU,Middlemount Airport,Middlemount,AU,-22.8025,148.705,Australia/Brisbane
MMN,K6B6,Minute Man Air Field,Stow,US,42.46039,-71.51801,America/New_York
MMO,GVMA,Maio Airport,Vila do Maio,CV,15.1559,-23.2137,Atlantic/Cape_Verde
MMP,SKMP,San Bernardo Airport,Mompos,CO,9.25872,-74.438,America/Bogota
MMQ,FLBA,Mbala Airport,Mbala,ZM,-8.85917,31.3364,Africa/Lusaka
MMS,KMMS,Selfs Airport,Marks,US,34.2315,-90.2896,America/Chicago
MMT,KMMT,Mc Entire JNGB Airport,Eastover,US,33.9208,-80.8013,America/New_York
MMU,KMMU,Morristown Municipal Airport,Morristown,US,40.7994,-74.4149,America/New_York
MMX,ESMS,Malmo Sturup Airport,Malmo,SE,55.53631,13.3762,Europe/Stockholm
MMY,ROMY,Miyako Airport,Miyako City,JP,24.7828,125.295,Asia/Tokyo
MMZ,OAMN,Maimana Airport,Maymana,AF,35.9308,64.7609,Asia/Kabul
MNA,WAMN,Melangguane Airport,Karakelong Island,ID,4.00694,126.673,Asia/Makassar
MNB,FZAG,Muanda Airport,Muanda,CD,-5.93086,12.3518,Africa/Kinshasa
MNC,FQNC,Nacala Airport,Nacala,MZ,-14.4882,40.7122,Africa/Maputo
MNE,YMUG,Mungeranie Airport,Mungeranie,AU,-28.0092,138.657,Australia/Adelaide
MNF,NFMA,Mana Island Airport,Mana Island,FJ,-17.6731,177.09801,Pacific/Fiji
MNG,YMGD,Maningrida Airport,Maningrida,AU,-12.0561,134.23399,Australia/Darwin
MNH,OORQ,Rustaq Airport,Al Muladdah,OM,23.64056,57.4875,Asia/Muscat
MNI,TRPG,John A. Osborne Airport,Gerald's Park,MS,16.7914,-62.1933,America/Montserrat
MNJ,FMSM,Mananjary Airport,Mananjary,MG,-21.2018,48.3583,Indian/Antananarivo
MNK,NGMA,Maiana Airport,Maiana,KI,1.00361,173.03101,Pacific/Tarawa
MNL,RPLL,Ninoy Aquino International Airport,Manila,PH,14.5086,121.02,Asia/Manila
MNM,KMNM,Menominee Regional Airport,Menominee,US,45.1267,-87.6384,America/Chicago
MNN,KMNN,Marion Municipal Airport,Marion,US,40.6162,-83.0635,America/New_York
MNO,FZRA,Manono Airport,Manono,CD,-7.28889,27.3944,Africa/Lubumbashi
MNQ,YMTO,Monto Airport,,AU,-24.8858,151.10001,Australia/Brisbane
MNR,FLMG,Mongu Airport,Mongu,ZM,-15.2545,23.1623,Africa/Lusaka
MNS,FLMA,Mansa Airport,Mansa,ZM,-11.137,28.8726,Africa/Lusaka
MNU,VYMM,Mawlamyine Airport,Mawlamyine,MM,16.4447,97.6607,Asia/Yangon
MNW,YMDS,Macdonald Downs Airport,,AU,-22.4667,135.233,Australia/Darwin
MNX,SBMY,Manicore Airport,Manicore,BR,-5.81138,-61.2783,America/Manaus
MNY,AGGO,Mono Airport,Stirling Island,SB,-7.41694,155.565,Pacific/Guadalcanal
MNZ,KHEF,Manassas Regional Harry P. Davis field,Manassas,US,38.7214,-77.5154,America/New_York
MOA,MUMO,Orestes Acosta Airport,Moa,CU,20.6539,-74.9222,America/Havana
MOB,KMOB,Mobile Regional Airport,Mobile,US,30.6912,-88.2428,America/Chicago
MOC,SBMK,Mario Ribeiro Airport,Montes Claros,BR,-16.7069,-43.8189,America/Sao_Paulo
MOD,KMOD,Modesto City Co-Harry Sham Field,Modesto,US,37.6258,-120.954,America/Los_Angeles
MOE,VYMO,Momeik Airport,Momeik,MM,23.0925,96.6453,Asia/Yangon
MOF,WATC,Maumere(Wai Oti) Airport,Maumere-Flores Island,ID,-8.64065,122.237,Asia/Makassar
MOG,VYMS,Mong Hsat Airport,Mong Hsat,MM,20.5168,99.2568,Asia/Yangon
MOI,NCMR,Mitiaro Island Airport,Mitiaro Island,CK,-19.8425,-157.703,Pacific/Rarotonga
MOJ,SMMO,Moengo Airstrip,Moengo,SR,5.6076,-54.4003,America/Paramaribo
MOK,UZNM,Muynak Airport,Muynak,UZ,43.7552,59.0309,Asia/Samarkand
MOL,ENML,Molde Airport,Aro,NO,62.7447,7.2625,Europe/Oslo
MOM,GQNL,Letfotar Airport,Moudjeria,MR,17.75,-12.5,Africa/Nouakchott
MON,NZMC,Mount Cook Airport,Mount Cook,NZ,-43.765,170.133,Pacific/Auckland
MOO,YOOM,Moomba Airport,,AU,-28.0994,140.19701,Australia/Adelaide
MOP,KMOP,Mount Pleasant Municipal Airport,Mount Pleasant,US,43.6217,-84.7375,America/Detroit
MOQ,FMMV,Morondava Airport,Morondava,MG,-20.2847,44.3176,Indian/Antananarivo
MOR,KMOR,Moore Murrell Airport,Morristown,US,36.1794,-83.3755,America/New_York
MOT,KMOT,Minot International Airport,Minot,US,48.2594,-101.28,America/Chicago
MOU,PAMO,Mountain Village Airport,Mountain Village,US,62.0954,-163.68201,America/Nome
MOV,YMRB,Moranbah Airport,Moranbah,AU,-22.0578,148.077,Australia/Brisbane
MOX,KMOX,Morris Municipal - Charlie Schmidt Airport,Morris,US,45.566,-95.9672,America/Chicago
MOZ,NTTM,Moorea Airport,Moorea,PF,-17.49,-149.76199,Pacific/Tahiti
MPA,FYKM,Katima Mulilo Airport,Mpacha,NA,-17.6344,24.1767,Africa/Windhoek
MPC,WIPU,Muko Muko Airport,Muko Muko-Sumatra Island,ID,-2.54186,101.088,Asia/Jakarta
MPD,OPMP,Sindhri Tharparkar Airport,Sindhri,PK,25.6828,69.0728,Asia/Karachi
MPH,RPVE,Godofredo P. Ramos Airport,Malay,PH,11.9245,121.954,Asia/Manila
MPJ,KMPJ,Petit Jean Park Airport,Morrilton,US,35.1389,-92.9092,America/Chicago
MPL,LFMT,Montpellier-Mediterranee Airport,Montpellier/Mediterranee,FR,43.5762,3.96301,Europe/Paris
MPM,FQMA,Maputo Airport,Maputo,MZ,-25.9208,32.5726,Africa/Maputo
MPN,EGYP,Mount Pleasant Airport,Mount Pleasant,FK,-51.8228,-58.4472,Atlantic/Stanley
MPO,KMPO,Pocono Mountains Municipal Airport,Mount Pocono,US,41.1375,-75.3789,America/New_York
MPR,KMPR,Mc Pherson Airport,Mc Pherson,US,38.3524,-97.6913,America/Chicago
MPS,KOSA,Mount Pleasant Regional Airport,Mount Pleasant,US,33.0955,-94.9615,America/Chicago
MPT,WPMN,Maliana Airport,Maliana,TL,-8.97224,125.215,Asia/Dili
MPV,KMPV,Edward F Knapp State Airport,Barre/Montpelier,US,44.2035,-72.5623,America/New_York
MPW,UKCM,Mariupol International Airport,Mariupol,UA,47.0761,37.4496,Europe/Kyiv
MPY,SOOA,Maripasoula Airport,Maripasoula,GF,3.6575,-54.0372,America/Cayenne
MPZ,KMPZ,Mount Pleasant Municipal Airport,Mount Pleasant,US,40.9466,-91.5111,America/Chicago
MQA,YMDI,Mandora Airport,Mandora,AU,-19.7383,120.838,Australia/Perth
MQB,KMQB,Macomb Municipal Airport,Macomb,US,40.5201,-90.6524,America/Chicago
MQC,LFVM,Miquelon Airport,Miquelon,PM,47.0955,-56.3803,America/Miquelon
MQD,SAVQ,Maquinchao Airport,Maquinchao,AR,-41.2431,-68.7078,America/Argentina/Salta
MQE,YMQA,Marqua Airport,Marqua,AU,-22.8058,137.25101,Australia/Darwin
MQF,USCM,Magnitogorsk International Airport,Magnitogorsk,RU,53.3931,58.7557,Asia/Yekaterinburg
MQH,SBMC,Minacu Airport,Minacu,BR,-13.5491,-48.1953,America/Sao_Paulo
MQJ,UEMA,Moma Airport,Honuu,RU,66.45086,143.26155,Asia/Srednekolymsk
MQK,SLTI,San Matias Airport,San Matias,BO,-16.3392,-58.4019,America/Cuiaba
MQL,YMIA,Mildura Airport,Mildura,AU,-34.2292,142.086,Australia/Melbourne
MQM,LTCR,Mardin Airport,Mardin,TR,37.2233,40.6317,Europe/Istanbul
MQN,ENRA,Mo i Rana Airport Rossvoll,Mo i Rana,NO,66.3639,14.3014,Europe/Oslo
MQP,FAKN,Kruger Mpumalanga International Airport,Mpumalanga,ZA,-25.3832,31.1056,Africa/Johannesburg
MQQ,FTTD,Moundou Airport,Moundou,TD,8.62441,16.0714,Africa/Ndjamena
MQS,TVSM,Mustique Airport,Mustique Island,VC,12.8879,-61.1802,America/St_Vincent
MQT,KSAW,Sawyer International Airport,Marquette,US,46.3536,-87.3954,America/Detroit
MQU,SKQU,Jose Celestino Mutis Airport,Mariquita,CO,5.21256,-74.8836,America/Bogota
MQW,KMQW,Telfair Wheeler Airport,Mc Rae,US,32.0958,-82.88,America/New_York
MQX,HAMK,Mekele Airport,Mekele,ET,13.4674,39.5335,Africa/Addis_Ababa
MQY,KMQY,Smyrna Airport,Smyrna,US,36.009,-86.5201,America/Chicago
MQZ,YMGT,Margaret River Airport,Margaret River,AU,-33.9306,115.1,Australia/Perth
MRB,KMRB,Eastern Wv Regional Shepherd Field,Martinsburg,US,39.4019,-77.9846,America/New_York
MRC,KMRC,Maury County Airport,Columbia/Mount Pleasant,US,35.5541,-87.1789,America/Chicago
MRD,SVMD,Alberto Carnevalli Airport,Merida,VE,8.58208,-71.16104,America/Caracas
MRE,HKMS,Mara Serena Lodge Airstrip,Masai Mara,KE,-1.40611,35.00806,Africa/Nairobi
MRF,KMRF,Marfa Municipal Airport,Marfa,US,30.3711,-104.018,America/Chicago
MRG,YMBA,Mareeba Airport,Mareeba,AU,-17.0692,145.41901,Australia/Brisbane
MRI,PAMR,Merrill Field,Anchorage,US,61.2135,-149.84399,America/Anchorage
MRK,KMKY,Marco Island Airport,Marco Island,US,25.995,-81.6725,America/New_York
MRN,KMRN,Foothills Regional Airport,Morganton,US,35.8202,-81.6114,America/New_York
MRO,NZMS,Hood Airport,Masterton,NZ,-40.9733,175.634,Pacific/Auckland
MRP,YALA,Marla Airport,Marla,AU,-27.3333,133.627,Australia/Adelaide
MRQ,RPUW,Marinduque Airport,Gasan,PH,13.361,121.826,Asia/Manila
MRR,SEMA,Jose Maria Velasco Ibarra Airport,Macara,EC,-4.37823,-79.941,America/Guayaquil
MRS,LFML,Marseille Provence Airport,Marseille,FR,43.43927,5.22142,Europe/Paris
MRU,FIMP,Sir Seewoosagur Ramgoolam International Airport,Port Louis,MU,-20.4302,57.6836,Indian/Mauritius
MRV,URMM,Mineralnyye Vody Airport,Mineralnyye Vody,RU,44.2251,43.0819,Europe/Moscow
MRW,EKMB,Lolland Falster Maribo Airport,Lolland Falster / Maribo,DK,54.6993,11.4401,Europe/Copenhagen
MRX,OIAM,Mahshahr Airport,Mahshahr,IR,30.5562,49.1519,Asia/Tehran
MRY,KMRY,Monterey Peninsula Airport,Monterey,US,36.587,-121.843,America/Los_Angeles
MRZ,YMOR,Moree Airport,Moree,AU,-29.4989,149.845,Australia/Sydney
MSA,CZMD,Muskrat Dam Airport,Muskrat Dam,CA,53.4414,-91.7628,America/Winnipeg
MSC,KFFZ,Falcon Field,Mesa,US,33.4608,-111.728,America/Phoenix
MSE,EGMH,Kent International Airport,Manston,GB,51.3422,1.34611,Europe/London
MSF,YMNS,Mount Swan Airport,,AU,-22.6,135.017,Australia/Darwin
MSG,FXMA,Matsaile Airport,Matsaile,LS,-29.8406,28.7764,Africa/Maseru
MSH,OOMA,Masirah Air Base,Masirah,OM,20.6754,58.8905,Asia/Muscat
MSI,SIAM,Fazenda Palmital Airport,Morro Agudo,BR,-20.6964,-48.2864,America/Sao_Paulo
MSJ,RJSM,Misawa Air Base,Misawa,JP,40.7032,141.368,Asia/Tokyo
MSL,KMSL,Northwest Alabama Regional Airport,Muscle Shoals,US,34.7453,-87.6102,America/Chicago
MSM,FZCV,Masi Manimba Airport,Masi Manimba,CD,-4.783,17.85,Africa/Kinshasa
MSN,KMSN,Dane County Regional Truax Field,Madison,US,43.1399,-89.3375,America/Chicago
MSO,KMSO,Missoula International Airport,Missoula,US,46.9163,-114.091,America/Denver
MSP,KMSP,Minneapolis-St Paul International/Wold-Chamberlain Airport,Minneapolis,US,44.882,-93.2218,America/Chicago
MSQ,UMMS,Minsk International Airport,Minsk,BY,53.8825,28.0307,Europe/Minsk
MSR,LTCK,Mus Airport,Mus,TR,38.7478,41.6612,Europe/Istanbul
MSS,KMSS,Massena International Richards Field,Massena,US,44.9358,-74.8456,America/New_York
MST,EHBK,Maastricht Aachen Airport,Maastricht,NL,50.9117,5.77014,Europe/Amsterdam
MSU,FXMM,Moshoeshoe I International Airport,Maseru,LS,-29.4623,27.5525,Africa/Maseru
MSV,KMSV,Sullivan County International Airport,Monticello,US,41.7016,-74.795,America/New_York
MSW,HHMS,Massawa International Airport,Massawa,ER,15.67,39.3701,Africa/Asmara
MSX,FCMM,Mossendjo Airport,Mossendjo,CG,-2.95,12.7,Africa/Brazzaville
MSY,KMSY,Louis Armstrong New Orleans International Airport,New Orleans,US,29.9934,-90.258,America/Chicago
MSZ,FNMO,Namibe Airport,Namibe,AO,-15.2612,12.1468,Africa/Luanda
MTA,NZMA,Matamata Glider Airport,Matamata,NZ,-37.7344,175.742,Pacific/Auckland
MTB,SKML,Montelibano Airport,Montelibano,CO,7.97174,-75.4325,America/Bogota
MTC,KMTC,Selfridge Angb Airport,Mount Clemens,US,42.6083,-82.8355,America/Detroit
MTD,YMSF,Mount Sanford Station Airport,,AU,-16.9783,130.55499,Australia/Darwin
MTE,SNMA,Monte Alegre Airport,Monte Alegre,BR,-1.9958,-54.0742,America/Santarem
MTF,HAMT,Mizan Teferi Airport,Mizan Teferi,ET,6.9571,35.5547,Africa/Addis_Ababa
MTG,SWVB,Vila Bela da Santissima Trindade Airport,Vila Bela Da Santissima Trindade,BR,-15.01528,-59.96722,America/Cuiaba
MTH,KMTH,The Florida Keys Marathon Airport,Marathon,US,24.7261,-81.0514,America/New_York
MTI,GVMT,Mosteiros Airport,Vila do Mosteiros,CV,15.045,-24.3392,Atlantic/Cape_Verde
MTJ,KMTJ,Montrose Regional Airport,Montrose,US,38.5098,-107.894,America/Denver
MTK,NGMN,Makin Island Airport,Makin Island,KI,3.37444,172.992,Pacific/Tarawa
MTL,YMND,Maitland Airport,Maitland,AU,-32.7033,151.48801,Australia/Sydney
MTN,KMTN,Martin State Airport,Baltimore,US,39.3257,-76.4138,America/New_York
MTO,KMTO,Coles County Memorial Airport,Mattoon/Charleston,US,39.4779,-88.2792,America/Chicago
MTP,KMTP,Montauk Airport,Montauk,US,41.0765,-71.9208,America/New_York
MTQ,YMIT,Mitchell Airport,,AU,-26.4833,147.937,Australia/Brisbane
MTR,SKMR,Los Garzones Airport,Monteria,CO,8.82374,-75.8258,America/Bogota
MTS,FDMS,Matsapha Airport,Manzini,SZ,-26.529,31.3075,Africa/Mbabane
MTT,MMMT,Minatitlan/Coatzacoalcos National Airport,Minatitlan,MX,18.1034,-94.5807,America/Mexico_City
MTV,NVSA,Mota Lava Airport,Ablow,VU,-13.666,167.71201,Pacific/Efate
MTW,KMTW,Manitowoc County Airport,Manitowoc,US,44.1288,-87.6806,America/Chicago
MTY,MMMY,General Mariano Escobedo International Airport,Monterrey,MX,25.7785,-100.107,America/Monterrey
MTZ,LLMZ,Bar Yehuda Airfield,Masada,IL,31.3282,35.3886,Asia/Amman
MUA,AGGM,Munda Airport,Munda,SB,-8.32797,157.263,Pacific/Guadalcanal
MUB,FBMN,Maun Airport,Maun,BW,-19.9726,23.4311,Africa/Gaborone
MUC,EDDM,Munich International Airport,Munich,DE,48.3538,11.7861,Europe/Berlin
MUD,FQMD,Mueda Airport,Mueda,MZ,-11.6729,39.5631,Africa/Maputo
MUE,PHMU,Waimea Kohala Airport,Kamuela,US,20.0013,-155.668,Pacific/Honolulu
MUG,MMMG,Mulege Airport,Mulege,MX,26.89731,-111.95755,America/Mazatlan
MUH,HEMM,Mersa Matruh Airport,Mersa Matruh,EG,31.3254,27.2217,Africa/Cairo
MUI,KMUI,Muir Army Air Field (Fort Indiantown Gap) Airport,Fort Indiantown Gap(Annville),US,40.4348,-76.5694,America/New_York
MUK,NCMK,Mauke Airport,Mauke Island,CK,-20.1361,-157.345,Pacific/Rarotonga
MUL,KMUL,Spence Airport,Moultrie,US,31.1377,-83.7041,America/New_York
MUN,SVMT,Maturin Airport,Maturin,VE,9.75453,-63.1474,America/Caracas
MUO,KMUO,Mountain Home Air Force Base,Mountain Home,US,43.0436,-115.872,America/Boise
MUP,YMUP,Mulga Park Airport,,AU,-25.9,131.66701,Australia/Darwin
MUQ,YMUC,Muccan Station Airport,Muccan Station,AU,-20.6589,120.067,Australia/Perth
MUR,WBGM,Marudi Airport,Marudi,MY,4.17898,114.329,Asia/Kuching
MUS,RJAM,Minami Torishima Airport,Minami Torishima,JP,24.2897,153.979,Asia/Tokyo
MUT,KMUT,Muscatine Municipal Airport,Muscatine,US,41.3678,-91.1482,America/Chicago
MUW,DAOV,Ghriss Airport,Mascara,DZ,35.2077,0.14714,Africa/Algiers
MUX,OPMT,Multan International Airport,Multan,PK,30.2032,71.4191,Asia/Karachi
MUY,FCBM,Mouyondzi Airport,Mouyondzi,CG,-4.01487,13.96611,Africa/Brazzaville
MUZ,HTMU,Musoma Airport,Musoma,TZ,-1.503,33.8021,Africa/Dar_es_Salaam
MVA,BIRL,Reykjahlid Airport,Myvatn,IS,65.6558,-16.9181,Atlantic/Reykjavik
MVB,FOON,M'Vengue El Hadj Omar Bongo Ondimba International Airport,Franceville,GA,-1.65616,13.438,Africa/Libreville
MVC,KMVC,Monroe County Airport,Monroeville,US,31.458,-87.351,America/Chicago
MVD,SUMU,Carrasco International /General C L Berisso Airport,Montevideo,UY,-34.8384,-56.0308,America/Montevideo
MVE,KMVE,Montevideo Chippewa County Airport,Montevideo,US,44.9691,-95.7103,America/Chicago
MVF,SBMS,Dix-Sept Rosado Airport,Mossoro,BR,-5.20192,-37.3643,America/Fortaleza
MVK,YMUK,Mulka Airport,Mulka,AU,-28.3478,138.64999,Australia/Adelaide
MVL,KMVL,Morrisville Stowe State Airport,Morrisville,US,44.5346,-72.614,America/New_York
MVN,KMVN,Mount Vernon Airport,Mount Vernon,US,38.3234,-88.8588,America/Chicago
MVO,FTTM,Mongo Airport,Mongo,TD,12.167,18.675,Africa/Ndjamena
MVP,SKMU,Fabio Alberto Leon Bentley Airport,Mitu,CO,1.25366,-70.2339,America/Bogota
MVQ,UMOO,Mogilev Airport,Mogilev,BY,53.9549,30.0951,Europe/Minsk
MVR,FKKL,Salak Airport,Maroua,CM,10.4514,14.2574,Africa/Douala
MVS,SNMU,Mucuri Airport,Mucuri,BR,-18.0489,-39.8642,America/Bahia
MVT,NTGV,Mataiva Airport,Mataiva,PF,-14.8681,-148.717,Pacific/Tahiti
MVU,YMGV,Musgrave Airport,Musgrave,AU,-14.7833,143.5,Australia/Brisbane
MVV,LFHM,Megeve Airport,Verdun,FR,45.8208,6.65222,Europe/Paris
MVW,KBVS,Skagit Regional Airport,Burlington/Mount Vernon,US,48.4709,-122.421,America/Los_Angeles
MVX,FOGV,Minvoul Airport,Minvoul,GA,2.15,12.133,Africa/Libreville
MVY,KMVY,Martha's Vineyard Airport,Martha's Vineyard,US,41.3931,-70.6143,America/New_York
MVZ,FVMV,Masvingo International Airport,Masvingo,ZW,-20.0553,30.8591,Africa/Harare
MWA,KMWA,Veterans Airport of Southern Illinois,Marion,US,37.755,-89.0111,America/Chicago
MWB,YMRW,Morawa Airport,Morawa,AU,-29.2017,116.022,Australia/Perth
MWC,KMWC,Lawrence J Timmerman Airport,Milwaukee,US,43.1104,-88.0344,America/Chicago
MWD,OPMI,Mianwali Air Base,Mianwali,PK,32.5631,71.5707,Asia/Karachi
MWE,HSMR,Merowe Airport,Merowe,SD,18.45,31.833,Africa/Khartoum
MWF,NVSN,Naone Airport,Maewo Island,VU,-15.0,168.08299,Pacific/Efate
MWH,KMWH,Grant Co International Airport,Moses Lake,US,47.2077,-119.32,America/Los_Angeles
MWJ,SYMR,Matthews Ridge Airport,Matthews Ridge,GY,7.48811,-60.18478,America/Guyana
MWK,WIOM,Tarempa Airport,Matak Island,ID,3.34812,106.258,Asia/Jakarta
MWL,KMWL,Mineral Wells Airport,Mineral Wells,US,32.7816,-98.0602,America/Chicago
MWM,KMWM,Windom Municipal Airport,Windom,US,43.9134,-95.1094,America/Chicago
MWN,HTMD,Mwadui Airport,Mwadui,TZ,-3.5,33.617,Africa/Dar_es_Salaam
MWO,KMWO,Middletown Regional-Hook Field Municipal Airport,Middletown,US,39.531,-84.3953,America/New_York
MWQ,VYMW,Magway Airport,Magway,MM,20.1656,94.9414,Asia/Yangon
MWT,YMWT,Moolawatana Airport,,AU,-29.9167,139.75,Australia/Adelaide
MWV,VDMK,Mondulkiri Airport,Sen Monorom,KH,12.46365,107.18725,Asia/Phnom_Penh
MWX,RKJB,Muan International Airport,Gwangju,KR,34.99141,126.38281,Asia/Seoul
MWY,YMIR,Miralwyn Airport,,AU,-30.15,147.33501,Australia/Sydney
MWZ,HTMW,Mwanza Airport,Mwanza,TZ,-2.44449,32.9327,Africa/Dar_es_Salaam
MXA,KMXA,Manila Municipal Airport,Manila,US,35.8944,-90.1546,America/Chicago
MXB,WAWM,Andi Jemma Airport,Masamba-Celebes Island,ID,-2.55804,120.324,Asia/Makassar
MXD,YMWX,Marion Downs Airport,,AU,-23.3667,139.66701,Australia/Brisbane
MXE,KMEB,Laurinburg Maxton Airport,Maxton,US,34.7919,-79.3658,America/New_York
MXF,KMXF,Maxwell Air Force Base,Montgomery,US,32.3829,-86.3658,America/Chicago
MXH,AYMR,Moro Airport,Moro,PG,-6.36333,143.23801,Pacific/Port_Moresby
MXI,RPMQ,Mati National Airport,Mati,PH,6.94937,126.273,Asia/Manila
MXJ,DNMN,Minna Airport,Minna,NG,9.65217,6.46226,Africa/Lagos
MXK,AYMI,Mindik Airport,Mindik,PG,-6.47167,147.44114,Pacific/Port_Moresby
MXL,MMML,General Rodolfo Sanchez Taboada International Airport,Mexicali,MX,32.6306,-115.242,America/Tijuana
MXM,FMSR,Morombe Airport,Morombe,MG,-21.7539,43.3755,Indian/Antananarivo
MXN,LFRU,Morlaix-Ploujean Airport,Morlaix/Ploujean,FR,48.6032,-3.81578,Europe/Paris
MXO,KMXO,Monticello Regional Airport,Monticello,US,42.2204,-91.1633,America/Chicago
MXP,LIMC,Malpensa International Airport,Milan,IT,45.6306,8.72811,Europe/Rome
MXS,NSMA,Maota Airport,Maota,WS,-13.7423,-172.258,Pacific/Apia
MXT,FMMO,Maintirano Airport,Maintirano,MG,-18.05,44.033,Indian/Antananarivo
MXU,YMWA,Mullewa Airport,Mullewa,AU,-28.475,115.517,Australia/Perth
MXV,ZMMN,Moron Airport,Moron,MN,49.6633,100.099,Asia/Ulaanbaatar
MXX,ESKM,Mora Airport,Mora,SE,60.9579,14.5114,Europe/Stockholm
MXY,PAMX,Mc Carthy Airport,Mccarthy,US,61.4371,-142.90401,America/Anchorage
MXZ,ZGMX,Meixian Airport,Meixian,CN,24.35,116.133,Asia/Shanghai
MYA,YMRY,Moruya Airport,Moruya,AU,-35.8978,150.144,Australia/Sydney
MYB,FOOY,Mayumba Airport,Mayumba,GA,-3.45842,10.67408,Africa/Libreville
MYC,SVBS,Escuela Mariscal Sucre Airport,Maracay,VE,10.24998,-67.64942,America/Caracas
MYD,HKML,Malindi Airport,Malindi,KE,-3.22931,40.1017,Africa/Nairobi
MYE,RJTQ,Miyakejima Airport,Miyakejima,JP,34.0736,139.56,Asia/Tokyo
MYF,KMYF,Montgomery Field,San Diego,US,32.8157,-117.14,America/Los_Angeles
MYG,MYMM,Mayaguana Airport,Mayaguana,BS,22.3795,-73.0135,America/Nassau
MYI,YMUI,Murray Island Airport,Murray Island,AU,-9.91667,144.05499,Australia/Brisbane
MYJ,RJOM,Matsuyama Airport,Matsuyama,JP,33.8272,132.7,Asia/Tokyo
MYL,KMYL,Mc Call Municipal Airport,Mc Call,US,44.8897,-116.101,America/Boise
MYM,SYMM,Monkey Mountain Airport,Monkey Mountain,GY,4.48333,-59.6833,America/Guyana
MYN,OYMB,Mareb Airport,Mareb,YE,15.4692,45.3269,Asia/Aden
MYO,YMYR,Myroodan Station Airport,,AU,-18.1167,124.267,Australia/Perth
MYP,UTAM,Mary Airport,Mary,TM,37.6194,61.8967,Asia/Ashgabat
MYQ,VOMY,Mysore Airport,Mysore,IN,12.3072,76.6497,Asia/Kolkata
MYR,KMYR,Myrtle Beach International Airport,Myrtle Beach,US,33.6797,-78.9283,America/New_York
MYT,VYMK,Myitkyina Airport,Myitkyina,MM,25.3836,97.3519,Asia/Yangon
MYU,PAMY,Mekoryuk Airport,Mekoryuk,US,60.3714,-166.271,America/Nome
MYV,KMYV,Yuba County Airport,Marysville,US,39.0978,-121.57,America/Los_Angeles
MYW,HTMT,Mtwara Airport,Mtwara,TZ,-10.3391,40.1818,Africa/Dar_es_Salaam
MYX,AYMC,Menyamya Airport,Menyamya,PG,-7.21167,146.01936,Pacific/Port_Moresby
MYY,WBGR,Miri Airport,Miri,MY,4.32201,113.987,Asia/Kuching
MYZ,FWMY,Monkey Bay Airport,Monkey Bay,MW,-14.0836,34.9197,Africa/Blantyre
MZA,SPMF,Manuel Prado Ugarteche Airport,Mazamari,PE,-11.3254,-74.5356,America/Lima
MZB,FQMP,Mocimboa da Praia Airport,Mocimboa da Praia,MZ,-11.3618,40.3549,Africa/Maputo
MZC,FOOM,Mitzic Airport,Mitzic,GA,0.783,11.55,Africa/Libreville
MZG,RCQC,Makung Airport,Makung City,TW,23.5687,119.628,Asia/Taipei
MZH,LTAP,Amasya Merzifon Airport,Amasya,TR,40.8294,35.522,Europe/Istanbul
MZI,GAMB,Ambodedjo Airport,Mopti,ML,14.5128,-4.07956,Africa/Bamako
MZJ,KMZJ,Pinal Airpark,Marana,US,32.5106,-111.328,America/Phoenix
MZK,NGMK,Marakei Airport,Marakei,KI,2.05861,173.271,Pacific/Tarawa
MZL,SKMZ,La Nubia Airport,Manizales,CO,5.0296,-75.4647,America/Bogota
MZM,LFSF,Metz-Frescaty (BA 128) Air Base,Metz/Frescaty,FR,49.0717,6.13167,Europe/Paris
MZO,MUMZ,Sierra Maestra Airport,Manzanillo,CU,20.2881,-77.0892,America/Havana
MZP,NZMK,Motueka Airport,Motueka,NZ,-41.1233,172.989,Pacific/Auckland
MZQ,FAMU,Mkuze Airport,Mkuze,ZA,-27.6261,32.0443,Africa/Johannesburg
MZR,OAMS,Mazar I Sharif Airport,Mazar-i-Sharif,AF,36.7069,67.2097,Asia/Kabul
MZT,MMMZ,General Rafael Buelna International Airport,Mazatlan,MX,23.1614,-106.266,America/Mazatlan
MZU,VEMZ,Muzaffarpur Airport,Muzaffarpur,IN,26.1191,85.3137,Asia/Kolkata
MZV,WBMU,Mulu Airport,Mulu,MY,4.04833,114.805,Asia/Kuching
MZW,DAAY,Mecheria Airport,Mecheria,DZ,33.5359,-0.24235,Africa/Algiers
MZX,HAML,Masslo Airport,Masslo,ET,6.40806,39.7239,Africa/Addis_Ababa
MZY,FAMO,Mossel Bay Airport,Mossel Bay,ZA,-34.1583,22.0586,Africa/Johannesburg
MZZ,KMZZ,Marion Municipal Airport,Marion,US,40.4899,-85.6797,America/Indiana/Indianapolis
NAA,YNBR,Narrabri Airport,Narrabri,AU,-30.3192,149.827,Australia/Sydney
NAC,YNRC,Naracoorte Airport,Naracoorte,AU,-36.9853,140.72501,Australia/Adelaide
NAE,DBBN,Natitingou Airport,Natitingou,BJ,10.317,1.383,Africa/Porto-Novo
NAG,VANP,Dr. Babasaheb Ambedkar International Airport,Naqpur,IN,21.0922,79.0472,Asia/Kolkata
NAH,WAMH,Naha Airport,Tahuna-Sangihe Island,ID,3.68321,125.528,Asia/Makassar
NAI,SYAN,Annai Airport,Annai,GY,3.95944,-59.1242,America/Guyana
NAJ,UBBN,Nakhchivan Airport,Nakhchivan,AZ,39.1888,45.4584,Asia/Baku
NAK,VTUQ,Nakhon Ratchasima Airport,Nakhon Ratchasima,TH,14.9495,102.313,Asia/Bangkok
NAL,URMN,Nalchik Airport,Nalchik,RU,43.5129,43.6366,Europe/Moscow
NAM,WAPR,Namlea Airport,Namlea-Buru Island,ID,-3.23557,127.1,Asia/Jayapura
NAN,NFFN,Nadi International Airport,Nadi,FJ,-17.7554,177.44299,Pacific/Fiji
NAO,ZUNC,Nanchong Airport,Nanchong,CN,30.79545,106.1626,Asia/Shanghai
NAP,LIRN,Napoli / Capodichino International Airport,Napoli,IT,40.886,14.2908,Europe/Rome
NAQ,BGQQ,Qaanaaq Airport,Qaanaaq,GL,77.4886,-69.3887,America/Thule
NAR,SKPN,Puerto Nare Airport,Armenia,CO,6.21002,-74.5906,America/Bogota
NAS,MYNN,Lynden Pindling International Airport,Nassau,BS,25.039,-77.4662,America/Nassau
NAT,SBSG,Greater Natal International Airport,Sao Goncalo Do Amarante,BR,-5.7698,-35.36658,America/Fortaleza
NAU,NTGN,Napuka Island Airport,Napuka Island,PF,-14.1768,-141.267,Pacific/Tahiti
NAV,LTAZ,Nevsehir Kapadokya International Airport,Nevsehir,TR,38.7719,34.5345,Europe/Istanbul
NAW,VTSC,Narathiwat Airport,Narathiwat,TH,6.51992,101.743,Asia/Bangkok
NAY,ZBNY,Beijing Nanyuan Airport,Beijing,CN,39.7828,116.388,Asia/Shanghai
NBC,UWKE,Begishevo Airport,Nizhnekamsk,RU,55.5647,52.0925,Europe/Moscow
NBE,DTNH,Enfidha - Hammamet International Airport,Enfidha,TN,36.07583,10.43861,Africa/Tunis
NBG,KNBG,New Orleans Nas Jrb/Alvin Callender Field/ Airport,New Orleans,US,29.8253,-90.035,America/Chicago
NBH,YNHS,Nambucca Heads Airport,Nambucca Heads,AU,-30.65,153.0,Australia/Sydney
NBJ,FNBJ,Dr. Antonio Agostinho Neto International Airport,Luanda,AO,-9.04678,13.50719,Africa/Luanda
NBL,MPWN,San Blas Airport,Wannukandi,PA,9.4496,-78.9795,America/Panama
NBO,HKJK,Jomo Kenyatta International Airport,Nairobi,KE,-1.31924,36.9278,Africa/Nairobi
NBS,ZYBS,Baishan Changbaishan Airport,Baishan,CN,42.06639,127.60667,Asia/Shanghai
NBW,MUGM,Leeward Point Field,Guantanamo Bay Naval Station,CU,19.9065,-75.2071,America/Havana
NBX,WABI,Nabire Airport,Nabire-Papua Island,ID,-3.36818,135.496,Asia/Jayapura
NCA,MBNC,North Caicos Airport,North Caicos,TC,21.9175,-71.9396,America/Grand_Turk
NCE,LFMN,Nice-Cote d'Azur Airport,Nice,FR,43.6584,7.21587,Europe/Paris
NCG,MMCG,Nuevo Casas Grandes Airport,Nuevo Casas Grandes,MX,30.3974,-107.875,America/Chihuahua
NCH,HTNA,Nachingwea Airport,Nachingwea,TZ,-10.3575,38.7792,Africa/Dar_es_Salaam
NCI,SKNC,Necocli Airport,Necocli,CO,8.45,-76.7833,America/Bogota
NCJ,SAFS,Sunchales Aeroclub Airport,Sunchales,AR,-30.9575,-61.5283,America/Argentina/Cordoba
NCL,EGNT,Newcastle Airport,Newcastle,GB,55.0375,-1.69167,Europe/London
NCN,PFCB,Chenega Bay Airport,Chenega,US,60.0773,-147.992,America/Anchorage
NCO,KOQU,Quonset State Airport,North Kingstown,US,41.5971,-71.4121,America/New_York
NCR,MNSC,San Carlos,San Carlos,NI,11.1334,-84.77,America/Managua
NCS,FANC,Newcastle Airport,Newcastle,ZA,-27.7706,29.9769,Africa/Johannesburg
NCT,MRNC,Guanacaste Airport,Nicoya/Guanacate,CR,10.1394,-85.4458,America/Costa_Rica
NCU,UZNN,Nukus Airport,Nukus,UZ,42.4884,59.6233,Asia/Samarkand
NCY,LFLP,Annecy-Haute-Savoie-Mont Blanc Airport,Annecy/Meythet,FR,45.9292,6.09876,Europe/Paris
NDA,WAPC,Banda Airport Kepulauan,Banda Island,ID,5.11667,97.1167,Asia/Jakarta
NDB,GQPP,Nouadhibou International Airport,Nouadhibou,MR,20.9331,-17.03,Africa/El_Aaiun
NDC,VAND,Nanded Airport,Nanded,IN,19.1833,77.3167,Asia/Kolkata
NDD,FNSU,Sumbe Airport,Sumbe,AO,-11.1679,13.8475,Africa/Luanda
NDE,HKMA,Mandera Airport,Mandera,KE,3.933,41.85,Africa/Addis_Ababa
NDG,ZYQQ,Qiqihar Sanjiazi Airport,Qiqihar,CN,47.2396,123.918,Asia/Shanghai
NDJ,FTTJ,N'Djamena International Airport,N'Djamena,TD,12.1337,15.034,Africa/Ndjamena
NDL,FEFN,N'Dele Airport,N'Dele,CF,8.42721,20.63516,Africa/Bangui
NDM,HAMN,Mendi Airport,Mendi,ET,9.767,35.1,Africa/Addis_Ababa
NDR,GMMW,Nador International Airport,Nador,MA,34.9888,-3.02821,Africa/Casablanca
NDS,YSAN,Sandstone Airport,Sandstone,AU,-27.98,119.297,Australia/Perth
NDU,FYRU,Rundu Airport,Rundu,NA,-17.9565,19.7194,Africa/Windhoek
NDY,EGES,Sanday Airport,Sanday,GB,59.2503,-2.57667,Europe/London
NDZ,ETMN,Nordholz Airport,Cuxhaven,DE,53.7677,8.6585,Europe/Berlin
NEC,SAZO,Necochea Airport,Necochea,AR,-38.4831,-58.8172,America/Argentina/Buenos_Aires
NEF,UWUF,Neftekamsk Airport,Neftekamsk,RU,56.1069,54.3472,Asia/Yekaterinburg
NEG,MKNG,Negril Airport,Negril,JM,18.3428,-78.3321,America/Jamaica
NEJ,HANJ,Nejjo Airport,Nejjo,ET,9.55,35.467,Africa/Addis_Ababa
NEK,HANK,Nekemte Airport,Nekemte,ET,9.05,36.6,Africa/Addis_Ababa
NEL,KNEL,Lakehurst NAES /Maxfield Field,Lakehurst,US,40.0333,-74.3533,America/New_York
NEN,KNEN,Whitehouse Nolf Airport,Jacksonville,US,30.3539,-81.8719,America/New_York
NER,UELL,Chulman Airport,Chulman,RU,56.9139,124.914,Asia/Yakutsk
NEU,VLNK,Nong Khang Airport,Nong Khang,LA,20.61182,104.06816,Asia/Vientiane
NEV,TKPN,Vance W. Amory International Airport,Charlestown,KN,17.2057,-62.5899,America/St_Kitts
NEW,KNEW,Lakefront Airport,New Orleans,US,30.0424,-90.0283,America/Chicago
NFG,USRN,Nefteyugansk Airport,Nefteyugansk,RU,61.1083,72.65,Asia/Yekaterinburg
NFL,KNFL,Fallon Naval Air Station /Van Voorhis Field,Fallon,US,39.4166,-118.701,America/Los_Angeles
NFR,HLNR,Nafurah 1 Airport,Nafurah 1,LY,29.2132,21.5924,Africa/Tripoli
NGA,YYNG,Young Airport,Young,AU,-34.2556,148.248,Australia/Sydney
NGB,ZSNB,Ningbo Lishe International Airport,Ningbo,CN,29.8267,121.462,Asia/Shanghai
NGD,TUPA,Captain Auguste George Airport,Anegada,VG,18.7272,-64.3297,America/Tortola
NGE,FKKN,N'Gaoundere Airport,N'Gaoundere,CM,7.35701,13.5592,Africa/Douala
NGF,PHNG,Kaneohe Bay MCAS (Marion E. Carl Field) Airport,Kaneohe,US,21.4505,-157.76801,Pacific/Honolulu
NGI,NFNG,Ngau Airport,Ngau,FJ,-18.1156,179.34,Pacific/Fiji
NGL,FANG,Ngala Airport,Ngala,ZA,-24.3878,31.3258,Africa/Johannesburg
NGO,RJGG,Chubu Centrair International Airport,Tokoname,JP,34.8584,136.80499,Asia/Tokyo
NGP,KNGP,Corpus Christi Naval Air Station/Truax Field,Corpus Christi,US,27.6926,-97.2911,America/Chicago
NGQ,ZUAL,Ngari Gunsa Airport,Shiquanhe,CN,32.1,80.05306,Asia/Shanghai
NGS,RJFU,Nagasaki Airport,Nagasaki,JP,32.9169,129.914,Asia/Tokyo
NGU,KNGU,Norfolk Ns (Chambers Fld) Airport,Norfolk,US,36.9376,-76.2893,America/New_York
NGW,KNGW,Cabaniss Field Nolf Airport,Corpus Christi,US,27.7003,-97.4344,America/Chicago
NGX,VNMA,Manang Airport,Ngawal,NP,28.6414,84.0892,Asia/Kathmandu
NHA,VVNT,Nha Trang Air Base,Nha Trang,VN,12.2275,109.192,Asia/Ho_Chi_Minh
NHD,OMDM,Al Minhad Air Base,Dubai,AE,25.0268,55.3662,Asia/Dubai
NHF,HSNW,New Halfa Airport,New Halfa,SD,15.3556,35.7278,Africa/Khartoum
NHK,KNHK,Patuxent River Naval Air Station/Trapnell Field Aiport,Patuxent River,US,38.286,-76.4118,America/New_York
NHS,OPNK,Nushki Airport,Nushki,PK,29.539,66.0233,Asia/Karachi
NHT,EGWU,RAF Northolt,London,GB,51.553,-0.41817,Europe/London
NHV,NTMD,Nuku Hiva Airport,Taiohae,PF,-8.7956,-140.229,Pacific/Marquesas
NHX,KNBJ,Barin Nolf Airport,Foley,US,30.3891,-87.6353,America/Chicago
NHZ,KBXM,Brunswick Executive Airport,Brunswick,US,43.89236,-69.93883,America/New_York
NIA,GLNA,Nimba Airport,Nimba,LR,7.5,-8.6,Africa/Monrovia
NIB,PAFS,Nikolai Airport,Nikolai,US,63.0186,-154.358,America/Anchorage
NIF,YCNF,Camp Nifty Airport,,AU,-21.6717,121.587,Australia/Perth
NIG,NGNU,Nikunau Airport,Nikunau,KI,-1.31444,176.41,Pacific/Tarawa
NIM,DRRN,Diori Hamani International Airport,Niamey,NE,13.4815,2.18361,Africa/Niamey
NIO,FZBI,Nioki Airport,Nioki,CD,-2.7175,17.6847,Africa/Kinshasa
NIP,KNIP,Jacksonville Naval Air Station,Jacksonville,US,30.2358,-81.6806,America/New_York
NIS,AYSE,Simberi Airport,Simberi Island,PG,-2.66222,151.99778,Pacific/Port_Moresby
NIT,LFBN,Niort-Souche Airport,Niort/Souche,FR,46.3113,-0.4015,Europe/Paris
NIU,NFTO,Mata'aho Airport,Angaha,TO,-15.5708,-175.633,Pacific/Tongatapu
NIX,GANR,Nioro du Sahel Airport,Nioro du Sahel,ML,15.2381,-9.57611,Africa/Bamako
NJA,RJTA,Atsugi Naval Air Facility,Yamato,JP,35.4546,139.45,Asia/Tokyo
NJC,USNN,Nizhnevartovsk Airport,Nizhnevartovsk,RU,60.9493,76.4836,Asia/Yekaterinburg
NJF,ORNI,Al Najaf International Airport,Najaf,IQ,31.98972,44.40417,Asia/Baghdad
NJK,KNJK,El Centro Naf Airport,El Centro,US,32.8292,-115.672,America/Los_Angeles
NKC,GQNN,Nouakchott International Airport,Nouakchott,MR,18.0982,-15.9485,Africa/Nouakchott
NKG,ZSNJ,Nanjing Lukou Airport,Nanjing,CN,31.742,118.862,Asia/Shanghai
NKL,FZAR,Nkolo Fuma Airport,Nkolo Fuma,CD,-5.45,14.833,Africa/Kinshasa
NKM,RJNA,Nagoya Airport,Nagoya,JP,35.255,136.924,Asia/Tokyo
NKS,FKAN,Nkongsamba Airport,Nkongsamba,CM,4.95,9.933,Africa/Douala
NKU,FXNK,Nkaus Airport,Nkaus,LS,-30.0217,28.1969,Africa/Maseru
NKW,FJDG,Diego Garcia Naval Support Facility,Diego Garcia,IO,-7.31327,72.4111,Indian/Chagos
NKX,KNKX,Miramar Marine Corps Air Station,San Diego,US,32.8684,-117.143,America/Los_Angeles
NKY,FCBY,Yokangassi Airport,Nkayi,CG,-4.217,13.283,Africa/Brazzaville
NLA,FLSK,Simon Mwansa Kapwepwe International Airport,Ndola,ZM,-12.96167,28.51667,Africa/Lusaka
NLC,KNLC,Lemoore Naval Air Station (Reeves Field) Airport,Lemoore,US,36.333,-119.952,America/Los_Angeles
NLD,MMNL,Quetzalcoatl International Airport,Nuevo Laredo,MX,27.4439,-99.5705,America/Matamoros
NLF,YDNI,Darnley Island Airport,Darnley Island,AU,-9.58333,143.767,Australia/Brisbane
NLG,PAOU,Nelson Lagoon Airport,Nelson Lagoon,US,56.0075,-161.16,America/Anchorage
NLI,UHNN,Nikolayevsk-na-Amure Airport,Nikolayevsk-na-Amure Airport,RU,53.155,140.64999,Asia/Vladivostok
NLK,YSNF,Norfolk Island International Airport,Burnt Pine,NF,-29.0416,167.939,Pacific/Norfolk
NLL,YNUL,Nullagine Airport,,AU,-21.9133,120.198,Australia/Perth
NLO,FZAB,Ndolo Airport,Kinshasa,CD,-4.32666,15.3275,Africa/Kinshasa
NLP,FANS,Nelspruit Airport,Nelspruit,ZA,-25.5,30.9138,Africa/Johannesburg
NLS,YNIC,Nicholson Airport,,AU,-18.05,128.89999,Australia/Perth
NLU,MMSM,Felipe Angeles International Airport,Santa Lucia,MX,19.75667,-99.01528,America/Mexico_City
NLV,UKON,Mykolaiv International Airport,Nikolayev,UA,47.0579,31.9198,Europe/Kyiv
NMA,UZFN,Namangan Airport,Namangan,UZ,40.9846,71.5567,Asia/Tashkent
NMB,VADN,Daman Airport,Daman,IN,20.4344,72.8432,Asia/Kolkata
NMC,MYEN,Normans Cay Airport,Normans Cay,BS,24.5943,-76.8202,America/Nassau
NME,PAGT,Nightmute Airport,Nightmute,US,60.471,-164.701,America/Nome
NMF,VRDA,Maafaru International Airport,Maafaru,MV,5.82222,73.47472,Indian/Maldives
NMI,VANM,Navi Mumbai International Airport,Navi Mumbai,IN,18.99438,73.07026,Asia/Kolkata
NML,CER4,Fort McMurray / Mildred Lake Airport,Fort McMurray,CA,57.0556,-111.574,America/Edmonton
NMR,YNAP,Nappa Merrie Airport,,AU,-27.5583,141.133,Australia/Brisbane
NMS,VYNS,Namsang Airport,Namsang,MM,20.8905,97.7359,Asia/Yangon
NMT,VYNT,Namtu Airport,Namtu,MM,23.083,97.383,Asia/Yangon
NNA,GMMY,Kenitra Airport,Kenitra,MA,34.2989,-6.59588,Africa/Casablanca
NNB,AGGT,Santa Ana Airport,Santa Ana Island,SB,-10.84799,162.45411,Pacific/Guadalcanal
NNG,ZGNN,Nanning Wuxu Airport,Nanning,CN,22.6083,108.172,Asia/Shanghai
NNI,FYNA,Namutoni Airport,Namutoni,NA,-18.8064,16.9272,Africa/Windhoek
NNL,PANO,Nondalton Airport,Nondalton,US,59.9802,-154.839,America/Anchorage
NNM,ULAM,Naryan Mar Airport,Naryan Mar,RU,67.64,53.1219,Europe/Moscow
NNR,EICA,Connemara Regional Airport,Inverin,IE,53.2303,-9.46778,Europe/Dublin
NNT,VTCN,Nan Airport,Nan,TH,18.8079,100.783,Asia/Bangkok
NNU,SNNU,Nanuque Airport,Nanuque,BR,-17.8233,-40.3299,America/Sao_Paulo
NNX,WRLF,Nunukan Airport,Nunukan-Nunukan Island,ID,4.13653,117.667,Asia/Kuching
NNY,ZHNY,Nanyang Airport,Nanyang,CN,32.9808,112.615,Asia/Shanghai
NOA,YSNW,Nowra Airport,Nowra,AU,-34.9489,150.537,Australia/Sydney
NOB,MRNS,Nosara Airport,Nicoya,CR,9.97649,-85.653,America/Costa_Rica
NOC,EIKN,Ireland West Knock Airport,Charleston,IE,53.9103,-8.81849,Europe/Dublin
NOD,EDWS,Norden-Norddeich Airport,Norddeich,DE,53.63306,7.19028,Europe/Berlin
NOG,MMNG,Nogales International Airport,Nogales,MX,31.2261,-110.976,America/Hermosillo
NOJ,USRO,Noyabrsk Airport,Noyabrsk,RU,63.1833,75.27,Asia/Yekaterinburg
NOK,SWXV,Xavantina Airport,Nova Xavantina,BR,-14.6983,-52.3464,America/Cuiaba
NON,NGTO,Nonouti Airport,Nonouti,KI,-0.63972,174.42799,Pacific/Tarawa
NOP,LTCM,Sinop Airport,Sinop,TR,42.0158,35.0664,Europe/Istanbul
NOR,BINF,Nordfjordur Airport,Nordfjordur,IS,65.1319,-13.7464,Atlantic/Reykjavik
NOS,FMNN,Fascene Airport,Nosy Be,MG,-13.3121,48.3148,Indian/Antananarivo
NOT,KDVO,Gnoss Field,Novato,US,38.1436,-122.556,America/Los_Angeles
NOU,NWWW,La Tontouta International Airport,Noumea,NC,-22.0146,166.213,Pacific/Noumea
NOV,FNHU,Nova Lisboa Airport,Huambo,AO,-12.8089,15.7605,Africa/Luanda
NOZ,UNWW,Spichenkovo Airport,Novokuznetsk,RU,53.8114,86.8772,Asia/Novokuznetsk
NPA,KNPA,Pensacola Naval Air Station/Forrest Sherman field,Pensacola,US,30.3527,-87.3186,America/Chicago
NPE,NZNR,Napier Airport,Napier,NZ,-39.4658,176.87,Pacific/Auckland
NPL,NZNP,New Plymouth Airport,New Plymouth,NZ,-39.0086,174.179,Pacific/Auckland
NPO,WIOG,Nanga Pinoh I Airport,Nanga Pinoh-Borneo Island,ID,-0.34887,111.748,Asia/Pontianak
NPR,SJNP,Novo Progresso Airport,Novo Progresso,BR,-7.12583,-55.40083,America/Santarem
NPT,KUUU,Newport State Airport,Newport,US,41.5324,-71.2815,America/New_York
NQA,KNQA,Millington Regional Jetport Airport,Millington,US,35.3567,-89.8703,America/Chicago
NQI,KNQI,Kingsville Naval Air Station,Kingsville,US,27.5072,-97.8097,America/Chicago
NQL,SWNQ,Niquelandia Airport,Niquelandia,BR,-14.4349,-48.4915,America/Sao_Paulo
NQN,SAZN,Presidente Peron Airport,Neuquen,AR,-38.949,-68.1557,America/Argentina/Salta
NQT,EGBN,Nottingham Airport,Nottingham,GB,52.92,-1.07917,Europe/London
NQU,SKNQ,Reyes Murillo Airport,Nuqui,CO,5.6964,-77.2806,America/Bogota
NQX,KNQX,Key West Nas /Boca Chica Field/ Airport,Key West,US,24.5758,-81.6889,America/New_York
NQY,EGHQ,Newquay Cornwall Airport,Newquay,GB,50.4406,-4.99541,Europe/London
NQZ,UACC,Astana International Airport,Astana,KZ,51.0222,71.4669,Asia/Almaty
NRA,YNAR,Narrandera Airport,Narrandera,AU,-34.7022,146.51199,Australia/Sydney
NRB,KNRB,Mayport Ns (Adm David L. Mcdonald Field) Airport,Mayport,US,30.3911,-81.4247,America/New_York
NRD,EDWY,Norderney Airport,Norderney,DE,53.70694,7.23,Europe/Berlin
NRE,WAPG,Namrole Airport,Namrole-Buru Island,ID,-3.82081,126.718,Asia/Jayapura
NRG,YNRG,Narrogin Airport,Narrogin,AU,-32.93,117.08,Australia/Perth
NRK,ESSP,Norrkoping Airport,Norrkoping,SE,58.5863,16.2506,Europe/Stockholm
NRL,EGEN,North Ronaldsay Airport,North Ronaldsay,GB,59.3675,-2.43444,Europe/London
NRM,GANK,Nara Airport,Nara,ML,15.217,-7.267,Africa/Bamako
NRN,EDLV,Niederrhein Airport,Weeze,DE,51.6024,6.14217,Europe/Amsterdam
NRR,TJRV,Jose Aponte de la Torre Airport,Ceiba,PR,18.2453,-65.6434,America/Puerto_Rico
NRS,KNRS,Imperial Beach Nolf (Ream Fld) Airport,Imperial Beach,US,32.5667,-117.117,America/Los_Angeles
NRT,RJAA,Narita International Airport,Tokyo,JP,35.7647,140.386,Asia/Tokyo
NSE,KNSE,Whiting Field Naval Air Station North Airport,Milton,US,30.7242,-87.0219,America/Chicago
NSH,OINN,Noshahr Airport,Nowshahr,IR,36.6633,51.4647,Asia/Tehran
NSI,FKYS,Yaounde Nsimalen International Airport,Yaounde,CM,3.72256,11.5533,Africa/Douala
NSK,UOOO,Norilsk-Alykel Airport,Norilsk,RU,69.3111,87.3322,Asia/Krasnoyarsk
NSL,KDVP,Slayton Municipal Airport,Slayton,US,43.9868,-95.7826,America/Chicago
NSM,YNSM,Norseman Airport,Norseman,AU,-32.21,121.755,Australia/Perth
NSN,NZNS,Nelson Airport,Nelson,NZ,-41.2983,173.22099,Pacific/Auckland
NSO,YSCO,Scone Airport,Scone,AU,-32.0372,150.832,Australia/Sydney
NSP,RPLS,Sangley Point Air Base,Cavite City,PH,14.4954,120.904,Asia/Manila
NSR,SWKQ,Serra da Capivara Airport,Sao Raimundo Nonato,BR,-9.08278,-42.64444,America/Fortaleza
NST,VTSF,Nakhon Si Thammarat Airport,Nakhon Si Thammarat,TH,8.53962,99.9447,Asia/Bangkok
NSV,YNSH,Noosa Airport,Noosa,AU,-26.4233,153.063,Australia/Brisbane
NSY,LICZ,Sigonella Airport,Sigonella,IT,37.4017,14.9224,Europe/Rome
NTB,ENNO,Notodden Airport,Notodden,NO,59.5657,9.21222,Europe/Oslo
NTD,KNTD,Point Mugu Naval Air Station (Naval Base Ventura Co),Point Mugu,US,34.1203,-119.121,America/Los_Angeles
NTE,LFRS,Nantes Atlantique Airport,Nantes,FR,47.1532,-1.61073,Europe/Paris
NTG,ZSNT,Nantong Airport,Nantong,CN,32.0708,120.976,Asia/Shanghai
NTI,WASB,Stenkol Airport,Bintuni-Papua Island,ID,-2.10416,133.522,Asia/Jayapura
NTL,YWLM,Newcastle Airport,Williamtown,AU,-32.795,151.834,Australia/Sydney
NTN,YNTN,Normanton Airport,Normanton,AU,-17.6836,141.07001,Australia/Brisbane
NTO,GVAN,Agostinho Neto Airport,Ponta do Sol,CV,17.2028,-25.0906,Atlantic/Cape_Verde
NTQ,RJNW,Noto Airport,Wajima,JP,37.2931,136.96201,Asia/Tokyo
NTR,MMAN,Del Norte International Airport,Monterrey,MX,25.8656,-100.237,America/Monterrey
NTT,NFTP,Kuini Lavenia Airport,Niuatoputapu,TO,-15.97734,-173.79103,Pacific/Tongatapu
NTU,KNTU,Oceana Nas /Apollo Soucek Field/ Station,Virginia Beach,US,36.8207,-76.0335,America/New_York
NTX,WION,Ranai Airport,Ranai-Natuna Besar Island,ID,3.90871,108.388,Asia/Jakarta
NTY,FAPN,Pilanesberg International Airport,Pilanesberg,ZA,-25.3338,27.1734,Africa/Johannesburg
NUB,YNUM,Numbulwar Airport,Numbulwar,AU,-14.2717,135.717,Australia/Darwin
NUD,HSNH,En Nahud Airport,En Nahud,SD,12.667,28.333,Africa/Khartoum
NUE,EDDN,Nuremberg Airport,Nuremberg,DE,49.4987,11.0669,Europe/Berlin
NUI,PAQT,Nuiqsut Airport,Nuiqsut,US,70.21,-151.006,America/Anchorage
NUJ,OIHS,Hamadan Air Base,Hamadan,IR,35.2116,48.6534,Asia/Tehran
NUK,NTGW,Nukutavake Airport,Nukutavake,PF,-19.285,-138.772,Pacific/Tahiti
NUL,PANU,Nulato Airport,Nulato,US,64.7293,-158.07401,America/Anchorage
NUM,OENN,Neom Bay Airport,Neom,SA,27.9276,35.2887,Asia/Riyadh
NUN,KNUN,Saufley Field Nolf Airport,Pensacola,US,30.4697,-87.3381,America/Chicago
NUQ,KNUQ,Moffett Federal Airfield,Mountain View,US,37.4161,-122.049,America/Los_Angeles
NUR,YNUB,Nullabor Motel Airport,Nullarbor,AU,-31.4417,130.90199,Australia/Adelaide
NUS,NVSP,Norsup Airport,Norsup,VU,-16.0797,167.401,Pacific/Efate
NUU,HKNK,Nakuru Airport,Nakuru,KE,-0.29807,36.1593,Africa/Nairobi
NUW,KNUW,Whidbey Island Naval Air Station /Ault Field/ Airport,Oak Harbor,US,48.3518,-122.656,America/Los_Angeles
NUX,USMU,Novy Urengoy Airport,Novy Urengoy,RU,66.0694,76.5203,Asia/Yekaterinburg
NVA,SKNV,Benito Salas Airport,Neiva,CO,2.95015,-75.294,America/Bogota
NVD,KNVD,Nevada Municipal Airport,Nevada,US,37.8521,-94.3049,America/Chicago
NVG,MNNG,Nueva Guinea Airport,Nueva Guinea,NI,11.66667,-84.45,America/Managua
NVI,UZSA,Navoi Airport,Navoi,UZ,40.1172,65.1708,Asia/Samarkand
NVK,ENNK,Narvik Framnes Airport,Narvik,NO,68.4369,17.3867,Europe/Oslo
NVN,KO02,Nervino Airport,Beckwourth,US,39.8185,-120.353,America/Los_Angeles
NVP,SWNA,Novo Aripuana Airport,Novo Aripuana,BR,-5.11803,-60.3649,America/Manaus
NVS,LFQG,Nevers-Fourchambault Airport,Nevers/Fourchambault,FR,47.0026,3.11333,Europe/Paris
NVT,SBNF,Ministro Victor Konder International Airport,Navegantes,BR,-26.88,-48.6514,America/Sao_Paulo
NWA,FMCI,Moheli Bandar Es Eslam Airport,Fomboni,KM,-12.2981,43.7664,Indian/Comoro
NWI,EGSH,Norwich International Airport,Norwich,GB,52.6758,1.28278,Europe/London
NYA,USHN,Nyagan Airport,Nyagan,RU,62.11,65.615,Asia/Yekaterinburg
NYE,HKNI,Nyeri Airport,Nyeri,KE,-0.36441,36.97849,Africa/Nairobi
NYG,KNYG,Quantico MCAF /Turner field,Quantico,US,38.5017,-77.3053,America/New_York
NYI,DGSN,Sunyani Airport,Sunyani,GH,7.36183,-2.32876,Africa/Accra
NYK,HKNY,Nanyuki Airport,Nanyuki,KE,-0.0624,37.04101,Africa/Nairobi
NYM,USMM,Nadym Airport,Nadym,RU,65.4809,72.6989,Asia/Yekaterinburg
NYN,YNYN,Nyngan Airport,Nyngan,AU,-31.5511,147.203,Australia/Sydney
NYO,ESKN,Stockholm Skavsta Airport,Stockholm / Nykoping,SE,58.7886,16.9122,Europe/Stockholm
NYR,UENN,Nyurba Airport,Nyurba,RU,63.295,118.337,Asia/Yakutsk
NYS,06N7,New York Skyports Seaplane Base,New York,US,40.73399,-73.97292,America/New_York
NYT,VYEL,Naypyidaw Airport,Pyinmana,MM,19.6235,96.201,Asia/Yangon
NYU,VYBG,Bagan Airport,Nyaung U,MM,21.1788,94.9302,Asia/Yangon
NYW,VYMY,Monywar Airport,Monywar,MM,22.233,95.117,Asia/Yangon
NZA,FNZG,Nzagi Airport,Nzagi,AO,-7.71694,21.3582,Africa/Luanda
NZC,SPZA,Maria Reiche Neuman Airport,Nazca,PE,-14.854,-74.9615,America/Lima
NZE,GUNZ,Nzerekore Airport,Nzerekore,GN,7.80602,-8.7018,Africa/Conakry
NZH,ZBMZ,Manzhouli Xijiao Airport,Manzhouli,CN,49.56667,117.33,Asia/Shanghai
NZL,ZBZL,Zhalantun Chengjisihan Airport,Zalantun,CN,47.86583,122.7675,Asia/Shanghai
NZY,KNZY,North Island Naval Air Station-Halsey Field,San Diego,US,32.6992,-117.215,America/Los_Angeles
OAG,YORG,Orange Airport,Orange,AU,-33.3817,149.133,Australia/Sydney
OAH,OASD,Shindand Airport,Shindand,AF,33.3913,62.261,Asia/Kabul
OAI,OAIX,Bagram Air Base,Bagram,AF,34.9461,69.265,Asia/Kabul
OAJ,KOAJ,Albert J Ellis Airport,Jacksonville,US,34.8292,-77.6121,America/New_York
OAK,KOAK,Metropolitan Oakland International Airport,Oakland,US,37.7213,-122.221,America/Los_Angeles
OAL,SSKW,Cacoal Airport,Cacoal,BR,-11.49361,-61.17556,America/Porto_Velho
OAM,NZOU,Oamaru Airport,Oamaru,NZ,-44.97,171.082,Pacific/Auckland
OAN,MHEA,El Arrayan Airport,Olanchito,HN,15.50556,-86.57472,America/Tegucigalpa
OAR,KOAR,Marina Municipal Airport,Marina,US,36.6819,-121.762,America/Los_Angeles
OAS,OASA,Sharana Airstrip,Sharana,AF,33.12575,68.83852,Asia/Kabul
OAX,MMOX,Xoxocotlan International Airport,Oaxaca,MX,16.9999,-96.7266,America/Mexico_City
OAZ,OAZI,Camp Bastion Airport,Lashkar Gah,AF,31.8638,64.2246,Asia/Kabul
OBC,HDOB,Obock Airport,Obock,DJ,11.967,43.267,Africa/Djibouti
OBE,KOBE,Okeechobee County Airport,Okeechobee,US,27.2628,-80.8498,America/New_York
OBF,EDMO,Oberpfaffenhofen Airport,Wessling,DE,48.0814,11.2831,Europe/Berlin
OBI,SNTI,Obidos Airport,Obidos,BR,-1.86717,-55.5144,America/Santarem
OBL,EBZR,Oostmalle Air Base,Zoersel,BE,51.2647,4.75333,Europe/Brussels
OBN,EGEO,Oban Airport,North Connel,GB,56.4635,-5.39967,Europe/London
OBO,RJCB,Tokachi-Obihiro Airport,Obihiro,JP,42.7333,143.217,Asia/Tokyo
OBS,LFHO,Aubenas-Ardeche Meridional Airport,Aubenas/Ardeche Meridional,FR,44.5442,4.37219,Europe/Paris
OBU,PAOB,Kobuk Airport,Kobuk,US,66.9123,-156.897,America/Anchorage
OCC,SECO,Francisco De Orellana Airport,Coca,EC,-0.46289,-76.9868,America/Guayaquil
OCE,KOXB,Ocean City Municipal Airport,Ocean City,US,38.3104,-75.124,America/New_York
OCF,KOCF,Ocala International Jim Taylor Field,Ocala,US,29.1726,-82.2242,America/New_York
OCH,KOCH,A L Mangham Jr. Regional Airport,Nacogdoches,US,31.578,-94.7095,America/Chicago
OCJ,MKBS,Boscobel Aerodrome,Ocho Rios,JM,18.4042,-76.969,America/Jamaica
OCM,YBGD,Boolgeeda Airport,,AU,-22.54,117.275,Australia/Perth
OCN,KOKB,Oceanside Municipal Airport,Oceanside,US,33.2173,-117.354,America/Los_Angeles
OCV,SKOC,Aguas Claras Airport,Ocana,CO,8.31506,-73.3583,America/Bogota
OCW,KOCW,Warren Field,Washington,US,35.5705,-77.0498,America/New_York
ODA,FEFW,Ouadda Airport,Ouadda,CF,8.01056,22.3986,Africa/Bangui
ODB,LEBA,Cordoba Airport,Cordoba,ES,37.842,-4.84888,Europe/Madrid
ODC,KO27,Oakdale Airport,Oakdale,US,37.7563,-120.8,America/Los_Angeles
ODD,YOOD,Oodnadatta Airport,Oodnadatta,AU,-27.5617,135.44701,Australia/Adelaide
ODE,EKOD,Odense Airport,Odense,DK,55.4767,10.3309,Europe/Copenhagen
ODH,EGVO,RAF Odiham,Odiham,GB,51.2341,-0.94283,Europe/London
ODJ,FEGO,Ouanda Djalle Airport,Ouanda Djalle,CF,8.9,22.783,Africa/Bangui
ODL,YCOD,Cordillo Downs Airport,Cordillo Downs,AU,-26.7453,140.638,Australia/Adelaide
ODN,WBGI,Long Seridan Airport,Long Seridan,MY,3.967,115.05,Asia/Kuching
ODO,UIKB,Bodaybo Airport,Bodaybo,RU,57.8661,114.243,Asia/Irkutsk
ODR,YORV,Ord River Airport,Ord River,AU,-17.3408,128.912,Australia/Perth
ODS,UKOO,Odessa International Airport,Odessa,UA,46.4268,30.6765,Europe/Kyiv
ODW,KOKH,Delaurentis Airport,Oak Harbor,US,48.2515,-122.674,America/Los_Angeles
ODY,VLOS,Oudomsay Airport,Oudomsay,LA,20.6827,101.994,Asia/Vientiane
OEC,WPOC,Oecussi Airport,Oecussi-Ambeno,TL,-9.19806,124.343,Asia/Dili
OEL,UUOR,Oryol Yuzhny Airport,Orel,RU,52.9347,36.0022,Europe/Moscow
OEM,SMPA,Vincent Fayks Airport,Paloemeu,SR,3.34528,-55.4425,America/Paramaribo
OEO,KOEO,L O Simenstad Municipal Airport,Osceola,US,45.31,-92.6919,America/Chicago
OER,ESNO,Ornskoldsvik Airport,Ornskoldsvik,SE,63.4083,18.99,Europe/Stockholm
OES,SAVN,Antoine De St Exupery Airport,San Antonio Oeste,AR,-40.7512,-65.0343,America/Argentina/Salta
OFF,KOFF,Offutt Air Force Base,Omaha,US,41.1183,-95.9125,America/Chicago
OFI,DIOF,Ouango Fitini Airport,Ouango Fitini,CI,9.6,-4.05,Africa/Abidjan
OFJ,BIOF,Olafsfjordur Airport,Olafsfjordur,IS,66.0833,-18.6667,Atlantic/Reykjavik
OFK,KOFK,Karl Stefan Memorial Airport,Norfolk,US,41.9855,-97.4351,America/Chicago
OFU,NSAS,Ofu Village Airport,Ofu Village,AS,-14.1844,-169.67,Pacific/Pago_Pago
OGA,KOGA,Searle Field,Ogallala,US,41.1195,-101.77,America/Denver
OGB,KOGB,Orangeburg Municipal Airport,Orangeburg,US,33.4568,-80.8595,America/New_York
OGD,KOGD,Ogden Hinckley Airport,Ogden,US,41.1959,-112.012,America/Denver
OGE,AYOG,Ogeranang Airport,,PG,-6.46675,147.36417,Pacific/Port_Moresby
OGG,PHOG,Kahului Airport,Kahului,US,20.8986,-156.42999,Pacific/Honolulu
OGL,SYGO,Ogle Airport,Ogle,GY,6.80628,-58.1059,America/Guyana
OGN,ROYN,Yonaguni Airport,Yonaguni,JP,24.4669,122.978,Asia/Tokyo
OGO,DIAU,Abengourou Airport,Abengourou,CI,6.71556,-3.47028,Africa/Abidjan
OGR,FTTB,Bongor Airport,Bongor,TD,10.2881,15.3811,Africa/Ndjamena
OGS,KOGS,Ogdensburg International Airport,Ogdensburg,US,44.6819,-75.4655,America/New_York
OGU,LTCB,Ordu–Giresun Airport,Ordu,TR,40.96667,38.08,Europe/Istanbul
OGX,DAUU,Ain el Beida Airport,Ouargla,DZ,31.9172,5.41278,Africa/Algiers
OGZ,URMO,Beslan Airport,Beslan,RU,43.2051,44.6066,Europe/Moscow
OHA,NZOH,RNZAF Base Ohakea,Bulls,NZ,-40.206,175.388,Pacific/Auckland
OHB,FMFE,Moramanga Aerodrome,Moramanga,MG,-18.9175,48.21819,Indian/Antananarivo
OHD,LWOH,Ohrid St. Paul the Apostle Airport,Ohrid,MK,41.18,20.7423,Europe/Skopje
OHE,ZYMH,Gu-Lian Airport,Mohe,CN,52.91278,122.43,Asia/Shanghai
OHH,UHSH,Okha Airport,Okha,RU,53.52,142.89,Asia/Sakhalin
OHO,UHOO,Okhotsk Airport,Okhotsk,RU,59.41006,143.0565,Asia/Vladivostok
OHR,EDXY,Wyk auf Fohr Airport,Wyk auf Fohr,DE,54.68444,8.52833,Europe/Berlin
OHS,OOSH,Sohar Airport,Sohar,OM,24.46417,56.62833,Asia/Muscat
OHT,OPKT,Kohat Airport,Kohat,PK,33.57,71.44,Asia/Karachi
OIA,SDOW,Ourilandia do Norte Airport,Ourilandia Do Norte,BR,-6.7631,-51.0499,America/Belem
OIC,KOIC,Lt Warren Eaton Airport,Norwich,US,42.5666,-75.5241,America/New_York
OIM,RJTO,Oshima Airport,Izu Oshima,JP,34.782,139.36,Asia/Tokyo
OIR,RJEO,Okushiri Airport,Okushiri,JP,42.0717,139.433,Asia/Tokyo
OIT,RJFO,Oita Airport,Oita,JP,33.4794,131.737,Asia/Tokyo
OIZ,DTTB,Sidi Ahmed Air Base,Sidi Ahmed,TN,37.2454,9.79145,Africa/Tunis
OJC,KOJC,Johnson County Executive Airport,Olathe,US,38.8476,-94.7376,America/Chicago
OKA,ROAH,Naha Airport,Naha,JP,26.1958,127.646,Asia/Tokyo
OKC,KOKC,Will Rogers World Airport,Oklahoma City,US,35.3931,-97.6007,America/Chicago
OKD,RJCO,Okadama Airport,Sapporo,JP,43.1161,141.38,Asia/Tokyo
OKE,RJKB,Okierabu Airport,Wadomari,JP,27.4255,128.701,Asia/Tokyo
OKF,FYOO,Okaukuejo Airport,Okaukuejo,NA,-19.1492,15.9119,Africa/Windhoek
OKH,EGXJ,RAF Cottesmore,Cottesmore,GB,52.7357,-0.64877,Europe/London
OKI,RJNO,Oki Airport,Okinoshima,JP,36.1811,133.325,Asia/Tokyo
OKJ,RJOB,Okayama Airport,Okayama City,JP,34.7569,133.855,Asia/Tokyo
OKK,KOKK,Kokomo Municipal Airport,Kokomo,US,40.5282,-86.059,America/Indiana/Indianapolis
OKL,WAJO,Oksibil Airport,Oksibil-Papua Island,ID,-5.09106,140.61,Asia/Jayapura
OKM,KOKM,Okmulgee Regional Airport,Okmulgee,US,35.6681,-95.9487,America/Chicago
OKN,FOGQ,Okondja Airport,Okondja,GA,-0.66521,13.6731,Africa/Libreville
OKO,RJTY,Yokota Air Base,Fussa,JP,35.7485,139.34801,Asia/Tokyo
OKQ,WAKO,Okaba Airport,Okaba-Papua Island,ID,-8.08822,139.71899,Asia/Jayapura
OKR,YYKI,Yorke Island Airport,Yorke Island,AU,-9.75703,143.411,Australia/Brisbane
OKS,KOKS,Garden County Airport,Oshkosh,US,41.401,-102.355,America/Denver
OKT,UWUK,Oktyabrskiy Airport,Kzyl-Yar,RU,54.44,53.3883,Asia/Yekaterinburg
OKU,FYMO,Mokuti Lodge Airport,Mokuti Lodge,NA,-18.8128,17.0594,Africa/Windhoek
OKY,YBOK,Oakey Airport,Oakey,AU,-27.4114,151.735,Australia/Brisbane
OLA,ENOL,Orland Airport,Orland,NO,63.6989,9.604,Europe/Oslo
OLB,LIEO,Olbia / Costa Smeralda Airport,Olbia,IT,40.8987,9.51763,Europe/Rome
OLC,SDCG,Senadora Eunice Micheles Airport,Sao Paulo De Olivenca,BR,-3.46793,-68.92041,America/Manaus
OLD,KOLD,Dewitt FieldOld Town Municipal Airport,Old Town,US,44.9528,-68.6743,America/New_York
OLE,KOLE,Cattaraugus County-Olean Airport,Olean,US,42.2412,-78.3714,America/New_York
OLF,KOLF,L M Clayton Airport,Wolf Point,US,48.0945,-105.575,America/Denver
OLI,BIRF,Rif Airport,Rif,IS,64.9114,-23.8231,Atlantic/Reykjavik
OLJ,NVSZ,North West Santo Airport,Olpoi,VU,-14.8817,166.558,Pacific/Efate
OLK,SGOL,Fuerte Olimpo Airport,Fuerte Olimpo,PY,-21.0452,-57.8825,America/Asuncion
OLM,KOLM,Olympia Regional Airport,Olympia,US,46.9694,-122.903,America/Los_Angeles
OLN,SAVM,Lago Musters Airport,Sarmiento,AR,-45.57778,-69.07278,America/Argentina/Catamarca
OLO,LKOL,Olomouc Glider Airport,Olomouc,CZ,49.5878,17.2108,Europe/Prague
OLP,YOLD,Olympic Dam Airport,Olympic Dam,AU,-30.485,136.877,Australia/Adelaide
OLS,KOLS,Nogales International Airport,Nogales,US,31.4177,-110.848,America/Phoenix
OLU,KOLU,Columbus Municipal Airport,Columbus,US,41.448,-97.3426,America/Chicago
OLV,KOLV,Olive Branch Airport,Olive Branch,US,34.9787,-89.7869,America/Chicago
OLY,KOLY,Olney Noble Airport,Olney-Noble,US,38.7218,-88.1764,America/Chicago
OLZ,UEMO,Olyokminsk Airport,Olyokminsk,RU,60.3975,120.471,Asia/Yakutsk
OMA,KOMA,Eppley Airfield,Omaha,US,41.3032,-95.8941,America/Chicago
OMB,FOOH,Omboue Hopital Airport,Omboue,GA,-1.57473,9.26269,Africa/Libreville
OMC,RPVO,Ormoc Airport,Ormoc City,PH,11.058,124.565,Asia/Manila
OMD,FYOG,Oranjemund Airport,Oranjemund,NA,-28.5847,16.4467,Africa/Johannesburg
OME,PAOM,Nome Airport,Nome,US,64.5122,-165.44501,America/Nome
OMF,OJMF,King Hussein Air College,Mafraq,JO,32.3564,36.2592,Asia/Amman
OMG,FYOE,Omega Airport,Omega,NA,-18.0303,22.1897,Africa/Windhoek
OMH,OITR,Urmia Airport,Urmia,IR,37.6681,45.0687,Asia/Tehran
OMI,OIAJ,Omidiyeh Airport,Omidiyeh,IR,30.8352,49.5349,Asia/Tehran
OMK,KOMK,Omak Airport,Omak,US,48.4644,-119.518,America/Los_Angeles
OMM,OOMX,Marmul Airport,Marmul,OM,18.136,55.1821,Asia/Muscat
OMN,UZTZ,Zomin Airport,Lyaylyakul,UZ,40.01513,68.40976,Asia/Tashkent
OMO,LQMO,Mostar International Airport,Mostar,BA,43.2829,17.8459,Europe/Sarajevo
OMR,LROD,Oradea International Airport,Oradea,RO,47.0253,21.9025,Europe/Bucharest
OMS,UNOO,Omsk Central Airport,Omsk,RU,54.967,73.3105,Asia/Omsk
ONA,KONA,Winona Municipal-Max Conrad Field,Winona,US,44.0772,-91.7083,America/Chicago
OND,FYOA,Ondangwa Airport,Ondangwa,NA,-17.8782,15.9526,Africa/Windhoek
ONG,YMTI,Mornington Island Airport,Gununa,AU,-16.6625,139.17799,Australia/Brisbane
ONI,WABD,Moanamani Airport,Moanamani-Papua Island,ID,-3.9834,136.0833,Asia/Jayapura
ONJ,RJSR,Odate Noshiro Airport,Odate,JP,40.1919,140.371,Asia/Tokyo
ONK,UERO,Olenyok Airport,Olenyok,RU,68.515,112.48,Asia/Yakutsk
ONL,KONL,The O'Neill Municipal John L Baker Field,O'Neill,US,42.4699,-98.6881,America/Chicago
ONM,KONM,Socorro Municipal Airport,Socorro,US,34.0225,-106.903,America/Denver
ONO,KONO,Ontario Municipal Airport,Ontario,US,44.0205,-117.014,America/Boise
ONP,KONP,Newport Municipal Airport,Newport,US,44.5804,-124.058,America/Los_Angeles
ONQ,LTAS,Zonguldak Airport,Zonguldak,TR,41.5064,32.0886,Europe/Istanbul
ONR,YMNK,Monkira Airport,,AU,-24.8167,140.533,Australia/Brisbane
ONS,YOLW,Onslow Airport,Onslow,AU,-21.6683,115.113,Australia/Perth
ONT,KONT,Ontario International Airport,Ontario,US,34.056,-117.601,America/Los_Angeles
ONU,NFOL,Ono-I-Lau Airport,Ono-I-Lau,FJ,-20.65,-178.7,Pacific/Fiji
ONX,MPEJ,Enrique Adolfo Jimenez Airport,Colon,PA,9.35664,-79.8674,America/Panama
ONY,KONY,Olney Municipal Airport,Olney,US,33.3509,-98.8192,America/Chicago
OOA,KOOA,Oskaloosa Municipal Airport,Oskaloosa,US,41.2262,-92.4939,America/Chicago
OOD,YKDD,Gudai-Darri Airstrip,Newman,AU,-22.50357,119.07625,Australia/Perth
OOK,PAOO,Toksook Bay Airport,Toksook Bay,US,60.5414,-165.08701,America/Nome
OOL,YBCG,Gold Coast Airport,Gold Coast,AU,-28.1644,153.505,Australia/Brisbane
OOM,YCOM,Cooma Snowy Mountains Airport,Cooma,AU,-36.3006,148.974,Australia/Sydney
OOR,YMOO,Mooraberree Airport,,AU,-25.25,140.983,Australia/Brisbane
OOT,NGON,Onotoa Airport,Onotoa,KI,-1.79611,175.526,Pacific/Tarawa
OPA,BIKP,Kopasker Airport,Kopasker,IS,66.3108,-16.4667,Atlantic/Reykjavik
OPF,KOPF,Miami-Opa Locka Executive Airport,Miami,US,25.907,-80.2784,America/New_York
OPI,YOEN,Oenpelli Airport,Gunbalanya,AU,-12.325,133.006,Australia/Darwin
OPL,KOPL,St Landry Parish Ahart Field,Opelousas,US,30.5584,-92.0994,America/Chicago
OPO,LPPR,Francisco de Sa Carneiro Airport,Porto,PT,41.2481,-8.68139,Europe/Lisbon
OPP,SNSM,Salinopolis Airport,Salinopolis,BR,-0.69566,-47.3347,America/Belem
OPS,SWSI,Presidente Joao Batista Figueiredo Airport,Sinop,BR,-11.885,-55.58611,America/Cuiaba
OPU,AYBM,Balimo Airport,Balimo,PG,-8.05,142.933,Pacific/Port_Moresby
OQN,UZKK,Kokand Airport,Kokand,UZ,40.5398,70.9748,Asia/Tashkent
ORA,SASO,Oran Airport,Oran,AR,-23.1528,-64.3292,America/Argentina/Salta
ORB,ESOE,Orebro Airport,Orebro,SE,59.2237,15.038,Europe/Stockholm
ORC,SKOE,Orocue Airport,Orocue,CO,4.79222,-71.3564,America/Bogota
ORD,KORD,Chicago O'Hare International Airport,Chicago,US,41.9786,-87.9048,America/Chicago
ORE,LFOZ,Orleans-Saint-Denis-de-l'Hotel Airport,Orleans/Saint-Denis-de-l'Hotel,FR,47.8969,2.16333,Europe/Paris
ORF,KORF,Norfolk International Airport,Norfolk,US,36.8946,-76.2012,America/New_York
ORG,SMZO,Zorg en Hoop Airport,Paramaribo,SR,5.81108,-55.1907,America/Paramaribo
ORH,KORH,Worcester Regional Airport,Worcester,US,42.2673,-71.8757,America/New_York
ORJ,SYOR,Orinduik Airport,Orinduik,GY,4.72527,-60.035,America/Boa_Vista
ORK,EICK,Cork Airport,Cork,IE,51.8413,-8.49111,Europe/Dublin
ORL,KORL,Orlando Executive Airport,Orlando,US,28.5455,-81.3329,America/New_York
ORM,EGBK,Sywell Aerodrome,Northampton,GB,52.3053,-0.79306,Europe/London
ORN,DAOO,Es Senia Airport,Oran,DZ,35.6239,-0.62118,Africa/Algiers
ORP,FBOR,Orapa Airport,Orapa,BW,-21.2667,25.3167,Africa/Gaborone
ORR,YYOR,Yorketown Airport,Yorketown,AU,-35.0,137.617,Australia/Adelaide
ORT,PAOR,Northway Airport,Northway,US,62.9613,-141.929,America/Anchorage
ORU,SLOR,Juan Mendoza Airport,Oruro,BO,-17.9626,-67.0762,America/La_Paz
ORV,PFNO,Robert (Bob) Curtis Memorial Airport,Noorvik,US,66.8179,-161.019,America/Anchorage
ORW,OPOR,Ormara Airport,Ormara Raik,PK,25.2747,64.586,Asia/Karachi
ORX,SNOX,Oriximina Airport,Oriximina,BR,-1.71408,-55.8362,America/Santarem
ORY,LFPO,Paris-Orly Airport,Paris,FR,48.7253,2.35944,Europe/Paris
OSB,ORBM,Mosul International Airport,Mosul,IQ,36.3058,43.1474,Asia/Baghdad
OSC,KOSC,Oscoda Wurtsmith Airport,Oscoda,US,44.4516,-83.3941,America/Detroit
OSD,ESNZ,Ostersund Airport,Ostersund,SE,63.1944,14.5003,Europe/Stockholm
OSE,AYOM,Omora Airport,Omora,PG,-7.82778,147.08064,Pacific/Port_Moresby
OSF,UUMO,Ostafyevo International Airport,Moscow,RU,55.5117,37.5072,Europe/Moscow
OSH,KOSH,Wittman Regional Airport,Oshkosh,US,43.9844,-88.557,America/Chicago
OSI,LDOS,Osijek Airport,Osijek,HR,45.4627,18.8102,Europe/Zagreb
OSK,ESMO,Oskarshamn Airport,Oskarshamn,SE,57.3505,16.498,Europe/Stockholm
OSL,ENGM,Oslo Gardermoen Airport,Oslo,NO,60.1939,11.1004,Europe/Oslo
OSN,RKSO,Osan Air Base,Pyeongtaek,KR,37.0906,127.03,Asia/Seoul
OSO,YOSB,Osborne Mine Airport,,AU,-22.0817,140.55499,Australia/Brisbane
OSR,LKMT,Ostrava Leos Janacek Airport,Ostrava,CZ,49.6963,18.1111,Europe/Prague
OSS,UCFO,Osh Airport,Osh,KG,40.609,72.79321,Asia/Bishkek
OST,EBOS,Ostend-Bruges International Airport,Ostend,BE,51.1989,2.86222,Europe/Brussels
OSU,KOSU,Ohio State University Airport,Columbus,US,40.0798,-83.073,America/New_York
OSW,UWOR,Orsk Airport,Orsk,RU,51.0725,58.5956,Asia/Yekaterinburg
OSX,KOSX,Kosciusko Attala County Airport,Kosciusko,US,33.0903,-89.542,America/Chicago
OSY,ENNM,Namsos Hoknesora Airport,Namsos,NO,64.4722,11.5786,Europe/Oslo
OSZ,EPKO,Koszalin Zegrze Airport,Koszalin,PL,54.0425,16.2656,Europe/Warsaw
OTC,FTTL,Bol Airport,Bol,TD,13.4433,14.7394,Africa/Ndjamena
OTG,KOTG,Worthington Municipal Airport,Worthington,US,43.6551,-95.5792,America/Chicago
OTH,KOTH,Southwest Oregon Regional Airport,North Bend,US,43.4171,-124.246,America/Los_Angeles
OTI,WAMR,Pitu Airport,Gotalalamo-Morotai Island,ID,2.04599,128.325,Asia/Jayapura
OTJ,FYOW,Otjiwarongo Airport,Otjiwarongo,NA,-20.4347,16.6608,Africa/Windhoek
OTK,KTMK,Tillamook Airport,Tillamook,US,45.4182,-123.814,America/Los_Angeles
OTL,GQNB,Boutilimit Airport,Boutilimit,MR,17.533,-14.683,Africa/Nouakchott
OTM,KOTM,Ottumwa Regional Airport,Ottumwa,US,41.1066,-92.4479,America/Chicago
OTP,LROP,Henri Coanda International Airport,Bucharest,RO,44.5722,26.1022,Europe/Bucharest
OTR,MRCC,Coto 47 Airport,Corredores,CR,8.60156,-82.9686,America/Costa_Rica
OTU,SKOT,Otu Airport,El Rhin,CO,7.01037,-74.7155,America/Bogota
OTZ,PAOT,Ralph Wien Memorial Airport,Kotzebue,US,66.8847,-162.599,America/Nome
OUA,DFFD,Ouagadougou Airport,Ouagadougou,BF,12.3532,-1.51242,Africa/Ouagadougou
OUD,GMFO,Angads Airport,Oujda,MA,34.7872,-1.92399,Africa/Casablanca
OUE,FCOU,Ouesso Airport,Ouesso,CG,1.61599,16.0379,Africa/Brazzaville
OUG,DFCC,Ouahigouya Airport,Ouahigouya,BF,13.567,-2.417,Africa/Ouagadougou
OUH,FAOH,Oudtshoorn Airport,Oudtshoorn,ZA,-33.607,22.189,Africa/Johannesburg
OUI,VLHS,Ban Huoeisay Airport,Ban Houayxay,LA,20.2573,100.437,Asia/Bangkok
OUL,EFOU,Oulu Airport,Oulu / Oulunsalo,FI,64.9301,25.3546,Europe/Helsinki
OUN,KOUN,University of Oklahoma Westheimer Airport,Norman,US,35.2456,-97.4721,America/Chicago
OUR,FKKI,Batouri Airport,Batouri,CM,4.475,14.3625,Africa/Douala
OUS,SDOU,Ourinhos Airport,Ourinhos,BR,-22.9665,-49.9133,America/Sao_Paulo
OUT,FTTS,Bousso Airport,Bousso,TD,10.483,16.717,Africa/Ndjamena
OUZ,GQPZ,Tazadit Airport,Zouerate,MR,22.7564,-12.4836,Africa/Nouakchott
OVA,FMSL,Bekily Airport,Bekily,MG,-24.23569,45.30453,Indian/Antananarivo
OVB,UNNT,Tolmachevo Airport,Novosibirsk,RU,55.0126,82.6507,Asia/Novosibirsk
OVD,LEAS,Asturias Airport,Ranon,ES,43.5636,-6.03462,Europe/Madrid
OVE,KOVE,Oroville Municipal Airport,Oroville,US,39.4878,-121.622,America/Los_Angeles
OVG,FAOB,Overberg Airport,Overberg,ZA,-34.5549,20.2507,Africa/Johannesburg
OVL,SCOV,El Tuqui Airport,Ovalle,CL,-30.5592,-71.1756,America/Santiago
OVR,SAZF,Olavarria Airport,Olavarria,AR,-36.89,-60.2166,America/Argentina/Buenos_Aires
OVS,USHS,Sovetskiy Airport,Sovetskiy,RU,61.32662,63.60191,Asia/Yekaterinburg
OWA,KOWA,Owatonna Degner Regional Airport,Owatonna,US,44.1234,-93.2606,America/Chicago
OWB,KOWB,Owensboro Daviess County Airport,Owensboro,US,37.7401,-87.1668,America/Chicago
OWD,KOWD,Norwood Memorial Airport,Norwood,US,42.1905,-71.1729,America/New_York
OWK,KOWK,Central Maine Arpt of Norridgewock Airport,Norridgewock,US,44.7155,-69.8665,America/New_York
OXB,GGOV,Osvaldo Vieira International Airport,Bissau,GW,11.8948,-15.6537,Africa/Bissau
OXC,KOXC,Waterbury Oxford Airport,Oxford,US,41.4786,-73.1352,America/New_York
OXD,KOXD,Miami University Airport,Oxford,US,39.5023,-84.7844,America/New_York
OXF,EGTK,Oxford (Kidlington) Airport,Kidlington,GB,51.8369,-1.32,Europe/London
OXP,SOOG,Saint-Georges-de-l'Oyapock Airport,Saint-Georges-de-l'Oyapock Airport,GF,3.8976,-51.8041,America/Belem
OXR,KOXR,Oxnard Airport,Oxnard,US,34.2008,-119.207,America/Los_Angeles
OXY,YMNY,Morney Airport,,AU,-25.3583,141.433,Australia/Brisbane
OYA,SATG,Goya Airport,Goya,AR,-29.1058,-59.2189,America/Argentina/Cordoba
OYE,FOGO,Oyem Airport,Oyem,GA,1.54311,11.5814,Africa/Libreville
OYK,SBOI,Oiapoque Airport,Oiapoque,BR,3.85549,-51.7969,America/Belem
OYL,HKMY,Moyale Airport,Moyale (Lower),KE,3.46972,39.1014,Africa/Nairobi
OYN,YOUY,Ouyen Airport,Ouyen,AU,-35.08901,142.35449,Australia/Melbourne
OYO,SAZH,Tres Arroyos Airport,Tres Arroyos,AR,-38.3869,-60.3297,America/Argentina/Buenos_Aires
OZA,KOZA,Ozona Municipal Airport,Ozona,US,30.7353,-101.203,America/Chicago
OZC,RPMO,Labo Airport,Ozamiz City,PH,8.17851,123.842,Asia/Manila
OZG,GMAZ,Zagora Airport,Zagora,MA,30.3203,-5.86667,Africa/Casablanca
OZH,UKDE,Zaporizhzhia International Airport,Zaporizhia,UA,47.867,35.3157,Europe/Kyiv
OZP,LEMO,Moron Air Base,Moron,ES,37.1749,-5.61594,Europe/Madrid
OZR,KOZR,Cairns AAF (Fort Rucker) Air Field,Fort Rucker/Ozark,US,31.2757,-85.7134,America/Chicago
OZZ,GMMZ,Ouarzazate Airport,Ouarzazate,MA,30.9391,-6.90943,Africa/Casablanca
PAA,VYPA,Hpa-N Airport,Hpa-N,MM,16.8937,97.6746,Asia/Yangon
PAB,VABI,Bilaspur Airport,Bilaspur,IN,21.9884,82.111,Asia/Kolkata
PAC,MPMG,Marcos A. Gelabert International Airport,Albrook,PA,8.97334,-79.5556,America/Panama
PAD,EDLP,Paderborn Lippstadt Airport,Paderborn,DE,51.6141,8.61632,Europe/Berlin
PAE,KPAE,Snohomish County (Paine Field) Airport,Everett,US,47.9063,-122.282,America/Los_Angeles
PAF,HUPA,Pakuba Airport,Pakuba,UG,2.20222,31.55444,Africa/Kampala
PAG,RPMP,Pagadian Airport,Pagadian City,PH,7.83073,123.46118,Asia/Manila
PAH,KPAH,Barkley Regional Airport,Paducah,US,37.0608,-88.7738,America/Chicago
PAJ,OPPC,Parachinar Airport,Parachinar,PK,33.9021,70.0716,Asia/Karachi
PAK,PHPA,Port Allen Airport,Hanapepe,US,21.8969,-159.603,Pacific/Honolulu
PAM,KPAM,Tyndall Air Force Base,Panama City,US,30.0696,-85.5754,America/Chicago
PAN,VTSK,Pattani Airport,Pattani,TH,6.78546,101.154,Asia/Bangkok
PAO,KPAO,Palo Alto Airport of Santa Clara County,Palo Alto,US,37.4611,-122.115,America/Los_Angeles
PAP,MTPP,Toussaint Louverture International Airport,Port-au-Prince,HT,18.58,-72.2925,America/Port-au-Prince
PAQ,PAAQ,Palmer Municipal Airport,Palmer,US,61.5949,-149.089,America/Anchorage
PAS,LGPA,Paros Airport,Paros Island,GR,37.0103,25.1281,Europe/Athens
PAT,VEPT,Lok Nayak Jayaprakash Airport,Patna,IN,25.5913,85.088,Asia/Kolkata
PAU,VYPK,Pauk Airport,Pauk,MM,21.4492,94.4869,Asia/Yangon
PAV,SBUF,Paulo Afonso Airport,Paulo Afonso,BR,-9.40088,-38.2506,America/Bahia
PAX,MTPX,Port-de-Paix Airport,Port-de-Paix,HT,19.9336,-72.8486,America/Port-au-Prince
PAY,WBKP,Pamol Airport,Pamol,MY,5.9993,117.39992,Asia/Kuching
PAZ,MMPA,El Tajin National Airport,Poza Rica,MX,20.6027,-97.4608,America/Mexico_City
PBA,SDLO,Fazenda Pontal Airport,Cairu,BR,-13.5648,-38.94,America/Bahia
PBB,SSPN,Paranaiba Airport,Paranaiba,BR,-19.6512,-51.1994,America/Campo_Grande
PBC,MMPB,Hermanos Serdan International Airport,Puebla,MX,19.1581,-98.3714,America/Mexico_City
PBD,VAPR,Porbandar Airport,Porbandar,IN,21.6487,69.6572,Asia/Kolkata
PBE,SKPR,Puerto Berrio Airport,Puerto Berrio,CO,6.46034,-74.4105,America/Bogota
PBF,KPBF,Grider Field,Pine Bluff,US,34.1731,-91.9356,America/Chicago
PBG,KPBG,Plattsburgh International Airport,Plattsburgh,US,44.6509,-73.4681,America/New_York
PBH,VQPR,Paro Airport,Paro,BT,27.4032,89.4246,Asia/Thimphu
PBI,KDJT,President Donald J. Trump International Airport (formerly: Palm Beach International Airport),West Palm Beach,US,26.6832,-80.0956,America/New_York
PBJ,NVSI,Tavie Airport,Paama Island,VU,-16.439,168.257,Pacific/Efate
PBL,SVPC,General Bartolome Salom International Airport,Puerto Cabello,VE,10.4805,-68.073,America/Caracas
PBM,SMJP,Johan Adolf Pengel International Airport,Zandery,SR,5.45283,-55.1878,America/Paramaribo
PBN,FNPA,Porto Amboim Airport,Port Amboim,AO,-10.722,13.7655,Africa/Luanda
PBO,YPBO,Paraburdoo Airport,Paraburdoo,AU,-23.1711,117.745,Australia/Perth
PBP,MRIA,Islita Airport,Nandayure,CR,9.85611,-85.3708,America/Costa_Rica
PBQ,SWPM,Pimenta Bueno Airport,Pimenta Bueno,BR,-11.6416,-61.1791,America/Porto_Velho
PBR,MGPB,Puerto Barrios Airport,Puerto Barrios,GT,15.7309,-88.5838,America/Guatemala
PBU,VYPT,Putao Airport,Putao,MM,27.3299,97.4263,Asia/Yangon
PBV,SWPG,Porto dos Gauchos Airport,Porto Dos Gauchos,BR,-11.51694,-57.33389,America/Cuiaba
PBX,SWPQ,Fazenda Piraguassu Airport,Porto Alegre Do Norte,BR,-10.86111,-51.685,America/Cuiaba
PBZ,FAPG,Plettenberg Bay Airport,Plettenberg Bay,ZA,-34.0903,23.3278,Africa/Johannesburg
PCA,PAOC,Portage Creek Airport,Portage Creek,US,58.9065,-157.714,America/Anchorage
PCB,WIHP,Pondok Cabe Air Base,Jakarta,ID,-6.33696,106.765,Asia/Jakarta
PCD,KPDC,Prairie Du Chien Municipal Airport,Prairie Du Chien,US,43.0193,-91.1237,America/Chicago
PCF,FAPS,Potchefstroom Airport,Potchefstroom,ZA,-26.671,27.0819,Africa/Johannesburg
PCG,MGPC,Paso Caballos Airport,Paso Caballos,GT,17.2639,-90.2563,America/Guatemala
PCH,MHPC,Palacios Airport,Palacios,HN,15.955,-84.94139,America/Tegucigalpa
PCL,SPCL,Cap FAP David Abenzur Rengifo International Airport,Pucallpa,PE,-8.37794,-74.5743,America/Lima
PCN,NZPN,Picton Aerodrome,Picton,NZ,-41.3461,173.95599,Pacific/Auckland
PCO,MMPL,Punta Colorada Airport,La Ribera,MX,23.57501,-109.53583,America/Mazatlan
PCP,FPPR,Principe Airport,Santo Antonio,ST,1.66294,7.41174,Africa/Sao_Tome
PCQ,VLFL,Boun Neau Airport,Boun Neau,LA,21.6475,101.9,Asia/Vientiane
PCR,SKPC,German Olano Airport,Puerto Carreno,CO,6.18472,-67.4932,America/Bogota
PCS,SNPC,Picos Airport,Picos,BR,-7.06206,-41.5237,America/Fortaleza
PDA,SKPD,Obando Airport,Puerto Inirida,CO,3.85353,-67.9062,America/Bogota
PDC,NWWQ,Mueo Airport,Mueo,NC,-21.3164,164.99899,Pacific/Noumea
PDD,FQPO,Ponta do Ouro Airport,Ponta do Ouro,MZ,-26.82855,32.83771,Africa/Maputo
PDE,YPDI,Pandie Pandie Airport,,AU,-26.1167,139.39999,Australia/Adelaide
PDF,SNRD,Prado Airport,Prado,BR,-17.2967,-39.2712,America/Bahia
PDG,WIEE,Minangkabau Airport,Ketaping/Padang-Sumatra Island,ID,-0.78692,100.281,Asia/Jakarta
PDI,AYPD,Pindiu Airport,Pindiu,PG,-6.44514,147.51583,Pacific/Port_Moresby
PDK,KPDK,DeKalb Peachtree Airport,Atlanta,US,33.8756,-84.302,America/New_York
PDL,LPPD,Joao Paulo II Airport,Ponta Delgada,PT,37.7412,-25.6979,Atlantic/Azores
PDN,YPDA,Parndana Airport,Parndana,AU,-35.807,137.264,Australia/Adelaide
PDO,WIPQ,Pendopo Airport,Talang Gudang-Sumatra Island,ID,-3.28607,103.88,Asia/Jakarta
PDP,SULS,Capitan Corbeta CA Curbelo International Airport,Punta del Este,UY,-34.8551,-55.0943,America/Montevideo
PDS,MMPG,Piedras Negras International Airport,Piedras Negras,MX,28.6274,-100.535,America/Matamoros
PDT,KPDT,Eastern Oregon Regional At Pendleton Airport,Pendleton,US,45.6951,-118.841,America/Los_Angeles
PDU,SUPU,Tydeo Larre Borges Airport,Paysandu,UY,-32.3633,-58.0619,America/Montevideo
PDV,LBPD,Plovdiv International Airport,Plovdiv,BG,42.0678,24.8508,Europe/Sofia
PDX,KPDX,Portland International Airport,Portland,US,45.5887,-122.598,America/Los_Angeles
PDZ,SVPE,Pedernales Airport,Pedernales,VE,9.97924,-62.2286,America/Caracas
PEA,YPSH,Penneshaw Airport,Ironstone,AU,-35.75585,137.96288,Australia/Adelaide
PED,LKPD,Pardubice Airport,Pardubice,CZ,50.0134,15.7386,Europe/Prague
PEE,USPP,Bolshoye Savino Airport,Perm,RU,57.9145,56.0212,Asia/Yekaterinburg
PEF,EDCP,Peenemunde Airport,Peenemunde,DE,54.15778,13.77444,Europe/Berlin
PEG,LIRZ,Perugia / San Egidio Airport,Perugia,IT,43.0959,12.5132,Europe/Rome
PEH,SAZP,Comodoro Pedro Zanni Airport,Pehuajo,AR,-35.8446,-61.8576,America/Argentina/Buenos_Aires
PEI,SKPE,Matecana International Airport,Pereira,CO,4.81267,-75.7395,America/Bogota
PEK,ZBAA,Beijing Capital International Airport,Beijing,CN,40.0801,116.585,Asia/Shanghai
PEL,FXPG,Pelaneng Airport,Pelaneng,LS,-29.1206,28.5053,Africa/Maseru
PEM,SPTU,Padre Aldamiz International Airport,Puerto Maldonado,PE,-12.6136,-69.2286,America/Lima
PEN,WMKP,Penang International Airport,Penang,MY,5.29714,100.277,Asia/Kuala_Lumpur
PEQ,KPEQ,Pecos Municipal Airport,Pecos,US,31.3824,-103.511,America/Chicago
PER,YPPH,Perth International Airport,Perth,AU,-31.9403,115.967,Australia/Perth
PES,ULPB,Petrozavodsk Airport,Petrozavodsk,RU,61.8852,34.1547,Europe/Moscow
PET,SBPK,Pelotas Airport,Pelotas,BR,-31.7184,-52.3277,America/Sao_Paulo
PEU,MHPL,Puerto Lempira Airport,Puerto Lempira,HN,15.2622,-83.7812,America/Tegucigalpa
PEV,LHPP,Pecs-Pogany Airport,Pecs-Pogany,HU,45.9909,18.241,Europe/Budapest
PEW,OPPS,Peshawar International Airport,Peshawar,PK,33.9939,71.5146,Asia/Karachi
PEX,UUYP,Pechora Airport,Pechora,RU,65.1211,57.1308,Europe/Moscow
PEZ,UWPP,Penza Airport,Penza,RU,53.1106,45.0211,Europe/Moscow
PFB,SBPF,Lauro Kurtz Airport,Passo Fundo,BR,-28.244,-52.3266,America/Sao_Paulo
PFC,KPFC,Pacific City State Airport,Pacific City,US,45.1998,-123.962,America/Los_Angeles
PFJ,BIPA,Patreksfjordur Airport,Patreksfjordur,IS,65.5558,-23.965,Atlantic/Reykjavik
PFN,KPFN,Panama City-Bay Co International Airport,Panama City,US,30.2121,-85.6828,America/Chicago
PFO,LCPH,Paphos International Airport,Paphos,CY,34.718,32.4857,Asia/Nicosia
PFQ,OITP,Parsabade Moghan Airport,Parsabad,IR,39.6036,47.8815,Asia/Tehran
PFR,FZVS,Ilebo Airport,Ilebo,CD,-4.333,20.583,Africa/Lubumbashi
PGA,KPGA,Page Municipal Airport,Page,US,36.9261,-111.448,America/Phoenix
PGC,KW99,Grant County Airport,Petersburg,US,38.99494,-79.14586,America/New_York
PGD,KPGD,Punta Gorda Airport,Punta Gorda,US,26.9202,-81.9905,America/New_York
PGF,LFMP,Perpignan-Rivesaltes (Llabanere) Airport,Perpignan/Rivesaltes,FR,42.7404,2.87067,Europe/Paris
PGH,VIPT,Pantnagar Airport,Pantnagar,IN,29.0334,79.4737,Asia/Kolkata
PGI,FNCH,Chitato Airport,Chitato,AO,-7.35889,20.8047,Africa/Luanda
PGK,WIPK,Pangkal Pinang (Depati Amir) Airport,Pangkal Pinang-Palaubangka Island,ID,-2.1622,106.139,Asia/Jakarta
PGL,KPQL,Trent Lott International Airport,Pascagoula,US,30.4628,-88.5292,America/Chicago
PGO,KPSO,Stevens Field,Pagosa Springs,US,37.2863,-107.056,America/Denver
PGR,KPGR,Kirk Field,Paragould,US,36.0629,-90.5078,America/Chicago
PGU,OIBP,Persian Gulf International Airport,Asalouyeh,IR,27.3796,52.7377,Asia/Tehran
PGV,KPGV,Pitt Greenville Airport,Greenville,US,35.6352,-77.3853,America/New_York
PGX,LFBX,Perigueux-Bassillac Airport,Perigueux/Bassillac,FR,45.1981,0.81556,Europe/Paris
PGZ,SSZW,Ponta Grossa Airport,Ponta Grossa,BR,-25.1847,-50.1441,America/Sao_Paulo
PHA,VVPR,Phan Rang Airport,Phan Rang,VN,11.6335,108.952,Asia/Ho_Chi_Minh
PHB,SBPB,Prefeito Doutor Joao Silva Filho Airport,Parnaiba,BR,-2.89375,-41.732,America/Fortaleza
PHC,DNPO,Port Harcourt International Airport,Port Harcourt,NG,5.01549,6.94959,Africa/Lagos
PHD,KPHD,Harry Clever Field,New Philadelphia,US,40.4709,-81.4197,America/New_York
PHE,YPPD,Port Hedland International Airport,Port Hedland,AU,-20.3778,118.626,Australia/Perth
PHF,KPHF,Newport News Williamsburg International Airport,Newport News,US,37.1319,-76.493,America/New_York
PHH,VNPR,Pokhara International Airport,Pokhara,NP,28.18451,84.01325,Asia/Kathmandu
PHI,SNYE,Pinheiro Airport,Pinheiro,BR,-2.48361,-45.06722,America/Fortaleza
PHK,KPHK,Palm Beach Co Glades Airport,Pahokee,US,26.785,-80.6934,America/New_York
PHL,KPHL,Philadelphia International Airport,Philadelphia,US,39.8719,-75.2411,America/New_York
PHN,KPHN,St Clair County International Airport,Port Huron,US,42.911,-82.5289,America/Detroit
PHO,PAPO,Point Hope Airport,Point Hope,US,68.3488,-166.799,America/Nome
PHP,KPHP,Philip Airport,Philip,US,44.0486,-101.599,America/Denver
PHQ,YTMO,The Monument Airport,,AU,-21.8111,139.924,Australia/Brisbane
PHS,VTPP,Phitsanulok Airport,Phitsanulok,TH,16.7829,100.279,Asia/Bangkok
PHT,KPHT,Henry County Airport,Paris,US,36.3382,-88.3829,America/Chicago
PHW,FAPH,Hendrik Van Eck Airport,Phalaborwa,ZA,-23.9372,31.1554,Africa/Johannesburg
PHX,KPHX,Phoenix Sky Harbor International Airport,Phoenix,US,33.4343,-112.012,America/Phoenix
PHY,VTPB,Phetchabun Airport,Phetchabun,TH,16.676,101.195,Asia/Bangkok
PIA,KPIA,Greater Peoria Regional Airport,Peoria,US,40.6642,-89.6933,America/Chicago
PIB,KPIB,Hattiesburg Laurel Regional Airport,Hattiesburg/Laurel,US,31.4671,-89.3371,America/Chicago
PIC,MBPI,Pine Cay Airport,Pine Cay,TC,21.9,-72.1,America/Grand_Turk
PID,MYPI,Nassau Paradise Island Airport,Nassau,BS,25.083,-77.3,America/Nassau
PIE,KPIE,St Petersburg Clearwater International Airport,St Petersburg-Clearwater,US,27.9102,-82.6874,America/New_York
PIF,RCSQ,Pingtung North Airport,Pingtung,TW,22.7002,120.482,Asia/Taipei
PIH,KPIH,Pocatello Regional Airport,Pocatello,US,42.9098,-112.596,America/Boise
PIK,EGPK,Glasgow Prestwick Airport,Glasgow,GB,55.5094,-4.58667,Europe/London
PIL,SGPI,Carlos Miguel Gimenez Airport,Pilar,PY,-26.88,-58.32,America/Argentina/Cordoba
PIM,KPIM,Harris County Airport,Pine Mountain,US,32.8407,-84.8824,America/New_York
PIN,SWPI,Parintins Airport,Parintins,BR,-2.67302,-56.7772,America/Manaus
PIO,SPSO,Capitan FAP Renan Elias Olivera International Airport,Pisco,PE,-13.7449,-76.2203,America/Lima
PIP,PAPN,Pilot Point Airport,Pilot Point,US,57.5804,-157.57201,America/Anchorage
PIR,KPIR,Pierre Regional Airport,Pierre,US,44.3827,-100.286,America/Chicago
PIS,LFBI,Poitiers-Biard Airport,Poitiers/Biard,FR,46.5877,0.30667,Europe/Paris
PIT,KPIT,Pittsburgh International Airport,Pittsburgh,US,40.4915,-80.2329,America/New_York
PIU,SPUR,Capitan FAP Guillermo Concha Iberico International Airport,Piura,PE,-5.20575,-80.6164,America/Lima
PIV,SNPX,Pirapora Airport,Pirapora,BR,-17.3169,-44.8603,America/Sao_Paulo
PIW,CZMN,Pikwitonei Airport,Pikwitonei,CA,55.5889,-97.1642,America/Winnipeg
PIX,LPPI,Pico Airport,Pico Island,PT,38.5543,-28.4413,Atlantic/Azores
PIZ,PPIZ,Point Lay Lrrs Airport,Point Lay,US,69.7329,-163.005,America/Nome
PJA,ESUP,Pajala Airport,Pajala,SE,67.2456,23.0689,Europe/Stockholm
PJB,KPAN,Payson Airport,Payson,US,34.2568,-111.339,America/Phoenix
PJC,SGPJ,Dr Augusto Roberto Fuster International Airport,Pedro Juan Caballero,PY,-22.64,-55.83,America/Asuncion
PJG,OPPG,Panjgur Airport,Panjgur,PK,26.9545,64.1325,Asia/Karachi
PJM,MRPJ,Puerto Jimenez Airport,Puerto Jimenez,CR,8.53333,-83.3,America/Costa_Rica
PKA,PAPK,Napaskiak Airport,Napaskiak,US,60.7029,-161.778,America/Anchorage
PKB,KPKB,Mid Ohio Valley Regional Airport,Parkersburg,US,39.3451,-81.4392,America/New_York
PKC,UHPP,Yelizovo Airport,Petropavlovsk-Kamchatsky,RU,53.1679,158.45399,Asia/Kamchatka
PKD,KPKD,Park Rapids Municipal Konshok Field,Park Rapids,US,46.9006,-95.0731,America/Chicago
PKE,YPKS,Parkes Airport,Parkes,AU,-33.1314,148.239,Australia/Sydney
PKF,KPKF,Park Falls Municipal Airport,Park Falls,US,45.955,-90.4244,America/Chicago
PKG,WMPA,Pulau Pangkor Airport,Pangkor Island,MY,4.24472,100.553,Asia/Kuala_Lumpur
PKH,LGHL,Porto Cheli Airport,Porto Cheli,GR,37.2975,23.1478,Europe/Athens
PKJ,MGPG,Playa Grande Airport,Playa Grande,GT,15.9975,-90.7417,America/Guatemala
PKK,VYPU,Pakhokku Airport,Pakhokku,MM,21.4043,95.11125,Asia/Yangon
PKN,WAOI,Iskandar Airport,Pangkalanbun-Borneo Island,ID,-2.7052,111.673,Asia/Pontianak
PKO,DBBP,Parakou Airport,Parakou,BJ,9.35769,2.60968,Africa/Porto-Novo
PKP,NTGP,Puka Puka Airport,,PF,-14.8095,-138.813,Pacific/Tahiti
PKR,VNPK,Pokhara Airport,Pokhara,NP,28.2009,83.9821,Asia/Kathmandu
PKT,YPKT,Port Keats Airport,Wadeye,AU,-14.25,129.52901,Australia/Darwin
PKU,WIBB,Sultan Syarif Kasim Ii (Simpang Tiga) Airport,Pekanbaru-Sumatra Island,ID,0.46079,101.445,Asia/Jakarta
PKV,ULOO,Pskov Airport,Pskov,RU,57.7839,28.3956,Europe/Moscow
PKW,FBSP,Selebi Phikwe Airport,Selebi Phikwe,BW,-22.0583,27.8288,Africa/Gaborone
PKX,ZBAD,Beijing Daxing International Airport,Beijing,CN,39.50917,116.41056,Asia/Shanghai
PKY,WAOP,Tjilik Riwut Airport,Palangkaraya-Kalimantan Tengah,ID,-2.22513,113.943,Asia/Pontianak
PKZ,VLPS,Pakse International Airport,Pakse,LA,15.1321,105.781,Asia/Vientiane
PLD,MRSR,Playa Samara Airport,Playa Samara,CR,10.25,-85.417,America/Costa_Rica
PLF,FTTP,Pala Airport,Pala,TD,9.37806,14.925,Africa/Ndjamena
PLH,EGHD,Plymouth City Airport,Plymouth,GB,50.4228,-4.10583,Europe/London
PLK,KPLK,M. Graham Clark-Taney County Airport,Point Lookout,US,36.6259,-93.2289,America/Chicago
PLL,SBMN,Ponta Pelada Airport,Manaus,BR,-3.14604,-59.9863,America/Manaus
PLM,WIPP,Sultan Mahmud Badaruddin Ii Airport,Palembang-Sumatra Island,ID,-2.89825,104.7,Asia/Jakarta
PLN,KPLN,Pellston Regional Airport of Emmet County Airport,Pellston,US,45.5709,-84.7967,America/Detroit
PLO,YPLC,Port Lincoln Airport,Port Lincoln,AU,-34.6053,135.88,Australia/Adelaide
PLP,MPLP,Captain Ramon Xatruch Airport,La Palma,PA,8.40667,-78.1417,America/Panama
PLQ,EYPA,Palanga International Airport,Palanga,LT,55.9732,21.0939,Europe/Vilnius
PLR,KPLR,St Clair County Airport,Pell City,US,33.5588,-86.2491,America/Chicago
PLS,MBPV,Providenciales Airport,Providenciales Island,TC,21.7736,-72.2659,America/Grand_Turk
PLT,SKPL,Plato Airport,Plato,CO,9.8,-74.7833,America/Bogota
PLU,SBBH,Pampulha - Carlos Drummond de Andrade Airport,Belo Horizonte,BR,-19.8512,-43.9506,America/Sao_Paulo
PLV,UKHP,Suprunovka Airport,Poltava,UA,49.5686,34.3972,Europe/Kyiv
PLW,WAML,Mutiara Airport,Palu-Celebes Island,ID,-0.91854,119.91,Asia/Makassar
PLX,UASS,Semey Airport,Semey,KZ,50.35139,80.23444,Asia/Almaty
PLZ,FAPE,Port Elizabeth Airport,Port Elizabeth,ZA,-33.9849,25.6173,Africa/Johannesburg
PMA,HTPE,Pemba Airport,Chake,TZ,-5.25726,39.8114,Africa/Dar_es_Salaam
PMB,KPMB,Pembina Municipal Airport,Pembina,US,48.9425,-97.2408,America/Chicago
PMC,SCTE,El Tepual Airport,Puerto Montt,CL,-41.4389,-73.094,America/Santiago
PMD,KPMD,Palmdale Regional/USAF Plant 42 Airport,Palmdale,US,34.6294,-118.085,America/Los_Angeles
PMF,LIMP,Parma Airport,Parma,IT,44.8245,10.2964,Europe/Rome
PMG,SBPP,Ponta Pora Airport,Ponta Pora,BR,-22.5496,-55.7026,America/Asuncion
PMH,KPMH,Greater Portsmouth Regional Airport,Portsmouth,US,38.8405,-82.8473,America/New_York
PMI,LEPA,Palma De Mallorca Airport,Palma De Mallorca,ES,39.5517,2.73881,Europe/Madrid
PMK,YPAM,Palm Island Airport,Palm Island,AU,-18.7553,146.58099,Australia/Brisbane
PML,PAAL,Port Moller Airport,Cold Bay,US,56.006,-160.561,America/Anchorage
PMO,LICJ,Palermo / Punta Raisi Airport,Palermo,IT,38.176,13.091,Europe/Rome
PMQ,SAWP,Perito Moreno Airport,Perito Moreno,AR,-46.5379,-70.9787,America/Argentina/Rio_Gallegos
PMR,NZPM,Palmerston North Airport,Palmerston North,NZ,-40.3206,175.617,Pacific/Auckland
PMS,OSPR,Palmyra Airport,Palmyra,SY,34.5574,38.3169,Asia/Damascus
PMV,SVMG,Del Caribe Santiago Marino International Airport,Isla Margarita,VE,10.9126,-63.9666,America/Caracas
PMW,SBPJ,Brigadeiro Lysias Rodrigues Airport,Palmas,BR,-10.2915,-48.357,America/Araguaina
PMY,SAVY,El Tehuelche Airport,Puerto Madryn,AR,-42.7592,-65.1027,America/Argentina/Catamarca
PMZ,MRPM,Palmar Sur Airport,Palmar Sur,CR,8.95103,-83.4686,America/Costa_Rica
PNA,LEPP,Pamplona Airport,Pamplona,ES,42.77,-1.64633,Europe/Madrid
PNB,SBPN,Porto Nacional Airport,Porto Nacional,BR,-10.7194,-48.3997,America/Araguaina
PNC,KPNC,Ponca City Regional Airport,Ponca City,US,36.732,-97.0998,America/Chicago
PNE,KPNE,Northeast Philadelphia Airport,Philadelphia,US,40.0819,-75.0106,America/New_York
PNG,SSPG,Paranagua Airport,Paranagua,BR,-25.5401,-48.5312,America/Sao_Paulo
PNH,VDPP,Phnom Penh International Airport,Phnom Penh,KH,11.5466,104.844,Asia/Phnom_Penh
PNI,PTPN,Pohnpei International Airport,Pohnpei Island,FM,6.9851,158.209,Pacific/Pohnpei
PNK,WIOO,Supadio Airport,Pontianak-Borneo Island,ID,-0.15071,109.404,Asia/Pontianak
PNL,LICG,Pantelleria Airport,Pantelleria,IT,36.8165,11.9689,Europe/Rome
PNN,KPNN,Princeton Municipal Airport,Princeton,US,45.2007,-67.5644,America/New_York
PNP,AYGR,Girua Airport,Popondetta,PG,-8.80454,148.30901,Pacific/Port_Moresby
PNQ,VAPO,Pune Airport,Pune,IN,18.5821,73.9197,Asia/Kolkata
PNR,FCPP,Pointe Noire Airport,Pointe Noire,CG,-4.81603,11.8866,Africa/Brazzaville
PNS,KPNS,Pensacola Regional Airport,Pensacola,US,30.4734,-87.1866,America/Chicago
PNT,SCNT,Tte. Julio Gallardo Airport,Puerto Natales,CL,-51.6715,-72.5284,America/Punta_Arenas
PNV,EYPP,Panevezys Air Base,Panevezys,LT,55.7294,24.4608,Europe/Vilnius
PNX,KGYI,North Texas Rgnl/Perrin Field,Sherman/Denison,US,33.7141,-96.6737,America/Chicago
PNY,VOPC,Pondicherry Airport,Puducherry,IN,11.9687,79.8101,Asia/Kolkata
PNZ,SBPL,Senador Nilo Coelho Airport,Petrolina,BR,-9.36241,-40.5691,America/Recife
POA,SBPA,Salgado Filho Airport,Porto Alegre,BR,-29.9944,-51.1714,America/Sao_Paulo
POB,KPOB,Pope Air Force Base,Fayetteville,US,35.1709,-79.0145,America/New_York
POC,KPOC,Brackett Field,La Verne,US,34.0916,-117.782,America/Los_Angeles
POD,GOSP,Podor Airport,Podor,SN,16.683,-14.967,Africa/Dakar
POE,KPOE,Polk Army Air Field,Fort Polk,US,31.0448,-93.1917,America/Chicago
POF,KPOF,Poplar Bluff Regional Business Airport,Poplar Bluff,US,36.7739,-90.3249,America/Chicago
POG,FOOG,Port Gentil Airport,Port Gentil,GA,-0.71174,8.75438,Africa/Libreville
POH,KPOH,Pocahontas Municipal Airport,Pocahontas,US,42.7428,-94.6473,America/Chicago
POI,SLPO,Capitan Nicolas Rojas Airport,Potosi,BO,-19.5431,-65.7237,America/La_Paz
POJ,SNPD,Patos de Minas Airport,Patos De Minas,BR,-18.6728,-46.4912,America/Sao_Paulo
POL,FQPB,Pemba Airport,Pemba / Porto Amelia,MZ,-12.99176,40.52401,Africa/Maputo
POM,AYPY,Port Moresby Jacksons International Airport,Port Moresby,PG,-9.44338,147.22,Pacific/Port_Moresby
PON,MGPP,Poptun Airport,Poptun,GT,16.3258,-89.4161,America/Guatemala
POO,SBPC,Pocos de Caldas Airport,Pocos De Caldas,BR,-21.843,-46.5679,America/Sao_Paulo
POP,MDPP,Gregorio Luperon International Airport,Puerto Plata,DO,19.7579,-70.57,America/Santo_Domingo
POR,EFPO,Pori Airport,Pori,FI,61.4617,21.8,Europe/Helsinki
POS,TTPP,Piarco International Airport,Port of Spain,TT,10.5954,-61.3372,America/Port_of_Spain
POT,MKKJ,Ken Jones Airport,Ken Jones,JM,18.1988,-76.5345,America/Jamaica
POU,KPOU,Hudson Valley Regional Airport,Poughkeepsie,US,41.6266,-73.8842,America/New_York
POV,LZPW,Presov Air Base,Presov,SK,49.0297,21.3156,Europe/Bratislava
POW,LJPZ,Portoroz Airport,Portoroz,SI,45.4734,13.615,Europe/Ljubljana
POX,LFPT,Pontoise - Cormeilles-en-Vexin Airport,Pontoise,FR,49.0966,2.04083,Europe/Paris
POY,KPOY,Powell Municipal Airport,Powell,US,44.8672,-108.793,America/Denver
POZ,EPPO,Poznan-Lawica Airport,Poznan,PL,52.421,16.8263,Europe/Warsaw
PPA,KPPA,Perry Lefors Field,Pampa,US,35.613,-100.996,America/Chicago
PPB,SBDN,Presidente Prudente Airport,Presidente Prudente,BR,-22.1751,-51.4246,America/Sao_Paulo
PPC,PAPR,Prospect Creek Airport,Prospect Creek,US,66.8141,-150.644,America/Anchorage
PPE,MMPE,Puerto Penasco International Airport,Puerto Penasco,MX,31.3562,-113.52568,America/Hermosillo
PPF,KPPF,Tri City Airport,Parsons,US,37.3299,-95.5062,America/Chicago
PPG,NSTU,Pago Pago International Airport,Pago Pago,AS,-14.331,-170.71001,Pacific/Pago_Pago
PPH,SVPH,Perai Tepuy Airport,Parai-tepui,VE,4.56667,-61.48333,America/Caracas
PPI,YPIR,Port Pirie Airport,Port Pirie,AU,-33.2389,137.995,Australia/Adelaide
PPJ,WIIG,Pulau Panjang Airport,Tjipara-Java Island,ID,-5.64444,106.5625,Asia/Jakarta
PPK,UACP,Petropavlosk South Airport,Petropavlosk,KZ,54.7747,69.1839,Asia/Almaty
PPL,VNPL,Phaplu Airport,Phaplu,NP,27.51779,86.58445,Asia/Kathmandu
PPM,KPMP,Pompano Beach Airpark,Pompano Beach,US,26.2471,-80.1111,America/New_York
PPN,SKPP,Guillermo Leon Valencia Airport,Popayan,CO,2.4544,-76.6093,America/Bogota
PPP,YBPN,Proserpine Whitsunday Coast Airport,Proserpine,AU,-20.495,148.552,Australia/Brisbane
PPQ,NZPP,Paraparaumu Airport,Paraparaumu,NZ,-40.9047,174.989,Pacific/Auckland
PPR,WIDE,Pasir Pangaraan Airport,Pasir Pengarayan-Sumatra Island,ID,0.84543,100.37,Asia/Jakarta
PPS,RPVP,Puerto Princesa Airport,Puerto Princesa City,PH,9.74212,118.759,Asia/Manila
PPT,NTAA,Faa'a International Airport,Papeete,PF,-17.5537,-149.60699,Pacific/Tahiti
PPU,VYPP,Hpapun Airport,Pa Pun,MM,18.0667,97.4498,Asia/Yangon
PPW,EGEP,Papa Westray Airport,Papa Westray,GB,59.3517,-2.90028,Europe/London
PPY,SNZA,Pouso Alegre Airport,Pouso Alegre,BR,-22.2892,-45.9191,America/Sao_Paulo
PQC,VVPQ,Phu Quoc Airport,Duong Dong,VN,10.16776,103.99545,Asia/Ho_Chi_Minh
PQE,SKPQ,German Olano Air Base,La Dorada,CO,5.48361,-74.6574,America/Bogota
PQI,KPQI,Presque Isle International Airport,Presque Isle,US,46.689,-68.0448,America/New_York
PQM,MMPQ,Palenque International Airport,Palenque,MX,17.5334,-91.9845,America/Mexico_City
PQQ,YPMQ,Port Macquarie Airport,Port Macquarie,AU,-31.4358,152.86301,Australia/Sydney
PRA,SAAP,General Urquiza Airport,Parana,AR,-31.7948,-60.4804,America/Argentina/Cordoba
PRB,KPRB,Paso Robles Municipal Airport,Paso Robles,US,35.6729,-120.627,America/Los_Angeles
PRC,KPRC,Ernest A. Love Field,Prescott,US,34.6545,-112.42,America/Phoenix
PRD,YPDO,Pardoo Airport,Pardoo,AU,-20.1175,119.59,Australia/Perth
PRG,LKPR,Vaclav Havel Airport,Prague,CZ,50.1008,14.26,Europe/Prague
PRH,VTCP,Phrae Airport,Phrae,TH,18.1322,100.165,Asia/Bangkok
PRI,FSPP,Praslin Airport,Praslin Island,SC,-4.31929,55.6914,Indian/Mahe
PRK,FAPK,Prieska Airport,Prieska,ZA,-29.6836,22.7706,Africa/Johannesburg
PRM,LPPM,Portimao Airport,Portimao,PT,37.1493,-8.58396,Europe/Lisbon
PRN,BKPR,Pristina International Airport,Prishtina,KS,42.5728,21.0358,Europe/Belgrade
PRO,KPRO,Perry Municipal Airport,Perry,US,41.828,-94.1599,America/Chicago
PRP,LFKO,Propriano Airport,Propriano,FR,41.6606,8.88975,Europe/Paris
PRQ,SARS,Termal Airport,Presidencia Roque Saenz Pena,AR,-26.75361,-60.49222,America/Argentina/Cordoba
PRR,SYPR,Paruma Airport,Paruma,GY,5.81545,-61.0554,America/Guyana
PRS,AGGP,Parasi Airport,Parasi,SB,-9.64167,161.425,Pacific/Guadalcanal
PRU,VYPY,Pyay Airport,Pye,MM,18.8245,95.266,Asia/Yangon
PRV,LKPO,Prerov Air Base,Prerov,CZ,49.4258,17.4047,Europe/Prague
PRX,KPRX,Cox Field,Paris,US,33.6366,-95.4508,America/Chicago
PRY,FAWB,Wonderboom Airport,Pretoria,ZA,-25.6539,28.2242,Africa/Johannesburg
PSA,LIRP,Pisa / San Giusto - Galileo Galilei International Airport,Pisa,IT,43.6839,10.3927,Europe/Rome
PSB,KPSB,Mid State Airport,Philipsburg,US,40.8844,-78.0873,America/New_York
PSC,KPSC,Tri Cities Airport,Pasco,US,46.2647,-119.119,America/Los_Angeles
PSD,HEPS,Port Said Airport,Port Said,EG,31.2794,32.24,Africa/Cairo
PSE,TJPS,Mercedita Airport,Ponce,PR,18.0083,-66.563,America/Puerto_Rico
PSF,KPSF,Pittsfield Municipal Airport,Pittsfield,US,42.4268,-73.2929,America/New_York
PSG,PAPG,Petersburg James A Johnson Airport,Petersburg,US,56.8017,-132.94501,America/Sitka
PSH,EDXO,St. Peter-Ording Airport,Sankt Peter-Ording,DE,54.30889,8.68694,Europe/Berlin
PSI,OPPI,Pasni Airport,Pasni,PK,25.2905,63.3451,Asia/Karachi
PSJ,WAMP,Kasiguncu Airport,Poso-Celebes Island,ID,-1.41675,120.658,Asia/Makassar
PSK,KPSK,New River Valley Airport,Dublin,US,37.1373,-80.6785,America/New_York
PSL,EGPT,Perth/Scone Airport,Perth,GB,56.4392,-3.37222,Europe/London
PSM,KPSM,Portsmouth International at Pease Airport,Portsmouth,US,43.0779,-70.8233,America/New_York
PSN,KPSN,Palestine Municipal Airport,Palestine,US,31.7797,-95.7063,America/Chicago
PSO,SKPS,Antonio Narino Airport,Pasto,CO,1.39625,-77.2915,America/Bogota
PSP,KPSP,Palm Springs International Airport,Palm Springs,US,33.8297,-116.507,America/Los_Angeles
PSR,LIBP,Pescara International Airport,Pescara,IT,42.4317,14.1811,Europe/Rome
PSS,SARP,Libertador Gral D Jose De San Martin Airport,Posadas,AR,-27.3858,-55.9707,America/Argentina/Cordoba
PSU,WIOP,Pangsuma Airport,Putussibau-Borneo Island,ID,0.83558,112.937,Asia/Pontianak
PSW,SNOS,Municipal Jose Figueiredo Airport,Passos,BR,-20.7322,-46.6618,America/Sao_Paulo
PSX,KPSX,Palacios Municipal Airport,Palacios,US,28.7275,-96.251,America/Chicago
PSY,SFAL,Stanley Airport,Stanley,FK,-51.6857,-57.7776,Atlantic/Stanley
PSZ,SLPS,Capitan Av. Salvador Ogaya G. airport,Puerto Suarez,BO,-18.9753,-57.8206,America/La_Paz
PTA,PALJ,Port Alsworth Airport,Port Alsworth,US,60.2043,-154.319,America/Anchorage
PTB,KPTB,Dinwiddie County Airport,Petersburg,US,37.1838,-77.5074,America/New_York
PTF,NFFO,Malolo Lailai Island Airport,Malolo Lailai Island,FJ,-17.7779,177.19701,Pacific/Fiji
PTG,FAPP,Polokwane International Airport,Potgietersrus,ZA,-23.8453,29.4586,Africa/Johannesburg
PTH,PAPH,Port Heiden Airport,Port Heiden,US,56.9591,-158.633,America/Anchorage
PTJ,YPOD,Portland Airport,Portland,AU,-38.3181,141.47099,Australia/Melbourne
PTK,KPTK,Oakland County International Airport,Pontiac,US,42.6655,-83.4201,America/Detroit
PTM,SVPT,Palmarito Airport,Palmarito,VE,7.56667,-70.1833,America/Caracas
PTN,KPTN,Harry P Williams Memorial Airport,Patterson,US,29.7095,-91.339,America/Chicago
PTO,SSPB,Pato Branco Airport,Pato Branco,BR,-26.2178,-52.6943,America/Sao_Paulo
PTP,TFFR,Pointe-a-Pitre Le Raizet,Pointe-a-Pitre Le Raizet,GP,16.2653,-61.5318,America/Guadeloupe
PTQ,SNMZ,Porto de Moz Airport,Porto De Moz,BR,-1.74145,-52.2361,America/Belem
PTS,KPTS,Atkinson Municipal Airport,Pittsburg,US,37.4495,-94.7311,America/Chicago
PTT,KPTT,Pratt Industrial Airport,Pratt,US,37.7016,-98.7469,America/Chicago
PTU,PAPM,Platinum Airport,Platinum,US,59.0114,-161.82001,America/Anchorage
PTV,KPTV,Porterville Municipal Airport,Porterville,US,36.0296,-119.063,America/Los_Angeles
PTW,KPTW,Heritage Field,Pottstown,US,40.2396,-75.5567,America/New_York
PTX,SKPI,Pitalito Airport,Pitalito,CO,1.85777,-76.0857,America/Bogota
PTY,MPTO,Tocumen International Airport,Tocumen,PA,9.07136,-79.3835,America/Panama
PTZ,SESM,Rio Amazonas Airport,Shell Mera,EC,-1.50524,-78.0627,America/Guayaquil
PUB,KPUB,Pueblo Memorial Airport,Pueblo,US,38.2891,-104.497,America/Denver
PUC,KPUC,Carbon County Regional/Buck Davis Field,Price,US,39.6139,-110.751,America/Denver
PUD,SAWD,Puerto Deseado Airport,Puerto Deseado,AR,-47.7353,-65.9041,America/Argentina/Rio_Gallegos
PUE,MPOA,Puerto Obaldia Airport,Puerto Obaldia,PA,8.68626,-77.5244,America/Panama
PUF,LFBP,Pau Pyrenees Airport,Pau/Pyrenees (Uzein),FR,43.38,-0.41861,Europe/Paris
PUG,YPAG,Port Augusta Airport,Port Augusta,AU,-32.5069,137.717,Australia/Adelaide
PUJ,MDPC,Punta Cana International Airport,Punta Cana,DO,18.5674,-68.3634,America/Santo_Domingo
PUK,NTGQ,Pukarua Airport,Pukarua,PF,-18.2956,-137.017,Pacific/Tahiti
PUN,FZOP,Punia Airport,Punia,CD,-1.367,26.333,Africa/Lubumbashi
PUP,DFCP,Po Airport,Po,BF,11.15,-1.15,Africa/Ouagadougou
PUQ,SCCI,Pdte. Carlos Ibanez del Campo Airport,Punta Arenas,CL,-53.0026,-70.8546,America/Punta_Arenas
PUR,SLPR,Puerto Rico Airport,Puerto Rico/Manuripi,BO,-11.10766,-67.55116,America/La_Paz
PUS,RKPK,Gimhae International Airport,Busan,KR,35.1795,128.938,Asia/Seoul
PUU,SKAS,Tres De Mayo Airport,Puerto Asis,CO,0.50523,-76.5008,America/Bogota
PUV,NWWP,Poum Airport,Poum,NC,-20.2892,164.099,Pacific/Noumea
PUW,KPUW,Pullman Moscow Regional Airport,Pullman/Moscow,US,46.7439,-117.11,America/Los_Angeles
PUX,SCPV,El Mirador Airport,Puerto Varas,CL,-41.3494,-72.9467,America/Santiago
PUY,LDPL,Pula Airport,Pula,HR,44.8935,13.9222,Europe/Zagreb
PUZ,MNPC,Puerto Cabezas Airport,Puerto Cabezas,NI,14.0472,-83.3867,America/Managua
PVA,SKPV,El Embrujo Airport,Providencia,CO,13.3569,-81.3583,America/Bogota
PVC,KPVC,Provincetown Municipal Airport,Provincetown,US,42.0719,-70.2214,America/New_York
PVD,KPVD,Rhode Island TF Green International Airport,Providence,US,41.7326,-71.4204,America/New_York
PVE,MPVR,El Porvenir Airport,El Porvenir,PA,9.56342,-79.0041,America/Panama
PVF,KPVF,Placerville Airport,Placerville,US,38.7242,-120.753,America/Los_Angeles
PVG,ZSPD,Shanghai Pudong International Airport,Shanghai,CN,31.1434,121.805,Asia/Shanghai
PVH,SBPV,Governador Jorge Teixeira de Oliveira Airport,Porto Velho,BR,-8.70929,-63.9023,America/Porto_Velho
PVI,SSPI,Paranavai Airport,Paranavai,BR,-23.0899,-52.4885,America/Sao_Paulo
PVK,LGPZ,Aktion National Airport,Preveza/Lefkada,GR,38.9255,20.7653,Europe/Athens
PVL,KPBX,Pike County-Hatcher Field,Pikeville,US,37.5618,-82.5664,America/New_York
PVN,LBPL,Dolna Mitropoliya Air Base,Dolna Mitropoliya,BG,43.4514,24.5028,Europe/Sofia
PVO,SEPV,Reales Tamarindos Airport,Portoviejo,EC,-1.04165,-80.4722,America/Guayaquil
PVR,MMPR,Licenciado Gustavo Diaz Ordaz International Airport,Puerto Vallarta,MX,20.6801,-105.254,America/Bahia_Banderas
PVS,UHMD,Provideniya Bay Airport,Chukotka,RU,64.3781,-173.243,Asia/Anadyr
PVU,KPVU,Provo Municipal Airport,Provo,US,40.2192,-111.723,America/Denver
PVW,KPVW,Hale County Airport,Plainview,US,34.1681,-101.717,America/Chicago
PWA,KPWA,Wiley Post Airport,Oklahoma City,US,35.5342,-97.6471,America/Chicago
PWD,KPWD,Sher Wood Airport,Plentywood,US,48.7903,-104.534,America/Denver
PWE,UHMP,Pevek Airport,Pevek,RU,69.7833,170.597,Asia/Anadyr
PWK,KPWK,Chicago Executive Airport,Chicago/Prospect Heights/Wheeling,US,42.11422,-87.90149,America/Chicago
PWM,KPWM,Portland International Jetport Airport,Portland,US,43.6462,-70.3093,America/New_York
PWN,MYCP,Pitts Town Airport,Pitts Town,BS,22.8297,-74.3461,America/Nassau
PWO,FZQC,Pweto Airport,Pweto,CD,-8.467,28.883,Africa/Lubumbashi
PWQ,UASP,Pavlodar Airport,Pavlodar,KZ,52.195,77.0739,Asia/Almaty
PWT,KPWT,Bremerton National Airport,Bremerton,US,47.4902,-122.765,America/Los_Angeles
PWY,KPNA,Ralph Wenz Field,Pinedale,US,42.7955,-109.807,America/Denver
PXM,MMPS,Puerto Escondido International Airport,Puerto Escondido,MX,15.8769,-97.0891,America/Mexico_City
PXO,LPPS,Porto Santo Airport,Vila Baleira,PT,33.0734,-16.35,Atlantic/Madeira
PXR,VTUJ,Surin Airport,Surin,TH,14.8683,103.498,Asia/Bangkok
PXU,VVPK,Pleiku Airport,Pleiku,VN,14.0045,108.017,Asia/Ho_Chi_Minh
PYA,SKVL,Velasquez Airport,Velasquez,CO,5.93904,-74.457,America/Bogota
PYB,VEJP,Jeypore Airport,Jeypore,IN,18.88,82.552,Asia/Kolkata
PYE,NCPY,Tongareva Airport,Penrhyn Island,CK,-9.01437,-158.03241,Pacific/Rarotonga
PYG,VEPY,Pakyong Airport,Pakyong,IN,27.2325,88.58833,Asia/Kolkata
PYH,SVPA,Cacique Aramare Airport,Puerto Ayacucho,VE,5.61999,-67.6061,America/Bogota
PYJ,UERP,Polyarny Airport,Yakutia,RU,66.4004,112.03,Asia/Yakutsk
PYK,OIIP,Payam Airport,Karaj,IR,35.7761,50.8267,Asia/Tehran
PYM,KPYM,Plymouth Municipal Airport,Plymouth,US,41.909,-70.7288,America/New_York
PYO,SEPT,Putumayo Airport,Puerto Putumayo,EC,0.08333,-75.9,America/Guayaquil
PYR,LGAD,Andravida Airport,Andravida,GR,37.9207,21.2926,Europe/Athens
PYY,VTCI,Mae Hong Son Airport,Mae Hong Son,TH,19.372,98.437,Asia/Bangkok
PZA,SKPZ,Paz De Ariporo Airport,Paz De Ariporo,CO,5.87615,-71.8866,America/Bogota
PZB,FAPM,Pietermaritzburg Airport,Pietermaritzburg,ZA,-29.649,30.3987,Africa/Johannesburg
PZH,OPZB,Zhob Airport,Fort Sandeman,PK,31.3584,69.4636,Asia/Karachi
PZI,ZUZH,Panzhihua Baoanying Airport,Panzhihua,CN,26.53913,101.79811,Asia/Shanghai
PZL,FADQ,Zulu Inyala Airport,Phinda,ZA,-27.8494,32.3097,Africa/Johannesburg
PZO,SVPR,General Manuel Carlos Piar International Airport,Puerto Ordaz-Ciudad Guayana,VE,8.28853,-62.7604,America/Caracas
PZU,HSPN,Port Sudan New International Airport,Port Sudan,SD,19.4336,37.2341,Africa/Khartoum
PZY,LZPP,Piestany Airport,Piestany,SK,48.6252,17.8284,Europe/Bratislava
QAC,SSQT,Castro Airport,Castro,BR,-24.8075,-49.9603,America/Sao_Paulo
QAK,SBBQ,Major Brigadeiro Doorgal Borges Airport,Barbacena,BR,-21.2672,-43.7611,America/Sao_Paulo
QAM,LFAY,Amiens-Glisy Airport,Amiens/Glisy,FR,49.873,2.38707,Europe/Paris
QAQ,LIAP,L'Aquila / Preturo Airport,L'Aquila,IT,42.3799,13.3092,Europe/Rome
QAR,EHDL,Deelen Air Base,Arnhem,NL,52.0606,5.87306,Europe/Amsterdam
QBC,CYBD,Bella Coola Airport,Bella Coola,CA,52.3875,-126.596,America/Vancouver
QBQ,LFSA,Besancon Thise Airport,St Nazaire,FR,47.2747,6.08417,Europe/Paris
QBX,SNOB,Sobral Airport,Sobral,BR,-3.67889,-40.3368,America/Fortaleza
QCB,EDQA,Bamberg-Breitenau Airfield,Bamberg,DE,49.92055,10.91449,Europe/Berlin
QCH,SNCX,Colatina Airport,Colatina,BR,-19.487,-40.5794,America/Sao_Paulo
QCJ,SDBK,Botucatu Airport,Botucatu,BR,-22.9395,-48.468,America/Sao_Paulo
QCN,ETNH,Hohn Airport,Hohn,DE,54.3122,9.53817,Europe/Berlin
QCO,MUCO,Colon Airport,Colon,CU,22.7111,-80.9228,America/Havana
QCP,SNKN,Currais Novos Airport,Currais Novos,BR,-6.28083,-36.54028,America/Fortaleza
QCR,SSKU,Curitibanos Airport,Curitibanos,BR,-27.2825,-50.6114,America/Sao_Paulo
QCY,EGXC,RAF Coningsby,Coningsby,GB,53.093,-0.16601,Europe/London
QDB,SSKS,Cachoeira do Sul Airport,Cachoeira Do Sul,BR,-30.0019,-52.9408,America/Sao_Paulo
QDC,SDDR,Dracena Airport,Dracena,BR,-21.4605,-51.6069,America/Sao_Paulo
QDF,SNKF,Conselheiro Lafaiete Airport,Conselheiro Lafaiete,BR,-20.7386,-43.7974,America/Sao_Paulo
QDJ,DAFI,Tsletsi Airport,Djelfa,DZ,34.6657,3.351,Africa/Algiers
QEF,EDFE,Frankfurt-Egelsbach Airport,Egelsbach,DE,49.96,8.64583,Europe/Berlin
QEO,EPKW,Bielsko-Bialo Kaniow Airfield,Czechowice-Dziedzice,PL,49.94,19.022,Europe/Warsaw
QFD,DAAK,Boufarik Airport,Boufarik,DZ,36.5458,2.87611,Africa/Algiers
QFO,EGSU,Duxford Airport,Duxford,GB,52.0908,0.13194,Europe/London
QFR,LIRH,Frosinone Military Airport,Frosinone,IT,41.6464,13.2998,Europe/Rome
QGA,SSGY,Guaira Airport,Guaira,BR,-24.0811,-54.1917,America/Campo_Grande
QGB,SDYM,Limeira Airport,Limeira,BR,-22.60389,-47.41194,America/Sao_Paulo
QGC,SDLP,Lencois Paulista Airport,Lencois Paulista,BR,-22.5784,-48.7746,America/Sao_Paulo
QGF,SSNG,Montenegro Airport,Montenegro,BR,-29.7194,-51.4894,America/Sao_Paulo
QGP,SNGN,Garanhuns Airport,Garanhuns,BR,-8.83428,-36.4716,America/Recife
QGS,SDUO,Alagoinhas Airport,Alagoinhas,BR,-12.1751,-38.3802,America/Bahia
QGU,RJNG,Gifu Airport,Gifu,JP,35.3941,136.87,Asia/Tokyo
QGY,LHPR,Gyor-Per International Airport,Gyor,HU,47.6244,17.8136,Europe/Budapest
QHA,EBZH,Hasselt Airport,Hasselt,BE,50.97,5.37507,Europe/Brussels
QHB,SDPW,Piracicaba Airport,Piracicaba,BR,-22.7115,-47.6182,America/Sao_Paulo
QHN,SWTY,Taguatinga Airport,Taguatinga,BR,-12.43389,-46.40055,America/Araguaina
QHP,SBTA,Base de Aviacao de Taubate Airport,Taubate,BR,-23.0401,-45.516,America/Sao_Paulo
QHR,HAHM,Harar Meda Airport,Debre Zeyit,ET,8.7163,39.0059,Africa/Addis_Ababa
QHU,EDXJ,Husum-Schwesing Airport,Husum,DE,54.51,9.13833,Europe/Berlin
QHV,SSNH,Novo Hamburgo Airport,Novo Hamburgo,BR,-29.6961,-51.0817,America/Sao_Paulo
QID,SNVI,Melio Viana Airport,Tres Coracoes,BR,-21.7906,-45.2692,America/Sao_Paulo
QIE,LFMI,Istres Le Tube/Istres Air Base (BA 125) Airport,Istres/Le Tube,FR,43.5227,4.92384,Europe/Paris
QIG,SNIG,Iguatu Airport,Iguatu,BR,-6.34664,-39.2938,America/Fortaleza
QIQ,SDRK,Rio Claro Airport,Rio Claro,BR,-22.4311,-47.5642,America/Sao_Paulo
QIT,SNIP,Itapetinga Airport,Itapetinga,BR,-15.2445,-40.2772,America/Bahia
QJB,OEJB,Jubail Airport,Jubail,SA,27.039,49.4051,Asia/Riyadh
QJD,YJIN,Jindabyne Airport,,AU,-36.4267,148.60201,Australia/Sydney
QKX,ENKA,Kautokeino Air Base,Kautokeino,NO,69.0403,23.034,Europe/Oslo
QLA,EGHL,Lasham Airport,Lasham,GB,51.1872,-1.0335,Europe/London
QLC,EPGL,Gliwice Glider Airport,Gliwice,PL,50.2694,18.6728,Europe/Warsaw
QLD,DAAB,Blida Airport,Blida,DZ,36.5036,2.81417,Africa/Algiers
QLF,EFLA,Lahti Vesivehmaa Airport,Lahti,FI,61.1442,25.6935,Europe/Helsinki
QLS,LSGL,Lausanne-la Blecherette Airport,Lausanne,CH,46.5453,6.61667,Europe/Zurich
QLT,LIRL,Latina Airport,Latina,IT,41.5424,12.909,Europe/Rome
QLU,EPLR,Lublin Radwiec Airport,Lublin,PL,51.2219,22.3947,Europe/Warsaw
QMF,SSMF,Mafra Airport,Mafra,BR,-26.1589,-49.8322,America/Sao_Paulo
QMJ,OIAI,Shahid Asyaee Airport,Masjed Soleyman,IR,32.0024,49.2704,Asia/Tehran
QMM,LILQ,Massa Cinquale Airport,Marina Di Massa,IT,43.986,10.1428,Europe/Rome
QMZ,EDFZ,Mainz-Finthen Airport,Mainz,DE,49.9675,8.14722,Europe/Berlin
QNC,LSGN,Neuchatel Airport,Neuchatel,CH,46.9575,6.86472,Europe/Zurich
QND,LYNS,Cenej Airport,Novi Sad,RS,45.3858,19.8392,Europe/Belgrade
QNJ,LFLI,Annemasse Airport,Annemasse,FR,46.192,6.26839,Europe/Paris
QNM,EBNM,Suarlee Airport,Namur,BE,50.488,4.76892,Europe/Brussels
QNS,SBCO,Canoas Airport,Porto Alegre,BR,-29.9459,-51.1444,America/Sao_Paulo
QNV,SDNY,Aeroclube Airport,Nova Iguacu,BR,-22.7453,-43.4603,America/Sao_Paulo
QNX,LFLM,Macon-Charnay Airport,Macon/Charnay,FR,46.2951,4.79577,Europe/Paris
QOA,SDKK,Mococa Airport,Mococa,BR,-21.4878,-47.0344,America/Sao_Paulo
QOB,EDQF,Ansbach-Petersdorf Airport,Ansbach,DE,49.36111,10.66944,Europe/Berlin
QOE,ETNN,Norvenich Airport,Norvenich,DE,50.8312,6.65817,Europe/Berlin
QOJ,SSSB,Sao Borja Airport,Sao Borja,BR,-28.6549,-56.0346,America/Sao_Paulo
QOW,DNIM,Sam Mbakwe International Airport,Owerri,NG,5.42706,7.20603,Africa/Lagos
QPA,LIPU,Padova Airport,Padova,IT,45.3958,11.8479,Europe/Rome
QPD,MUPR,Pinar Del Rio Airport,Pinar del Rio,CU,22.4214,-83.6784,America/Havana
QPG,WSAP,Paya Lebar Air Base,,SG,1.36042,103.91,Asia/Singapore
QPH,FBPY,Palapye Airport,Palapye,BW,-22.567,27.15,Africa/Gaborone
QPM,EPOP,Opole-Polska Nowa Wies Airport,Opole,PL,50.6333,17.7817,Europe/Warsaw
QPS,SBYS,Campo Fontenelle Airport,Pirassununga,BR,-21.9846,-47.3348,America/Sao_Paulo
QPZ,LIMS,Piacenza Airport,Piacenza,IT,44.9131,9.72333,Europe/Rome
QRA,FAGM,Rand Airport,Johannesburg,ZA,-26.2425,28.1512,Africa/Johannesburg
QRC,SCRG,De La Independencia Airport,Rancagua,CL,-34.1737,-70.7757,America/Santiago
QRM,YNRM,Narromine Airport,Narromine,AU,-32.2147,148.22501,Australia/Sydney
QRO,MMQT,Queretaro Intercontinental Airport,Queretaro,MX,20.6173,-100.186,America/Mexico_City
QRR,YWRN,Warren Airport,Warren,AU,-31.7333,147.80299,Australia/Sydney
QRT,LIQN,Rieti Airport,Rieti,IT,42.4272,12.8517,Europe/Rome
QRZ,SDRS,Resende Airport,Resende,BR,-22.4785,-44.4803,America/Sao_Paulo
QSA,LELL,Sabadell Airport,Sabadell,ES,41.5209,2.10508,Europe/Madrid
QSC,SDSC,Sao Carlos Airport,Sao Carlos,BR,-21.8754,-47.9037,America/Sao_Paulo
QSF,DAAS,Ain Arnat Airport,Setif,DZ,36.1781,5.32449,Africa/Algiers
QSI,HTMS,Moshi Airport,Moshi,TZ,-3.36333,37.3269,Africa/Dar_es_Salaam
QSN,MUNB,San Nicolas De Bari Airport,San Nicolas,CU,22.7561,-81.9209,America/Havana
QSR,LIRI,Salerno / Pontecagnano Airport,Salerno,IT,40.6204,14.9113,Europe/Rome
QSX,SYNA,New Amsterdam Airport,New Amsterdam,GY,6.24432,-57.47417,America/Guyana
QTJ,LFOR,Chartres Champhol Airport,Blois,FR,48.4589,1.52389,Europe/Paris
QUG,EGHR,Chichester/Goodwood Airport,Chichester,GB,50.8594,-0.75917,Europe/London
QUN,RKNC,A-306 Airport,Chun Chon City,KR,37.8838,127.718,Asia/Seoul
QUS,DNGU,Gusau Airport,Gusau,NG,12.1717,6.69611,Africa/Lagos
QUT,RJTU,Utsunomiya Airport,Utsunomiya,JP,36.5145,139.871,Asia/Tokyo
QUY,EGUY,RAF Wyton,St. Ives,GB,52.3572,-0.10783,Europe/London
QVA,LILN,Varese / Venegono Airport,Varese,IT,45.7422,8.88823,Europe/Rome
QVB,SSUV,Uniao da Vitoria Airport,Uniao Da Vitoria,BR,-26.2334,-51.0678,America/Sao_Paulo
QVE,EFFO,Forssa Airport,Forssa,FI,60.8019,23.6456,Europe/Helsinki
QVP,SDRR,Avare-Arandu Airport,Avare,BR,-23.0925,-48.9874,America/Sao_Paulo
QWS,EPNT,Nowy Targ Airport,Nowy Targ,PL,49.4628,20.0503,Europe/Warsaw
QWV,LYVA,Divci Airport,Valjevo,RS,44.29782,20.02191,Europe/Belgrade
QXB,LFMA,Aix-en-Provence (BA 114) Airport,Lyon,FR,43.5056,5.36778,Europe/Paris
QXC,SNXS,Fazenda Sao Braz Airport,Barra De Santo Antonio,BR,-9.37528,-35.54167,America/Maceio
QYD,EPOK,Oksywie Military Air Base,Gdynia,PL,54.5797,18.5172,Europe/Warsaw
QYR,LFQB,Troyes-Barberey Airport,Troyes/Barberey,FR,48.3221,4.0167,Europe/Paris
QYY,EPBK,Bialystok-Krywlany Airport,Bialystok,PL,53.1014,23.1706,Europe/Warsaw
QZD,LHUD,Szeged Glider Airport,Szeged,HU,46.2469,20.0908,Europe/Budapest
QZN,DAAZ,Relizane Airport,Relizane,DZ,35.7522,0.62627,Africa/Algiers
QZO,LIQB,Arezzo Airport,Arezzo,IT,43.4559,11.847,Europe/Rome
RAB,AYTK,Tokua Airport,Tokua,PG,-4.34046,152.38,Pacific/Port_Moresby
RAC,KRAC,John H Batten Airport,Racine,US,42.7606,-87.8152,America/Chicago
RAE,OERR,Arar Domestic Airport,Arar,SA,30.9066,41.1382,Asia/Riyadh
RAF,SAFR,Rafaela Airport,Rafaela,AR,-31.2825,-61.5017,America/Argentina/Cordoba
RAG,NZRA,Raglan Airfield,,NZ,-37.8047,174.86,Pacific/Auckland
RAH,OERF,Rafha Domestic Airport,Rafha,SA,29.6264,43.4906,Asia/Riyadh
RAI,GVNP,Praia International Airport,Praia,CV,14.9245,-23.4935,Atlantic/Cape_Verde
RAJ,VARK,Rajkot Airport,Rajkot,IN,22.3092,70.7795,Asia/Kolkata
RAK,GMMX,Menara Airport,Marrakech,MA,31.6069,-8.0363,Africa/Casablanca
RAL,KRAL,Riverside Municipal Airport,Riverside,US,33.9519,-117.445,America/Los_Angeles
RAM,YRNG,Ramingining Airport,Ramingining,AU,-12.3564,134.89799,Australia/Darwin
RAN,LIDR,Ravenna Airport,Ravenna,IT,44.3643,12.2249,Europe/Rome
RAO,SBRP,Leite Lopes Airport,Ribeirao Preto,BR,-21.13639,-47.77667,America/Sao_Paulo
RAP,KRAP,Rapid City Regional Airport,Rapid City,US,44.0453,-103.057,America/Denver
RAR,NCRG,Rarotonga International Airport,Avarua,CK,-21.2027,-159.806,Pacific/Rarotonga
RAS,OIGG,Sardar-e-Jangal Airport,Rasht,IR,37.32333,49.61778,Asia/Tehran
RAV,SKCN,Cravo Norte Airport,Cravo Norte,CO,6.31684,-70.2107,America/Bogota
RAZ,OPRT,Rawalakot Airport,Rawalakot,PK,33.8497,73.7981,Asia/Karachi
RBA,GMME,Rabat-Sale Airport,Rabat,MA,34.0515,-6.75152,Africa/Casablanca
RBB,SWBR,Borba Airport,Borba,BR,-4.40634,-59.6024,America/Manaus
RBC,YROI,Robinvale Airport,Robinvale,AU,-34.65,142.783,Australia/Melbourne
RBD,KRBD,Dallas Executive Airport,Dallas,US,32.6809,-96.8682,America/Chicago
RBE,VDRK,Ratanakiri Airport,Ratanakiri,KH,13.73,106.987,Asia/Phnom_Penh
RBG,KRBG,Roseburg Regional Airport,Roseburg,US,43.2388,-123.356,America/Los_Angeles
RBJ,RJCR,Rebun Airport Airport,Rebun,JP,45.455,141.039,Asia/Tokyo
RBL,KRBL,Red Bluff Municipal Airport,Red Bluff,US,40.1507,-122.252,America/Los_Angeles
RBM,EDMS,Straubing Airport,Straubing,DE,48.90083,12.51667,Europe/Berlin
RBO,SLRB,Robore Airport,Robore,BO,-18.3292,-59.765,America/La_Paz
RBQ,SLRQ,Rurenabaque Airport,Rurenabaque,BO,-14.4279,-67.4968,America/La_Paz
RBR,SBRB,Placido de Castro Airport,Rio Branco,BR,-9.86889,-67.89806,America/Rio_Branco
RBS,YORB,Orbost Airport,Orbost,AU,-37.79,148.61,Australia/Melbourne
RBT,HKMB,Segel Airport,Marsabit,KE,2.35,37.983,Africa/Nairobi
RBU,YROE,Roebourne Airport,Roebourne,AU,-20.7617,117.157,Australia/Perth
RBV,AGRM,Ramata Airport,Ramata,SB,-8.16806,157.64301,Pacific/Guadalcanal
RBW,KRBW,Lowcountry Regional Airport,Walterboro,US,32.921,-80.6406,America/New_York
RBX,HSMK,Rumbek Airport,Rumbek,SS,6.825,29.669,Africa/Juba
RBY,PARY,Ruby Airport,Ruby,US,64.7272,-155.47,America/Anchorage
RCA,KRCA,Ellsworth Air Force Base,Rapid City,US,44.145,-103.104,America/Denver
RCB,FARB,Richards Bay Airport,Richards Bay,ZA,-28.741,32.0921,Africa/Johannesburg
RCH,SKRH,Almirante Padilla Airport,Riohacha,CO,11.5262,-72.926,America/Bogota
RCK,KRCK,H H Coffield Regional Airport,Rockdale,US,30.6316,-96.9897,America/Chicago
RCL,NVSR,Redcliffe Airport,Redcliffe,VU,-15.472,167.83501,Pacific/Efate
RCM,YRMD,Richmond Airport,Richmond,AU,-20.7019,143.11501,Australia/Brisbane
RCO,LFDN,Rochefort-Saint-Agnant (BA 721) Airport,Rochefort/Saint-Agnant,FR,45.8878,-0.98306,Europe/Paris
RCQ,SATR,Reconquista Airport,Reconquista,AR,-29.2103,-59.68,America/Argentina/Cordoba
RCR,KRCR,Fulton County Airport,Rochester,US,41.0656,-86.1817,America/Indiana/Indianapolis
RCS,EGTO,Rochester Airport,Rochester,GB,51.3519,0.50333,Europe/London
RCT,KRCT,Nartron Field,Reed City,US,43.9,-85.5167,America/Detroit
RCU,SAOC,Area De Material Airport,Rio Cuarto,AR,-33.0851,-64.2613,America/Argentina/Cordoba
RCY,MYRP,Rum Cay Airport,Port Nelson,BS,23.6844,-74.8362,America/Nassau
RDB,PADG,Red Dog Airport,Red Dog,US,68.0321,-162.899,America/Nome
RDC,SNDC,Redencao Airport,Redencao,BR,-8.03329,-49.9799,America/Belem
RDD,KRDD,Redding Municipal Airport,Redding,US,40.509,-122.293,America/Los_Angeles
RDE,WASM,Merdei Airport,Merdei-Papua Island,ID,-1.58333,133.33299,Asia/Jayapura
RDG,KRDG,Reading Regional Carl A Spaatz Field,Reading,US,40.3785,-75.9652,America/New_York
RDM,KRDM,Roberts Field,Redmond,US,44.2541,-121.15,America/Los_Angeles
RDN,WMPR,LTS Pulau Redang Airport,Redang,MY,5.76528,103.007,Asia/Kuala_Lumpur
RDO,EPRA,Warsaw-Radom Airport,Radom,PL,51.3892,21.2133,Europe/Warsaw
RDR,KRDR,Grand Forks Air Force Base,Grand Forks,US,47.9611,-97.4012,America/Chicago
RDS,SAHS,Rincon De Los Sauces Airport,Rincon de los Sauces,AR,-37.3906,-68.9042,America/Argentina/Mendoza
RDT,GOSR,Richard Toll Airport,Richard Toll,SN,16.433,-15.65,Africa/Dakar
RDU,KRDU,Raleigh Durham International Airport,Raleigh/Durham,US,35.8776,-78.7875,America/New_York
RDZ,LFCR,Rodez-Marcillac Airport,Rodez/Marcillac,FR,44.4079,2.48267,Europe/Paris
REA,NTGE,Reao Airport,,PF,-18.4659,-136.44,Pacific/Tahiti
REB,EDAX,Rechlin-Larz Airport,Larz,DE,53.30639,12.75222,Europe/Berlin
REC,SBRF,Guararapes - Gilberto Freyre International Airport,Recife,BR,-8.12649,-34.9236,America/Recife
RED,KRVL,Mifflin County Airport,Reedsville,US,40.6774,-77.6268,America/New_York
REG,LICR,Reggio Calabria Airport,Reggio Calabria,IT,38.0712,15.6516,Europe/Rome
REI,SOOR,Regina Airport,Regina,GF,4.31472,-52.1317,America/Cayenne
REL,SAVT,Almirante Marco Andres Zar Airport,Rawson,AR,-43.2105,-65.2703,America/Argentina/Catamarca
REN,UWOO,Orenburg Central Airport,Orenburg,RU,51.7958,55.4567,Asia/Yekaterinburg
REO,KREO,Rome State Airport,Rome,US,42.5777,-117.885,America/Boise
REP,VDSR,Angkor International Airport,Siem Reap,KH,13.4107,103.813,Asia/Phnom_Penh
REQ,SPQN,Requena Airport,Requena,PE,-5.067,-73.867,America/Lima
RER,MGRT,Retalhuleu Airport,Retalhuleu,GT,14.521,-91.6973,America/Guatemala
RES,SARE,Resistencia International Airport,Resistencia,AR,-27.45,-59.0561,America/Argentina/Cordoba
RET,ENRS,Rost Airport,Rost,NO,67.5278,12.1033,Europe/Oslo
REU,LERS,Reus Air Base,Reus,ES,41.1474,1.16717,Europe/Madrid
REX,MMRX,General Lucio Blanco International Airport,Reynosa,MX,26.0089,-98.2285,America/Matamoros
REY,SLRY,Reyes Airport,Reyes,BO,-14.3044,-67.3534,America/La_Paz
RFA,FEGR,Rafai Airport,Rafai,CF,4.98861,23.9278,Africa/Bangui
RFD,KRFD,Chicago Rockford International Airport,Chicago/Rockford,US,42.1954,-89.0972,America/Chicago
RFG,KRFG,Rooke Field,Refugio,US,28.2936,-97.323,America/Chicago
RFN,BIRG,Raufarhofn Airport,Raufarhofn,IS,66.4064,-15.9183,Atlantic/Reykjavik
RFP,NTTR,Raiatea Airport,Uturoa,PF,-16.7229,-151.466,Pacific/Tahiti
RFR,MRRF,Rio Frio / Progreso Airport,Rio Frio / Progreso,CR,10.3274,-83.8876,America/Costa_Rica
RFS,MNRT,Rosita Airport,La Rosita,NI,13.8897,-84.4089,America/Managua
RGA,SAWE,Hermes Quijada International Airport,Rio Grande,AR,-53.7777,-67.7494,America/Argentina/Ushuaia
RGH,VEBG,Balurghat Airport,Balurghat,IN,25.2617,88.7956,Asia/Kolkata
RGI,NTTG,Rangiroa Airport,Rangiroa,PF,-14.9543,-147.661,Pacific/Tahiti
RGK,UNBG,Gorno-Altaysk Airport,Gorno-Altaysk,RU,51.9667,85.8333,Asia/Barnaul
RGL,SAWG,Piloto Civil N. Fernandez Airport,Rio Gallegos,AR,-51.6089,-69.3126,America/Argentina/Rio_Gallegos
RGN,VYYY,Yangon International Airport,Yangon,MM,16.9073,96.1332,Asia/Yangon
RGO,ZKHM,Orang Airport,Chongjin,KP,41.4281,129.647,Asia/Pyongyang
RGS,LEBG,Burgos Airport,Burgos,ES,42.3576,-3.62076,Europe/Madrid
RGT,WIPR,Japura Airport,Rengat-Sumatra Island,ID,-0.35281,102.335,Asia/Jakarta
RHA,BIRE,Reykholar Airport,Reykholar,IS,65.45263,-22.20612,Atlantic/Reykjavik
RHD,SANH,Las Termas Airport,Rio Hondo,AR,-27.4737,-64.9055,America/Argentina/Cordoba
RHE,LFSR,Reims-Champagne (BA 112) Airport,Reims/Champagne,FR,49.31,4.05,Europe/Paris
RHG,HRYU,Ruhengeri Airport,Ruhengeri,RW,-1.5,29.633,Africa/Kigali
RHI,KRHI,Rhinelander Oneida County Airport,Rhinelander,US,45.6312,-89.4675,America/Chicago
RHL,YRYH,Roy Hill Station Airport,,AU,-22.62582,119.95903,Australia/Perth
RHN,FYSA,Skorpion Mine Airport,Rosh Pinah,NA,-27.8764,16.6478,Africa/Windhoek
RHO,LGRP,Diagoras Airport,Rodes Island,GR,36.4054,28.0862,Europe/Athens
RHP,VNRC,Ramechhap Airport,Ramechhap,NP,27.394,86.0614,Asia/Kathmandu
RHT,ZBAR,Alxa Right Banner Badanjilin Airport,Badanjilin,CN,39.225,101.546,Asia/Shanghai
RHV,KRHV,Reid Hillview of Santa Clara County Airport,San Jose,US,37.3329,-121.819,America/Los_Angeles
RIA,SBSM,Santa Maria Airport,Santa Maria,BR,-29.7114,-53.6882,America/Sao_Paulo
RIB,SLRI,Capitan Av. Selin Zeitun Lopez Airport,Riberalta,BO,-11.0,-66.0,America/La_Paz
RIC,KRIC,Richmond International Airport,Richmond,US,37.5052,-77.3197,America/New_York
RID,KRID,Richmond Municipal Airport,Richmond,US,39.7572,-84.8428,America/Indiana/Indianapolis
RIE,KRPD,Rice Lake Regional Carl's Field,Rice Lake,US,45.419,-91.7735,America/Chicago
RIF,KRIF,Richfield Municipal Airport,Richfield,US,38.7364,-112.099,America/Denver
RIG,SJRG,Rio Grande Airport,Rio Grande,BR,-32.0817,-52.1633,America/Sao_Paulo
RIH,MPSM,Scarlett Martinez International Airport,Rio Hato,PA,8.37583,-80.12778,America/Panama
RIJ,SPJA,Juan Simons Vela Airport,Rioja,PE,-6.06786,-77.16,America/Lima
RIK,MRCR,Carrillo Airport,Nicoya,CR,9.87051,-85.4814,America/Costa_Rica
RIL,KRIL,Garfield County Regional Airport,Rifle,US,39.5263,-107.727,America/Denver
RIM,SPLN,San Nicolas Airport,Rodriguez de Mendoza,PE,-6.39231,-77.5012,America/Lima
RIN,AGRC,Ringi Cove Airport,Ringi Cove,SB,-8.12639,157.14301,Pacific/Guadalcanal
RIR,KRIR,Flabob Airport,Riverside/Rubidoux/,US,33.9897,-117.411,America/Los_Angeles
RIS,RJER,Rishiri Airport,Rishiri,JP,45.242,141.186,Asia/Tokyo
RIV,KRIV,March ARB Airport,Riverside,US,33.8807,-117.259,America/Los_Angeles
RIW,KRIW,Central Wyoming Regional Airport,Riverton,US,43.0642,-108.46,America/Denver
RIX,EVRA,Riga International Airport,Riga,LV,56.9236,23.9711,Europe/Riga
RIY,OYRN,Mukalla International Airport,Riyan,YE,14.6626,49.375,Asia/Aden
RJA,VORY,Rajahmundry Airport,Rajahmundry,IN,17.1104,81.8182,Asia/Kolkata
RJB,VNRB,Rajbiraj Airport,Rajbiraj,NP,26.517,86.75,Asia/Kathmandu
RJH,VGRJ,Shah Mokhdum Airport,Rajshahi,BD,24.4372,88.6165,Asia/Dhaka
RJK,LDRI,Rijeka Airport,Rijeka,HR,45.2169,14.5703,Europe/Zagreb
RJL,LELO,Logrono-Agoncillo Airport,Logrono,ES,42.46095,-2.32224,Europe/Madrid
RJN,OIKR,Rafsanjan Airport,Rafsanjan,IR,30.2977,56.0511,Asia/Tehran
RKA,NTKK,Aratika Nord Airport,Aratika,PF,-15.4853,-145.47,Pacific/Tahiti
RKC,K1O5,Montague-Yreka Rohrer Field,Montague,US,41.7304,-122.546,America/Los_Angeles
RKD,KRKD,Knox County Regional Airport,Rockland,US,44.0601,-69.0992,America/New_York
RKE,EKRK,Copenhagen Roskilde Airport,Copenhagen,DK,55.5856,12.1314,Europe/Copenhagen
RKH,KUZA,Rock Hill York Co Bryant field,Rock Hill,US,34.9878,-81.0572,America/New_York
RKO,WIBR,Rokot Airport,Sipora Island,ID,-2.09912,99.7007,Asia/Jakarta
RKP,KRKP,Aransas County Airport,Rockport,US,28.0868,-97.0446,America/Chicago
RKR,KRKR,Robert S Kerr Airport,Poteau,US,35.0216,-94.6213,America/Chicago
RKS,KRKS,Southwest Wyoming Regional Airport,Rock Springs,US,41.5942,-109.065,America/Denver
RKT,OMRK,Ras Al Khaimah International Airport,Ras Al Khaimah,AE,25.6135,55.9388,Asia/Dubai
RKV,BIRK,Reykjavik Airport,Reykjavik,IS,64.13,-21.9406,Atlantic/Reykjavik
RKW,KRKW,Rockwood Municipal Airport,Rockwood,US,35.9223,-84.6897,America/Chicago
RLD,KRLD,Richland Airport,Richland,US,46.3056,-119.304,America/Los_Angeles
RLG,ETNL,Rostock-Laage Airport,Rostock,DE,53.9182,12.2783,Europe/Berlin
RLK,ZBYZ,Bayannaoer Tianjitai Airport,Bayannur,CN,40.92639,107.73889,Asia/Shanghai
RLO,SAOS,Valle Del Conlara International Airport,Merlo,AR,-32.3847,-65.1865,America/Argentina/San_Luis
RLT,DRZL,Arlit Airport,Arlit,NE,18.7904,7.36595,Africa/Niamey
RMA,YROM,Roma Airport,Roma,AU,-26.545,148.77499,Australia/Brisbane
RMB,OOBR,Buraimi Airport,Buraimi,OM,24.233,55.783,Asia/Dubai
RME,KRME,Griffiss International Airport,Rome,US,43.2338,-75.407,America/New_York
RMF,HEMA,Marsa Alam International Airport,Marsa Alam,EG,25.5571,34.5837,Africa/Cairo
RMG,KRMG,Richard B Russell Airport,Rome,US,34.3506,-85.158,America/New_York
RMI,LIPR,Rimini / Miramare - Federico Fellini International Airport,Rimini,IT,44.0203,12.6117,Europe/Rome
RMK,YREN,Renmark Airport,Renmark,AU,-34.1964,140.674,Australia/Adelaide
RML,VCCC,Colombo Ratmalana Airport,Colombo,LK,6.82199,79.8862,Asia/Colombo
RMN,AYRG,Rumginae Airport,,PG,-5.89722,141.27167,Pacific/Port_Moresby
RMO,LUKK,Chisinau International Airport,Chisinau,MD,46.9277,28.931,Europe/Chisinau
RMQ,RCMQ,Taichung Ching Chuang Kang Airport,Taichung City,TW,24.2647,120.621,Asia/Taipei
RMS,ETAR,Ramstein Air Base,Ramstein,DE,49.4369,7.60028,Europe/Berlin
RMU,LEMI,Región de Murcia International Airport,Corvera,ES,37.803,-1.125,Europe/Madrid
RMY,KMPI,Mariposa Yosemite Airport,Mariposa,US,37.5109,-120.04,America/Los_Angeles
RNA,AGAR,Ulawa Airport,Arona,SB,-9.86054,161.97955,Pacific/Guadalcanal
RNB,ESDF,Ronneby Airport,Ronneby,SE,56.2667,15.265,Europe/Stockholm
RNC,KRNC,Warren County Memorial Airport,Mc Minnville,US,35.6987,-85.8438,America/Chicago
RND,KRND,Randolph Air Force Base,Universal City,US,29.5297,-98.2789,America/Chicago
RNE,LFLO,Roanne-Renaison Airport,Roanne/Renaison,FR,46.0583,4.00139,Europe/Paris
RNH,KRNH,New Richmond Regional Airport,New Richmond,US,45.1483,-92.5381,America/Chicago
RNI,MNCI,Corn Island,Corn Island,NI,12.1629,-83.0638,America/Managua
RNJ,RORY,Yoron Airport,Yoron,JP,27.044,128.40199,Asia/Tokyo
RNL,AGGR,Rennell/Tingoa Airport,Rennell Island,SB,-11.5339,160.063,Pacific/Guadalcanal
RNM,OOGB,Qarn Alam Airport,Ghaba,OM,21.383,57.05,Asia/Muscat
RNN,EKRN,Bornholm Airport,Ronne,DK,55.0633,14.7596,Europe/Copenhagen
RNO,KRNO,Reno Tahoe International Airport,Reno,US,39.4991,-119.768,America/Los_Angeles
RNS,LFRN,Rennes-Saint-Jacques Airport,Rennes/Saint-Jacques,FR,48.0695,-1.73479,Europe/Paris
RNT,KRNT,Renton Municipal Airport,Renton,US,47.4931,-122.216,America/Los_Angeles
RNU,WBKR,Ranau Airport,Ranau,MY,5.95,116.667,Asia/Kuching
RNZ,KRZL,Jasper County Airport,Rensselaer,US,40.9479,-87.1826,America/Chicago
ROA,KROA,Roanoke Regional Woodrum Field,Roanoke,US,37.3255,-79.9754,America/New_York
ROB,GLRB,Roberts International Airport,Monrovia,LR,6.23379,-10.3623,Africa/Monrovia
ROC,KROC,Greater Rochester International Airport,Rochester,US,43.1189,-77.6724,America/New_York
ROD,FARS,Robertson Airport,Robertson,ZA,-33.8122,19.9028,Africa/Johannesburg
ROG,KROG,Rogers Executive Airport,Rogers,US,36.3723,-94.1069,America/Chicago
ROH,YROB,Robinhood Airport,,AU,-18.845,143.71001,Australia/Brisbane
ROI,VTUV,Roi Et Airport,Roi Et,TH,16.1168,103.774,Asia/Bangkok
ROK,YBRK,Rockhampton Airport,Rockhampton,AU,-23.3819,150.47501,Australia/Brisbane
RON,SKPA,Juan Jose Rondon Airport,Paipa,CO,5.76454,-73.1054,America/Bogota
ROO,SWRD,Rondonopolis Airport,Rondonopolis,BR,-16.586,-54.7248,America/Cuiaba
ROP,PGRO,Rota International Airport,Rota Island,MP,14.1743,145.243,Pacific/Saipan
ROR,PTRO,Babelthuap Airport,Babelthuap Island,PW,7.36765,134.54401,Pacific/Palau
ROS,SAAR,Islas Malvinas Airport,Rosario,AR,-32.9036,-60.785,America/Argentina/Cordoba
ROT,NZRO,Rotorua Regional Airport,Rotorua,NZ,-38.1092,176.317,Pacific/Auckland
ROV,URRP,Platov International Airport,Rostov-on-Don,RU,47.50083,39.93361,Europe/Moscow
ROW,KROW,Roswell International Air Center Airport,Roswell,US,33.3016,-104.531,America/Denver
ROX,KROX,Roseau Municipal Rudy Billberg Field,Roseau,US,48.856,-95.697,America/Chicago
ROY,SAWM,Rio Mayo Airport,Rio Mayo,AR,-45.7039,-70.2456,America/Argentina/Catamarca
ROZ,LERT,Rota Naval Station Airport,Rota,ES,36.6452,-6.34946,Europe/Madrid
RPA,VNRP,Rolpa Airport,Rolpa,NP,28.267,82.767,Asia/Kathmandu
RPB,YRRB,Roper Bar Airport,Roper Bar,AU,-14.7383,134.51801,Australia/Darwin
RPM,YNGU,Ngukurr Airport,Ngukurr,AU,-14.7228,134.74699,Australia/Darwin
RPN,LLIB,Ben Ya'akov Airport,Rosh Pina,IL,32.981,35.5719,Asia/Jerusalem
RPR,VARP,Raipur Airport,Raipur,IN,21.1804,81.7388,Asia/Kolkata
RPX,KRPX,Roundup Airport,Roundup,US,46.475,-108.543,America/Denver
RQA,ZWRQ,Ruoqiang Loulan Airport,Ruoqiang,CN,38.97472,88.00833,Asia/Shanghai
RQO,KRQO,El Reno Regional Airport,El Reno,US,35.4727,-98.0058,America/Chicago
RQW,ORQW,Qayyarah West Airport,Qayyarah,IQ,35.7672,43.1251,Asia/Baghdad
RQY,VOSH,Shivamogga Airport,Shimoga,IN,13.85472,75.61056,Asia/Kolkata
RRE,YMRE,Marree Airport,Marree,AU,-29.6633,138.065,Australia/Adelaide
RRG,FIMR,Sir Charles Gaetan Duval Airport,Port Mathurin,MU,-19.7577,63.361,Indian/Mauritius
RRK,VERK,Rourkela Airport,Rourkela,IN,22.2567,84.8146,Asia/Kolkata
RRL,KRRL,Merrill Municipal Airport,Merrill,US,45.1989,-89.7129,America/Chicago
RRR,NTKO,Raroia Airport,Raroia,PF,-16.045,-142.47694,Pacific/Tahiti
RRS,ENRO,Roros Airport,Roros,NO,62.5784,11.3423,Europe/Oslo
RRT,KRRT,Warroad International Memorial Field,Warroad,US,48.9414,-95.3484,America/Chicago
RSA,SAZR,Santa Rosa Airport,Santa Rosa,AR,-36.5883,-64.2757,America/Argentina/Salta
RSB,YRSB,Roseberth Airport,,AU,-25.8333,139.64999,Australia/Brisbane
RSD,MYER,Rock Sound Airport,Rock Sound,BS,24.89508,-76.17688,America/Nassau
RSH,PARS,Russian Mission Airport,Russian Mission,US,61.77888,-161.31946,America/Anchorage
RSI,OERS,Red Sea International Airport,Hanak,SA,25.62807,37.08882,Asia/Riyadh
RSK,WASC,Abresso Airport,Ransiki-Papua Island,ID,-1.50845,134.187,Asia/Jayapura
RSL,KRSL,Russell Municipal Airport,Russell,US,38.8721,-98.8118,America/Chicago
RSN,KRSN,Ruston Regional Airport,Ruston,US,32.5144,-92.5917,America/Chicago
RSS,HSDZ,Damazin Airport,Ad Damazin,SD,11.7859,34.3367,Africa/Khartoum
RST,KRST,Rochester International Airport,Rochester,US,43.9083,-92.5,America/Chicago
RSU,RKJY,Yeosu Airport,Yeosu,KR,34.8423,127.617,Asia/Seoul
RSW,KRSW,Southwest Florida International Airport,Fort Myers,US,26.5362,-81.7552,America/New_York
RTA,NFNR,Rotuma Airport,Rotuma,FJ,-12.4825,177.071,Pacific/Fiji
RTB,MHRO,Juan Manuel Galvez International Airport,Roatan Island,HN,16.3168,-86.523,America/Tegucigalpa
RTC,VARG,Ratnagiri Airport,Ratnagiri,IN,17.0136,73.3278,Asia/Kolkata
RTE,SBMT,Campo de Marte Airport,Sao Paulo,BR,-23.5091,-46.6378,America/Sao_Paulo
RTG,WATG,Satar Tacik Airport,Satar Tacik-Flores Island,ID,-8.59701,120.477,Asia/Makassar
RTM,EHRD,Rotterdam Airport,Rotterdam,NL,51.9569,4.43722,Europe/Amsterdam
RTN,KRTN,Raton Municipal-Crews Field,Raton,US,36.7415,-104.502,America/Denver
RTP,YRTP,Rutland Plains Airport,,AU,-15.6433,141.843,Australia/Brisbane
RTS,YRTI,Rottnest Island Airport,Rottnest Island,AU,-32.0067,115.54,Australia/Perth
RTU,WAQC,Maratua Airport,Maratua Island,ID,2.1975,118.59917,Asia/Makassar
RTW,UWSS,Saratov Central Airport,Saratov,RU,51.565,46.0467,Europe/Saratov
RTY,YMYT,Merty Merty Airport,,AU,-28.5833,140.317,Australia/Adelaide
RUA,HUAR,Arua Airport,Arua,UG,3.05,30.917,Africa/Kampala
RUD,OIMJ,Shahroud Airport,Shahrud,IR,36.4253,55.1042,Asia/Tehran
RUE,FZMB,Rughenda Airfield,Butembo,CD,0.11714,29.31299,Africa/Lubumbashi
RUG,ZSRG,Rugao Air Base,Rugao,CN,32.25788,120.50166,Asia/Shanghai
RUH,OERK,King Khaled International Airport,Riyadh,SA,24.9576,46.6988,Asia/Riyadh
RUI,KSRR,Sierra Blanca Regional Airport,Ruidoso,US,33.4628,-105.535,America/Denver
RUK,VNRK,Rukumkot Airport,Rukumkot,NP,28.627,82.195,Asia/Kathmandu
RUL,VRQM,Maavaarulaa Airport,Gadhdhoo,MV,0.33667,73.51139,Indian/Maldives
RUM,VNRT,Rumjatar Airport,Rumjatar,NP,27.3035,86.5504,Asia/Kathmandu
RUN,FMEE,Roland Garros Airport,St Denis,RE,-20.8871,55.5103,Indian/Reunion
RUP,VERU,Rupsi India Airport,Dhubri,IN,26.1397,89.91,Asia/Kolkata
RUR,NTAR,Rurutu Airport,Moerai,PF,-22.4341,-151.36099,Pacific/Tahiti
RUS,AGGU,Marau Airport,Marau,SB,-9.86167,160.825,Pacific/Guadalcanal
RUT,KRUT,Rutland - Southern Vermont Regional Airport,Rutland,US,43.5294,-72.9496,America/New_York
RUV,MGRB,Rubelsanto Airport,Rubelsanto,GT,15.992,-90.4453,America/Guatemala
RUY,MHRU,Copan Ruinas Airport,Ruinas de Copan,HN,14.8403,-89.144,America/Tegucigalpa
RVA,FMSG,Farafangana Airport,Farafangana,MG,-22.8053,47.8206,Indian/Antananarivo
RVD,SWLC,General Leite de Castro Airport,Rio Verde,BR,-17.83472,-50.95611,America/Sao_Paulo
RVE,SKSA,Los Colonizadores Airport,Saravena,CO,6.95139,-71.85694,America/Bogota
RVI,URRR,Rostov-na-Donu Airport,Rostov-on-Don,RU,47.2582,39.8181,Europe/Moscow
RVK,ENRM,Rorvik Airport Ryum,Rorvik,NO,64.8383,11.1461,Europe/Oslo
RVN,EFRO,Rovaniemi Airport,Rovaniemi,FI,66.5648,25.8304,Europe/Helsinki
RVO,FARI,Reivilo Airport,Reivilo,ZA,-27.5472,24.1725,Africa/Johannesburg
RVR,KU34,Green River Municipal Airport,Green River,US,38.9614,-110.227,America/Denver
RVS,KRVS,Tulsa Riverside Airport,Tulsa,US,36.0396,-95.9846,America/Chicago
RVT,YNRV,Ravensthorpe Airport,Ravensthorpe,AU,-33.7972,120.208,Australia/Perth
RVV,NTAV,Raivavae Airport,,PF,-23.8852,-147.662,Pacific/Tahiti
RVY,SURV,Presidente General Don Oscar D. Gestido International Airport,Rivera,UY,-30.9746,-55.4762,America/Montevideo
RWF,KRWF,Redwood Falls Municipal Airport,Redwood Falls,US,44.5472,-95.0823,America/Chicago
RWI,KRWI,Rocky Mount Wilson Regional Airport,Rocky Mount,US,35.8563,-77.8919,America/New_York
RWL,KRWL,Rawlins Municipal Harvey Field,Rawlins,US,41.8056,-107.2,America/Denver
RWN,UKLR,Rivne International Airport,Rivne,UA,50.6071,26.1416,Europe/Kyiv
RXE,KRXE,Rexburg Madison County Airport,Rexburg,US,43.8339,-111.805,America/Boise
RXS,RPVR,Roxas Airport,Roxas City,PH,11.5977,122.752,Asia/Manila
RYB,UUBK,Staroselye Airport,Rybinsk,RU,58.1042,38.9294,Europe/Moscow
RYG,ENRY,Moss Airport Rygge,Rygge,NO,59.3789,10.7856,Europe/Oslo
RYK,OPRK,Shaikh Zaid Airport,Rahim Yar Khan,PK,28.3839,70.2796,Asia/Karachi
RYN,LFCY,Royan-Medis Airport,Royan/Medis,FR,45.6281,-0.9725,Europe/Paris
RYO,SAWT,28 De Noviembre Airport,El Turbio,AR,-51.6092,-72.2217,America/Argentina/Rio_Gallegos
RZA,SAWU,Santa Cruz Airport,Santa Cruz,AR,-50.0165,-68.5792,America/Argentina/Rio_Gallegos
RZE,EPRZ,Rzeszow-Jasionka Airport,Rzeszow,PL,50.11,22.019,Europe/Warsaw
RZN,UUWR,Turlatovo Airport,Ryazan,RU,54.5559,39.8552,Europe/Moscow
RZP,RPSD,Cesar Lim Rodriguez Airport,Taytay Airport,PH,10.81874,119.5077,Asia/Manila
RZR,OINR,Ramsar Airport,Ramsar,IR,36.9099,50.6796,Asia/Tehran
RZV,LTFO,Rize–Artvin Airport,Rize,TR,41.16917,40.82889,Europe/Istanbul
RZZ,KRZZ,Halifax County Airport,Roanoke Rapids,US,36.4395,-77.7093,America/New_York
SAA,KSAA,Shively Field,Saratoga,US,41.4449,-106.824,America/Denver
SAB,TNCS,Juancho E. Yrausquin Airport,Saba,BQ,17.645,-63.22,America/Kralendijk
SAC,KSAC,Sacramento Executive Airport,Sacramento,US,38.5125,-121.493,America/Los_Angeles
SAD,KSAD,Safford Regional Airport,Safford,US,32.8548,-109.635,America/Phoenix
SAF,KSAF,Santa Fe Municipal Airport,Santa Fe,US,35.6171,-106.089,America/Denver
SAG,VASD,Shirdi Airport,Kakadi,IN,19.68861,74.37889,Asia/Kolkata
SAH,OYSN,Sana'a International Airport,Sana'a,YE,15.4763,44.2197,Asia/Aden
SAI,VDSA,Siem Reap–Angkor International Airport,Siem Reap,KH,13.37528,104.22083,Asia/Phnom_Penh
SAK,BIKR,Saudarkrokur Airport,Saudarkrokur,IS,65.7317,-19.5728,Atlantic/Reykjavik
SAL,MSLP,El Salvador International Airport,Santa Clara,SV,13.4409,-89.0557,America/El_Salvador
SAN,KSAN,San Diego International Airport,San Diego,US,32.7336,-117.19,America/Los_Angeles
SAP,MHLM,Ramon Villeda Morales International Airport,La Mesa,HN,15.4526,-87.9236,America/Tegucigalpa
SAQ,MYAN,San Andros Airport,Andros Island,BS,25.0538,-78.049,America/Nassau
SAR,KSAR,Sparta Community Hunter Field,Sparta,US,38.1489,-89.6987,America/Chicago
SAS,KSAS,Salton Sea Airport,Salton City,US,33.2414,-115.952,America/Los_Angeles
SAT,KSAT,San Antonio International Airport,San Antonio,US,29.5337,-98.4698,America/Chicago
SAU,WRKS,Sawu Airport,Sawu-Sawu Island,ID,-10.4833,121.9,Asia/Makassar
SAV,KSAV,Savannah Hilton Head International Airport,Savannah,US,32.1276,-81.2021,America/New_York
SAW,LTFJ,Sabiha Gokcen International Airport,Istanbul,TR,40.8986,29.3092,Europe/Istanbul
SAY,LIQS,Siena / Ampugnano Airport,Siena,IT,43.2563,11.255,Europe/Rome
SAZ,GLST,Sasstown Airport,Sasstown,LR,4.66667,-8.43333,Africa/Monrovia
SBA,KSBA,Santa Barbara Municipal Airport,Santa Barbara,US,34.4262,-119.84,America/Los_Angeles
SBB,SVSB,Santa Barbara de Barinas Airport,Santa Barbara,VE,7.80351,-71.16572,America/Caracas
SBD,KSBD,San Bernardino International Airport,San Bernardino,US,34.0954,-117.235,America/Los_Angeles
SBE,AYSA,Suabi Airport,,PG,-6.10444,142.27833,Pacific/Port_Moresby
SBG,WITN,Maimun Saleh Airport,Sabang-We Island,ID,5.87413,95.3397,Asia/Jakarta
SBH,TFFJ,Gustaf III Airport,Gustavia,BL,17.9044,-62.8436,America/St_Barthelemy
SBI,GUSB,Sambailo Airport,Koundara,GN,12.5727,-13.3585,Africa/Conakry
SBJ,SNMX,Sao Mateus Airport,Sao Mateus,BR,-18.7213,-39.8337,America/Sao_Paulo
SBK,LFRT,Saint-Brieuc-Armor Airport,Saint-Brieuc/Armor,FR,48.5378,-2.85444,Europe/Paris
SBL,SLSA,Santa Ana Del Yacuma Airport,Santa Ana del Yacuma,BO,-13.7622,-65.4352,America/La_Paz
SBM,KSBM,Sheboygan County Memorial Airport,Sheboygan,US,43.7696,-87.8514,America/Chicago
SBN,KSBN,South Bend Regional Airport,South Bend,US,41.7087,-86.3173,America/Indiana/Indianapolis
SBP,KSBP,San Luis County Regional Airport,San Luis Obispo,US,35.2368,-120.642,America/Los_Angeles
SBQ,OPSB,Sibi Airport,Sibi,PK,29.5712,67.8479,Asia/Karachi
SBR,YSII,Saibai Island Airport,Saibai Island,AU,-9.37833,142.625,Australia/Brisbane
SBS,KSBS,Steamboat Springs Bob Adams Field,Steamboat Springs,US,40.5163,-106.866,America/Denver
SBT,USDA,Sabetta Airport,Sabetta,RU,71.215,72.038,Asia/Yekaterinburg
SBU,FASB,Springbok Airport,Springbok,ZA,-29.6893,17.9396,Africa/Johannesburg
SBW,WBGS,Sibu Airport,Sibu,MY,2.2616,111.985,Asia/Kuching
SBX,KSBX,Shelby Airport,Shelby,US,48.5407,-111.871,America/Denver
SBY,KSBY,Salisbury Ocean City Wicomico Regional Airport,Salisbury,US,38.3405,-75.5103,America/New_York
SBZ,LRSB,Sibiu International Airport,Sibiu,RO,45.7856,24.0913,Europe/Bucharest
SCB,KSCB,Scribner State Airport,Scribner,US,41.6103,-96.6299,America/Chicago
SCC,PASC,Deadhorse Airport,Deadhorse,US,70.1947,-148.465,America/Anchorage
SCD,MHUL,Sulaco Airport,Sulaco,HN,14.9072,-87.2634,America/Tegucigalpa
SCE,KUNV,State College Regional Airport,State College,US,40.8493,-77.8487,America/New_York
SCF,KSDL,Scottsdale Airport,Scottsdale,US,33.6229,-111.911,America/Phoenix
SCG,YSPK,Spring Creek Airport,,AU,-18.6333,144.567,Australia/Brisbane
SCH,KSCH,Schenectady County Airport,Schenectady,US,42.8525,-73.9289,America/New_York
SCI,SVPM,Paramillo Airport,San Cristobal,VE,7.80132,-72.2029,America/Caracas
SCK,KSCK,Stockton Metropolitan Airport,Stockton,US,37.8942,-121.238,America/Los_Angeles
SCL,SCEL,Comodoro Arturo Merino Benitez International Airport,Santiago,CL,-33.393,-70.7858,America/Santiago
SCM,PACM,Scammon Bay Airport,Scammon Bay,US,61.8453,-165.571,America/Nome
SCN,EDDR,Saarbrucken Airport,Saarbrucken,DE,49.2146,7.10951,Europe/Berlin
SCO,UATE,Aktau Airport,Aktau,KZ,43.8601,51.092,Asia/Aqtau
SCP,LFNC,Mont-Dauphin - St-Crepin Airport,Mende,FR,44.7017,6.60028,Europe/Paris
SCQ,LEST,Santiago de Compostela Airport,Santiago de Compostela,ES,42.8963,-8.41514,Europe/Madrid
SCR,ESKS,Salen Scandinavian Mountains Airport,Sälen,SE,61.159,12.84,Europe/Stockholm
SCS,EGPM,Scatsta Airport,Shetland Islands,GB,60.4328,-1.29611,Europe/London
SCT,OYSQ,Socotra International Airport,Socotra Islands,YE,12.6307,53.9058,Asia/Aden
SCU,MUCU,Antonio Maceo International Airport,Santiago,CU,19.9698,-75.8354,America/Havana
SCV,LRSV,Suceava Stefan cel Mare Airport,Suceava,RO,47.6875,26.3541,Europe/Bucharest
SCW,UUYY,Syktyvkar Airport,Syktyvkar,RU,61.647,50.8451,Europe/Moscow
SCY,SEST,San Cristobal Airport,San Cristobal,EC,-0.91021,-89.6174,Pacific/Galapagos
SCZ,AGGL,Santa Cruz/Graciosa Bay/Luova Airport,Santa Cruz/Graciosa Bay/Luova,SB,-10.7203,165.795,Pacific/Guadalcanal
SDB,FALW,Langebaanweg Airport,Langebaanweg,ZA,-32.9689,18.1603,Africa/Johannesburg
SDD,FNUB,Lubango Airport,Lubango,AO,-14.9247,13.575,Africa/Luanda
SDE,SANE,Vicecomodoro Angel D. La Paz Aragones Airport,Santiago del Estero,AR,-27.76556,-64.31,America/Argentina/Cordoba
SDF,KSDF,Louisville Muhammad Ali International Airport,Louisville,US,38.1744,-85.736,America/Kentucky/Louisville
SDG,OICS,Sanandaj Airport,Sanandaj,IR,35.2459,47.0092,Asia/Tehran
SDH,MHRS,Santa Rosa Copan Airport,Santa Rosa de Copan,HN,14.8149,-88.7515,America/Tegucigalpa
SDJ,RJSS,Sendai Airport,Sendai,JP,38.1397,140.91701,Asia/Tokyo
SDK,WBKS,Sandakan Airport,Sandakan,MY,5.9009,118.059,Asia/Kuching
SDL,ESNN,Sundsvall-Harnosand Airport,Sundsvall/ Harnosand,SE,62.5281,17.4439,Europe/Stockholm
SDM,KSDM,Brown Field Municipal Airport,San Diego,US,32.5723,-116.98,America/Los_Angeles
SDN,ENSD,Sandane Airport Anda,Sandane,NO,61.83,6.10583,Europe/Oslo
SDP,PASD,Sand Point Airport,Sand Point,US,55.315,-160.52299,America/Anchorage
SDQ,MDSD,Las Americas International Airport,Santo Domingo,DO,18.4297,-69.6689,America/Santo_Domingo
SDR,LEXJ,Santander Airport,Santander,ES,43.4271,-3.82001,Europe/Madrid
SDS,RJSD,Sado Airport,Sado,JP,38.0602,138.414,Asia/Tokyo
SDT,OPSS,Saidu Sharif Airport,Saidu Sharif,PK,34.8136,72.3528,Asia/Karachi
SDU,SBRJ,Santos Dumont Airport,Rio De Janeiro,BR,-22.9105,-43.1631,America/Sao_Paulo
SDV,LLSD,Sde Dov Airport,Tel Aviv,IL,32.1147,34.7822,Asia/Jerusalem
SDX,KSEZ,Sedona Airport,Sedona,US,34.8486,-111.788,America/Phoenix
SDY,KSDY,Sidney Richland Municipal Airport,Sidney,US,47.7069,-104.193,America/Denver
SEA,KSEA,Seattle Tacoma International Airport,Seattle,US,47.449,-122.309,America/Los_Angeles
SEB,HLLS,Sabha Airport,Sabha,LY,26.987,14.4725,Africa/Tripoli
SEE,KSEE,Gillespie Field,San Diego/El Cajon,US,32.8262,-116.972,America/Los_Angeles
SEF,KSEF,Sebring Regional Airport,Sebring,US,27.4564,-81.3424,America/New_York
SEG,KSEG,Penn Valley Airport,Selinsgrove,US,40.8206,-76.8639,America/New_York
SEH,WAJS,Senggeh Airport,Senggeh-Papua Island,ID,-3.43333,140.817,Asia/Jayapura
SEM,KSEM,Craig Field,Selma,US,32.3439,-86.9878,America/Chicago
SEN,EGMC,Southend Airport,Southend,GB,51.5714,0.69556,Europe/London
SEO,DISG,Seguela Airport,Seguela,CI,7.96833,-6.71083,Africa/Abidjan
SEP,KSEP,Stephenville Clark Regional Airport,Stephenville,US,32.2153,-98.1777,America/Chicago
SEQ,WIBS,Sungai Pakning Bengkalis Airport,Bengkalis-Sumatra Island,ID,1.37,102.14,Asia/Jakarta
SER,KSER,Freeman Municipal Airport,Seymour,US,38.9236,-85.9074,America/Indiana/Indianapolis
SEU,HTSN,Seronera Airport,Seronera,TZ,-2.45806,34.8225,Africa/Dar_es_Salaam
SEV,UKCS,Sievierodonetsk Airport,Sievierodonetsk,UA,48.90033,38.54167,Europe/Kyiv
SEW,HE24,Siwa Oasis North Airport,Siwa,EG,29.3455,25.5067,Africa/Cairo
SEY,GQNS,Selibaby Airport,Selibaby,MR,15.1797,-12.2073,Africa/Nouakchott
SEZ,FSIA,Seychelles International Airport,Mahe Island,SC,-4.67434,55.5218,Indian/Mahe
SFA,DTTX,Sfax Thyna International Airport,Sfax,TN,34.718,10.691,Africa/Tunis
SFB,KSFB,Orlando Sanford International Airport,Orlando,US,28.7776,-81.2375,America/New_York
SFC,TFFC,St-Francois Airport,St-Francois,GP,16.2578,-61.2625,America/Guadeloupe
SFD,SVSR,San Fernando De Apure Airport,Inglaterra,VE,7.88332,-67.444,America/Caracas
SFE,RPUS,San Fernando Airport,San Fernando,PH,16.5956,120.303,Asia/Manila
SFF,KSFF,Felts Field,Spokane,US,47.6828,-117.323,America/Los_Angeles
SFG,TFFG,L'Esperance Airport,Grand Case,MF,18.0999,-63.0472,America/Lower_Princes
SFH,MMSF,San Felipe International Airport,San Felipe,MX,30.9302,-114.809,America/Tijuana
SFI,GMMS,Safi Airport,Safi,MA,32.2833,-9.23333,Africa/Casablanca
SFJ,BGSF,Kangerlussuaq Airport,Kangerlussuaq,GL,67.01222,-50.7116,America/Nuuk
SFK,SNSW,Soure Airport,Soure,BR,-0.69943,-48.521,America/Belem
SFL,GVSF,Sao Filipe Airport,Sao Filipe,CV,14.885,-24.48,Atlantic/Cape_Verde
SFM,KSFM,Sanford Regional Airport,Sanford,US,43.3939,-70.708,America/New_York
SFN,SAAV,Sauce Viejo Airport,Santa Fe,AR,-31.7117,-60.8117,America/Argentina/Cordoba
SFO,KSFO,San Francisco International Airport,San Francisco,US,37.619,-122.375,America/Los_Angeles
SFQ,LTCH,Sanliurfa Airport,Sanliurfa,TR,37.0943,38.8471,Europe/Istanbul
SFS,RPLB,Subic Bay International Airport,Olongapo City,PH,14.7944,120.271,Asia/Manila
SFT,ESNS,Skelleftea Airport,Skelleftea,SE,64.6248,21.0769,Europe/Stockholm
SFZ,KSFZ,North Central State Airport,Pawtucket,US,41.9208,-71.4914,America/New_York
SGA,OASN,Sheghnan Airport,Sheghnan,AF,37.567,71.5,Asia/Dushanbe
SGC,USRR,Surgut Airport,Surgut,RU,61.3437,73.4018,Asia/Yekaterinburg
SGD,EKSB,Sonderborg Airport,Sonderborg,DK,54.9644,9.79173,Europe/Copenhagen
SGE,EDGS,Siegerland Airport,Burbach,DE,50.7077,8.08297,Europe/Berlin
SGF,KSGF,Springfield Branson National Airport,Springfield,US,37.2457,-93.3886,America/Chicago
SGG,WBGY,Simanggang Airport,Simanggang,MY,1.217,111.45,Asia/Kuching
SGH,KSGH,Springfield Beckley Municipal Airport,Springfield,US,39.8403,-83.8402,America/New_York
SGI,OPSR,Mushaf Air Base,Sargodha,PK,32.0486,72.665,Asia/Karachi
SGN,VVTS,Tan Son Nhat International Airport,Ho Chi Minh City,VN,10.8188,106.652,Asia/Ho_Chi_Minh
SGO,YSGE,St George Airport,St George,AU,-28.0497,148.595,Australia/Brisbane
SGP,YSHG,Shay Gap Airport,Shay Gap,AU,-20.4247,120.141,Australia/Perth
SGQ,WRLA,Sanggata Airport,Sanggata-Timor Island,ID,0.5,117.33336,Asia/Makassar
SGR,KSGR,Sugar Land Regional Airport,Houston,US,29.6223,-95.6565,America/Chicago
SGS,RPMN,Sanga Sanga Airport,Bongao,PH,5.04699,119.743,Asia/Manila
SGT,KSGT,Stuttgart Municipal Airport,Stuttgart,US,34.5995,-91.575,America/Chicago
SGU,KSGU,St George Municipal Airport,St George,US,37.03639,-113.51031,America/Denver
SGV,SAVS,Sierra Grande Airport,Sierra Grande,AR,-41.5917,-65.3394,America/Argentina/Salta
SGX,HTSO,Songea Airport,Songea,TZ,-10.683,35.583,Africa/Dar_es_Salaam
SGY,PAGY,Skagway Airport,Skagway,US,59.4601,-135.31599,America/Juneau
SGZ,VTSH,Songkhla Airport,Songkhla,TH,7.18656,100.608,Asia/Bangkok
SHA,ZSSS,Shanghai Hongqiao International Airport,Shanghai,CN,31.1979,121.336,Asia/Shanghai
SHB,RJCN,Nakashibetsu Airport,Nakashibetsu,JP,43.5775,144.96001,Asia/Tokyo
SHC,HASC,Shire Airport,Shire,ET,14.07944,38.27083,Africa/Addis_Ababa
SHD,KSHD,Shenandoah Valley Regional Airport,Staunton/Waynesboro/Harrisonburg,US,38.2638,-78.8964,America/New_York
SHE,ZYTX,Taoxian Airport,Shenyang,CN,41.6398,123.483,Asia/Shanghai
SHG,PAGH,Shungnak Airport,Shungnak,US,66.8881,-157.162,America/Anchorage
SHH,PASH,Shishmaref Airport,Shishmaref,US,66.2496,-166.089,America/Nome
SHI,RORS,Shimojishima Airport,Miyakojima,JP,24.8267,125.145,Asia/Tokyo
SHJ,OMSJ,Sharjah International Airport,Sharjah,AE,25.3286,55.5172,Asia/Dubai
SHK,FXSH,Sehonghong Airport,Sehonghong,LS,-29.7309,28.7689,Africa/Maseru
SHL,VEBI,Shillong Airport,Shillong,IN,25.7036,91.9787,Asia/Kolkata
SHM,RJBD,Nanki Shirahama Airport,Shirahama,JP,33.6622,135.364,Asia/Tokyo
SHN,KSHN,Sanderson Field,Shelton,US,47.2336,-123.148,America/Los_Angeles
SHO,FDSK,King Mswati III International Airport,Manzini,SZ,-26.35861,31.71694,Africa/Mbabane
SHP,ZBSH,Shanhaiguan Airport,Qinhuangdao,CN,39.9681,119.731,Asia/Shanghai
SHQ,YSPT,Southport Airport,Southport,AU,-27.915,153.373,Australia/Brisbane
SHR,KSHR,Sheridan County Airport,Sheridan,US,44.7692,-106.98,America/Denver
SHS,ZHSS,Shashi Airport,Shashi,CN,30.3244,112.281,Asia/Shanghai
SHT,YSHT,Shepparton Airport,Shepparton,AU,-36.4289,145.39301,Australia/Melbourne
SHU,YSMP,Smith Point Airport,,AU,-11.15,132.14999,Australia/Darwin
SHV,KSHV,Shreveport Regional Airport,Shreveport,US,32.4466,-93.8256,America/Chicago
SHW,OESH,Sharurah Airport,Sharurah,SA,17.4669,47.1214,Asia/Riyadh
SHX,PAHX,Shageluk Airport,Shageluk,US,62.6923,-159.569,America/Anchorage
SHY,HTSY,Shinyanga Airport,Shinyanga,TZ,-3.6093,33.5035,Africa/Dar_es_Salaam
SHZ,FXSS,Seshutes Airport,Seshutes,LS,-29.2676,28.5523,Africa/Maseru
SIA,ZLSN,Xiguan Airport,Xi'an,CN,34.3767,109.12,Asia/Shanghai
SIB,FCBS,Sibiti Airport,Sibiti,CG,-3.683,13.35,Africa/Brazzaville
SID,GVAC,Amilcar Cabral International Airport,Espargos,CV,16.7414,-22.9494,Atlantic/Cape_Verde
SIE,LPSI,Sines Airport,Sines,PT,37.94169,-8.8173,Europe/Lisbon
SIF,VNSI,Simara Airport,Simara,NP,27.1595,84.9801,Asia/Kathmandu
SIG,TJIG,Fernando Luis Ribas Dominicci Airport,San Juan,PR,18.4568,-66.0981,America/Puerto_Rico
SIH,VNDT,Silgadi Doti Airport,Silgadi Doti,NP,29.2631,80.936,Asia/Kathmandu
SII,GMMF,Sidi Ifni Xx Airport,Sidi Ifni,MA,29.3667,-10.1878,Africa/Casablanca
SIJ,BISI,Siglufjordur Airport,Siglufjordur,IS,66.1333,-18.9167,Atlantic/Reykjavik
SIK,KSIK,Sikeston Memorial Municipal Airport,Sikeston,US,36.8989,-89.5618,America/Chicago
SIL,AYSG,Sila Airport,Sila Mission,PG,-9.07356,148.38925,Pacific/Port_Moresby
SIM,AYSJ,Simbai Airport,Simbai,PG,-5.27861,144.54472,Pacific/Port_Moresby
SIN,WSSS,Singapore Changi International Airport,Singapore,SG,1.35019,103.994,Asia/Singapore
SIO,YSMI,Smithton Airport,Smithton,AU,-40.835,145.084,Australia/Hobart
SIP,UKFF,Simferopol International Airport,Simferopol,UA,45.0522,33.9751,Europe/Simferopol
SIQ,WIDS,Dabo Airport,Pasirkuning-Singkep Island,ID,-0.47919,104.579,Asia/Jakarta
SIR,LSGS,Sion Airport,Sion,CH,46.2196,7.32676,Europe/Zurich
SIS,FASS,Sishen Airport,Sishen,ZA,-27.6486,22.9993,Africa/Johannesburg
SIT,PASI,Sitka Rocky Gutierrez Airport,Sitka,US,57.0471,-135.362,America/Sitka
SIU,MNSI,Siuna,Siuna,NI,13.72722,-84.77778,America/Managua
SIV,KSIV,Sullivan County Airport,Sullivan,US,39.1147,-87.4483,America/Indiana/Indianapolis
SIW,WIMP,Parapat Airport,Parapat-Sumatra Island,ID,2.66667,98.93333,Asia/Jakarta
SIX,YSGT,Singleton Airport,Singleton,AU,-32.60083,151.19306,Australia/Sydney
SIY,KSIY,Siskiyou County Airport,Montague,US,41.7814,-122.468,America/Los_Angeles
SJA,SPJN,San Juan de Marcona Airport,San Juan de Marcona,PE,-15.3525,-75.1372,America/Lima
SJB,SLJO,San Joaquin Airport,San Joaquin,BO,-13.0528,-64.6617,America/La_Paz
SJC,KSJC,Norman Y. Mineta San Jose International Airport,San Jose,US,37.3626,-121.929,America/Los_Angeles
SJD,MMSD,Los Cabos International Airport,San Jose del Cabo,MX,23.1518,-109.721,America/Mazatlan
SJE,SKSJ,Jorge E. Gonzalez Torres Airport,San Jose Del Guaviare,CO,2.57969,-72.6394,America/Bogota
SJI,RPUH,San Jose Airport,San Jose,PH,12.3615,121.047,Asia/Manila
SJJ,LQSA,Sarajevo International Airport,Sarajevo,BA,43.8246,18.3315,Europe/Sarajevo
SJK,SBSJ,Professor Urbano Ernesto Stumpf Airport,Sao Jose Dos Campos,BR,-23.2292,-45.8615,America/Sao_Paulo
SJL,SBUA,Sao Gabriel da Cachoeira Airport,Sao Gabriel Da Cachoeira,BR,-0.14835,-66.9855,America/Manaus
SJN,KSJN,St Johns Industrial Air Park,St Johns,US,34.5186,-109.379,America/Phoenix
SJO,MROC,Juan Santamaria International Airport,San Jose,CR,9.99386,-84.2088,America/Costa_Rica
SJP,SBSR,Sao Jose do Rio Preto Airport,Sao Jose Do Rio Preto,BR,-20.8166,-49.4065,America/Sao_Paulo
SJQ,FLSS,Sesheke Airport,Sesheke,ZM,-17.4763,24.3047,Africa/Lusaka
SJS,SLJE,San Jose De Chiquitos Airport,San Jose de Chiquitos,BO,-17.8308,-60.7431,America/La_Paz
SJT,KSJT,San Angelo Regional Mathis Field,San Angelo,US,31.3577,-100.496,America/Chicago
SJU,TJSJ,Luis Munoz Marin International Airport,San Juan,PR,18.4394,-66.0018,America/Puerto_Rico
SJV,SLJV,San Javier Airport,San Javier,BO,-16.2708,-62.4703,America/La_Paz
SJW,ZBSJ,Shijiazhuang Daguocun International Airport,Shijiazhuang,CN,38.2807,114.697,Asia/Shanghai
SJY,EFSI,Seinajoki Airport,Seinajoki / Ilmajoki,FI,62.6921,22.8323,Europe/Helsinki
SJZ,LPSJ,Sao Jorge Airport,Velas,PT,38.6655,-28.1758,Atlantic/Azores
SKA,KSKA,Fairchild Air Force Base,Spokane,US,47.6151,-117.656,America/Los_Angeles
SKB,TKPK,Robert L. Bradshaw International Airport,Basseterre,KN,17.3112,-62.7187,America/St_Kitts
SKC,AYSU,Suki Airport,Suki,PG,-8.0466,141.7222,Pacific/Port_Moresby
SKD,UZSS,Samarkand Airport,Samarkand,UZ,39.7005,66.9838,Asia/Samarkand
SKE,ENSN,Skien Airport,Geiteryggen,NO,59.185,9.56694,Europe/Oslo
SKF,KSKF,Lackland Air Force Base (Kelly Field Annex) Airport,San Antonio,US,29.3842,-98.5811,America/Chicago
SKG,LGTS,Thessaloniki Macedonia International Airport,Thessaloniki,GR,40.5197,22.9709,Europe/Athens
SKH,VNSK,Surkhet Airport,Surkhet,NP,28.586,81.636,Asia/Kathmandu
SKK,PFSH,Shaktoolik Airport,Shaktoolik,US,64.3711,-161.224,America/Anchorage
SKL,XBRO,Skye Bridge Ashaig Airport,Broadford,GB,57.2534,-5.8279,Europe/London
SKN,ENSK,Stokmarknes Skagen Airport,Hadsel,NO,68.57883,15.03342,Europe/Oslo
SKO,DNSO,Sadiq Abubakar III International Airport,Sokoto,NG,12.9163,5.20719,Africa/Lagos
SKP,LWSK,Skopje Alexander the Great Airport,Skopje,MK,41.9616,21.6214,Europe/Skopje
SKQ,FXSK,Sekakes Airport,Sekakes,LS,-30.0389,28.3703,Africa/Maseru
SKS,EKSP,Vojens Skrydstrup Airport,Vojens,DK,55.2256,9.26393,Europe/Copenhagen
SKT,OPST,Sialkot Airport,Sialkot,PK,32.53556,74.36389,Asia/Karachi
SKU,LGSY,Skiros Airport,Skiros Island,GR,38.9676,24.4872,Europe/Athens
SKV,HESC,St Catherine International Airport,Saint Catherine,EG,28.6853,34.0625,Africa/Cairo
SKW,PASW,Skwentna Airport,Skwentna,US,61.9653,-151.19099,America/Anchorage
SKX,UWPS,Saransk Airport,Saransk,RU,54.12513,45.21226,Europe/Moscow
SKZ,OPSK,Sukkur Airport,Mirpur Khas,PK,27.722,68.7917,Asia/Karachi
SLA,SASA,Martin Miguel De Guemes International Airport,Salta,AR,-24.856,-65.4862,America/Argentina/Salta
SLB,KSLB,Storm Lake Municipal Airport,Storm Lake,US,42.5973,-95.2407,America/Chicago
SLC,KSLC,Salt Lake City International Airport,Salt Lake City,US,40.7884,-111.978,America/Denver
SLD,LZSL,Sliac Airport,Sliac,SK,48.6378,19.1341,Europe/Bratislava
SLE,KSLE,McNary Field,Salem,US,44.9095,-123.003,America/Los_Angeles
SLF,OESL,Sulayel Airport,As-Sulayyil,SA,20.4647,45.6196,Asia/Riyadh
SLG,KSLG,Smith Field,Siloam Springs,US,36.1919,-94.49,America/Chicago
SLH,NVSC,Sola Airport,Sola,VU,-13.8517,167.537,Pacific/Efate
SLI,FLSW,Solwesi Airport,Solwesi,ZM,-12.1737,26.3651,Africa/Lusaka
SLJ,YSOL,Solomon Airport,Karijini National Park,AU,-22.25528,117.76194,Australia/Perth
SLK,KSLK,Adirondack Regional Airport,Saranac Lake,US,44.3853,-74.2062,America/New_York
SLL,OOSA,Salalah Airport,Salalah,OM,17.0387,54.0913,Asia/Muscat
SLM,LESA,Salamanca Airport,Salamanca,ES,40.9521,-5.50199,Europe/Madrid
SLN,KSLN,Salina Municipal Airport,Salina,US,38.791,-97.6522,America/Chicago
SLO,KSLO,Salem Leckrone Airport,Salem,US,38.6429,-88.9642,America/Chicago
SLP,MMSP,Ponciano Arriaga International Airport,San Luis Potosi,MX,22.2543,-100.931,America/Mexico_City
SLQ,PASL,Sleetmute Airport,Sleetmute,US,61.7005,-157.166,America/Anchorage
SLR,KSLR,Sulphur Springs Municipal Airport,Sulphur Springs,US,33.1598,-95.6211,America/Chicago
SLS,LBSS,Silistra Polkovnik Lambrinovo Airfield,Silistra,BG,44.0552,27.1788,Europe/Sofia
SLT,KANK,Harriet Alexander Field,Salida,US,38.5383,-106.049,America/Denver
SLU,TLPC,George F. L. Charles Airport,Castries,LC,14.0202,-60.9929,America/St_Lucia
SLV,VISM,Shimla Airport,Shimla,IN,31.0818,77.068,Asia/Kolkata
SLW,MMIO,Plan De Guadalupe International Airport,Saltillo,MX,25.5495,-100.929,America/Monterrey
SLX,MBSY,Salt Cay Airport,Salt Cay,TC,21.333,-71.2,America/Grand_Turk
SLY,USDD,Salekhard Airport,Salekhard,RU,66.5908,66.611,Asia/Yekaterinburg
SLZ,SBSL,Marechal Cunha Machado International Airport,Sao Luis,BR,-2.58536,-44.2341,America/Fortaleza
SMA,LPAZ,Santa Maria Airport,Vila do Porto,PT,36.9714,-25.1706,Atlantic/Azores
SMB,SCSB,Franco Bianco Airport,Cerro Sombrero,CL,-52.7367,-69.3336,America/Punta_Arenas
SMD,KSMD,Smith Field,Fort Wayne,US,41.1434,-85.1528,America/Indiana/Indianapolis
SME,KSME,Lake Cumberland Regional Airport,Somerset,US,37.0534,-84.6159,America/New_York
SMF,KSMF,Sacramento International Airport,Sacramento,US,38.6954,-121.591,America/Los_Angeles
SMG,SPMR,Santa Maria Airport,Santa Maria,PE,-11.98333,-77.0,America/Lima
SMI,LGSM,Samos Airport,Samos Island,GR,37.69,26.9117,Europe/Athens
SMK,PAMK,St Michael Airport,St Michael,US,63.4901,-162.11,America/Nome
SML,MYLS,Stella Maris Airport,Stella Maris,BS,23.58232,-75.26862,America/Nassau
SMM,WBKA,Semporna Airport,Semporna,MY,4.45,118.583,Asia/Kuching
SMN,KSMN,Lemhi County Airport,Salmon,US,45.1238,-113.881,America/Boise
SMO,KSMO,Santa Monica Municipal Airport,Santa Monica,US,34.0158,-118.451,America/Los_Angeles
SMQ,WAOS,Sampit(Hasan) Airport,Sampit-Borneo Island,ID,-2.49919,112.975,Asia/Pontianak
SMR,SKSM,Simon Bolivar International Airport,Santa Marta,CO,11.1196,-74.2306,America/Bogota
SMS,FMMS,Sainte Marie Airport,Sainte Marie,MG,-17.0939,49.8158,Indian/Antananarivo
SMU,PASP,Sheep Mountain Airport,Sheep Mountain,US,61.812,-147.507,America/Anchorage
SMV,LSZS,Samedan Airport,St. Moritz,CH,46.5341,9.88411,Europe/Zurich
SMW,GMMA,Smara Airport,Smara,EH,26.7318,-11.6847,Africa/El_Aaiun
SMX,KSMX,Santa Maria Pub/Capt G Allan Hancock Field,Santa Maria,US,34.8989,-120.457,America/Los_Angeles
SMY,GOTS,Simenti Airport,Simenti,SN,13.0468,-13.2954,Africa/Dakar
SMZ,SMST,Stoelmanseiland Airport,Stoelmanseiland,SR,4.35,-54.41667,America/Paramaribo
SNA,KSNA,John Wayne Airport-Orange County Airport,Santa Ana,US,33.6757,-117.868,America/Los_Angeles
SNB,YSNB,Snake Bay Airport,Milikapiti,AU,-11.4228,130.65401,Australia/Darwin
SNC,SESA,General Ulpiano Paez Airport,Salinas,EC,-2.20499,-80.9889,America/Guayaquil
SNE,GVSN,Preguica Airport,Preguica,CV,16.5884,-24.2847,Atlantic/Cape_Verde
SNF,SVSP,Sub Teniente Nestor Arias Airport,San Felipe,VE,10.2787,-68.7552,America/Caracas
SNG,SLSI,Capitan Av. Juan Cochamanidis S. Airport,San Ignacio de Velasco,BO,-16.3836,-60.9628,America/La_Paz
SNH,YSPE,Stanthorpe Airport,Stanthorpe,AU,-28.6203,151.991,Australia/Brisbane
SNI,GLGE,Greenville Sinoe Airport,Greenville,LR,5.03431,-9.0668,Africa/Monrovia
SNJ,MUSJ,San Julian Air Base,Pinar Del Rio,CU,22.0953,-84.152,America/Havana
SNK,KSNK,Winston Field,Snyder,US,32.6934,-100.95,America/Chicago
SNL,KSNL,Shawnee Regional Airport,Shawnee,US,35.3579,-96.9428,America/Chicago
SNM,SLSM,San Ignacio de Moxos Airport,San Ignacio de Moxos,BO,-14.0,-65.6339,America/La_Paz
SNN,EINN,Shannon Airport,Shannon,IE,52.702,-8.92482,Europe/Dublin
SNO,VTUI,Sakon Nakhon Airport,Sakon Nakhon,TH,17.1951,104.119,Asia/Bangkok
SNP,PASN,St Paul Island Airport,St Paul Island,US,57.1673,-170.22,America/Nome
SNR,LFRZ,Saint-Nazaire-Montoir Airport,Saint-Nazaire/Montoir,FR,47.3122,-2.14918,Europe/Paris
SNS,KSNS,Salinas Municipal Airport,Salinas,US,36.6628,-121.606,America/Los_Angeles
SNU,MUSC,Abel Santamaria Airport,Santa Clara,CU,22.4922,-79.9436,America/Havana
SNV,SVSE,Santa Elena de Uairen Airport,Santa Elena de Uairen,VE,4.555,-61.15,America/Caracas
SNW,VYTD,Thandwe Airport,Thandwe,MM,18.4607,94.3001,Asia/Yangon
SNX,OIIS,Semnan Airport,Semnan,IR,35.5911,53.4951,Asia/Tehran
SNY,KSNY,Sidney Municipal-Lloyd W Carr Field,Sidney,US,41.1013,-102.985,America/Denver
SNZ,SBSC,Santa Cruz Airport,Rio De Janeiro,BR,-22.9324,-43.7191,America/Sao_Paulo
SOB,LHSM,Sarmellek International Airport,Sarmellek,HU,46.6864,17.1591,Europe/Budapest
SOC,WARQ,Adi Sumarmo Wiryokusumo Airport,Sukarata(Solo)-Java Island,ID,-7.51609,110.757,Asia/Jakarta
SOD,SDCO,Sorocaba Airport,Sorocaba,BR,-23.478,-47.49,America/Sao_Paulo
SOE,FCOS,Souanke Airport,Souanke,CG,2.067,14.133,Africa/Brazzaville
SOF,LBSF,Sofia Airport,Sofia,BG,42.69669,23.41144,Europe/Sofia
SOG,ENSG,Sogndal Airport,Sogndal,NO,61.1561,7.13778,Europe/Oslo
SOJ,ENSR,Sorkjosen Airport,Sorkjosen,NO,69.7868,20.9594,Europe/Oslo
SOK,FXSM,Semonkong Airport,Semonkong,LS,-29.8386,28.06,Africa/Maseru
SOM,SVST,San Tome Airport,El Tigre,VE,8.94515,-64.15108,America/Caracas
SON,NVSS,Santo Pekoa International Airport,Luganville,VU,-15.505,167.22,Pacific/Efate
SOO,ESNY,Soderhamn Airport,Soderhamn,SE,61.2615,17.0991,Europe/Stockholm
SOP,KSOP,Moore County Airport,Pinehurst/Southern Pines,US,35.2374,-79.3912,America/New_York
SOQ,WASS,Sorong (Jefman) Airport,Sorong-Papua Island,ID,-0.92636,131.121,Asia/Jayapura
SOT,EFSO,Sodankyla Airport,Sodankyla,FI,67.395,26.6191,Europe/Helsinki
SOU,EGHI,Southampton Airport,Southampton,GB,50.9503,-1.3568,Europe/London
SOV,PASO,Seldovia Airport,Seldovia,US,59.4424,-151.70399,America/Anchorage
SOW,KSOW,Show Low Regional Airport,Show Low,US,34.2655,-110.006,America/Phoenix
SOX,SKSO,Alberto Lleras Camargo Airport,Sogamoso,CO,5.67732,-72.9703,America/Bogota
SOY,EGER,Stronsay Airport,Stronsay,GB,59.1553,-2.64139,Europe/London
SOZ,LFKS,Solenzara (BA 126) Air Base,Solenzara,FR,41.9244,9.406,Europe/Paris
SPA,KSPA,Spartanburg Downtown Memorial Airport,Spartanburg,US,34.9157,-81.9565,America/New_York
SPC,GCLA,La Palma Airport,Sta Cruz de la Palma,ES,28.6265,-17.7556,Atlantic/Canary
SPD,VGSD,Saidpur Airport,Saidpur,BD,25.7592,88.9089,Asia/Dhaka
SPE,WBKO,Sepulot Airport,Sepulot,MY,4.733,116.467,Asia/Kuching
SPF,KSPF,Black Hills Clyde Ice Field,Spearfish,US,44.4803,-103.783,America/Denver
SPG,KSPG,Albert Whitted Airport,St Petersburg,US,27.7651,-82.627,America/New_York
SPI,KSPI,Abraham Lincoln Capital Airport,Springfield,US,39.8441,-89.6779,America/Chicago
SPJ,LGSP,Sparti Airport,Sparti,GR,36.9739,22.5263,Europe/Athens
SPM,ETAD,Spangdahlem Air Base,Trier,DE,49.9727,6.6925,Europe/Berlin
SPN,PGSN,Francisco C. Ada Saipan International Airport,Saipan Island,MP,15.119,145.729,Pacific/Saipan
SPP,FNME,Menongue Airport,Menongue,AO,-14.6576,17.7198,Africa/Luanda
SPS,KSPS,Sheppard Air Force Base-Wichita Falls Municipal Airport,Wichita Falls,US,33.9888,-98.4919,America/Chicago
SPU,LDSP,Split Airport,Split,HR,43.5389,16.298,Europe/Zagreb
SPW,KSPW,Spencer Municipal Airport,Spencer,US,43.1655,-95.2028,America/Chicago
SPX,HESX,Sphinx International Airport,Giza,EG,30.11472,30.89333,Africa/Cairo
SPY,DISP,San Pedro Airport,San-Pedro,CI,4.74672,-6.66082,Africa/Abidjan
SPZ,KASG,Springdale Municipal Airport,Springdale,US,36.1764,-94.1193,America/Chicago
SQA,KIZA,Santa Ynez Airport,Santa Ynez,US,34.6068,-120.076,America/Los_Angeles
SQC,YSCR,Southern Cross Airport,Southern Cross,AU,-31.24,119.36,Australia/Perth
SQD,SPSF,San Francisco Airport,San Francisco de Yeso,PE,-6.61668,-77.7667,America/Lima
SQG,WIOS,Sintang(Susilo) Airport,Sintang-Borneo Island,ID,0.06362,111.473,Asia/Pontianak
SQH,VVNS,Na-San Airport,Son-La,VN,21.217,104.033,Asia/Bangkok
SQI,KSQI,Whiteside Co Arpt-Jos H Bittorf field,Sterling/Rockfalls,US,41.7428,-89.6763,America/Chicago
SQJ,ZSSM,Sanming Shaxian Airport,Sanming,CN,26.42806,117.845,Asia/Shanghai
SQL,KSQL,San Carlos Airport,San Carlos,US,37.5119,-122.25,America/Los_Angeles
SQM,SWUA,Sao Miguel do Araguaia Airport,Sao Miguel Do Araguaia,BR,-13.3313,-50.1976,America/Sao_Paulo
SQN,WAPN,Emalamo Sanana Airport,Sanana-Seram Island,ID,-2.08051,125.967,Asia/Jayapura
SQO,ESUD,Storuman Airport,Storuman,SE,64.9609,17.6966,Europe/Stockholm
SQQ,EYSA,Siauliai International Airport,Siauliai,LT,55.8939,23.395,Europe/Vilnius
SQR,WAWS,Soroako Airport,Soroako-Celebes Island,ID,-2.5312,121.358,Asia/Makassar
SQU,SPOA,Saposoa Airport,Plaza Saposoa,PE,-6.96003,-76.7684,America/Lima
SQW,EKSV,Skive Airport,Skive,DK,56.5502,9.17298,Europe/Copenhagen
SQX,SSOE,Sao Miguel do Oeste Airport,Sao Miguel Do Oeste,BR,-26.7816,-53.5035,America/Sao_Paulo
SQY,SSRU,Sao Lourenco do Sul Airport,Sao Lourenco Do Sul,BR,-31.3833,-52.0328,America/Sao_Paulo
SQZ,EGXP,RAF Scampton,Scampton,GB,53.3078,-0.55083,Europe/London
SRA,SSZR,Santa Rosa Airport,Santa Rosa,BR,-27.9067,-54.5204,America/Sao_Paulo
SRB,SLSR,Santa Rosa De Yacuma Airport,Santa Rosa,BO,-14.0662,-66.7868,America/La_Paz
SRC,KSRC,Searcy Municipal Airport,Searcy,US,35.2106,-91.7375,America/Chicago
SRD,SLRA,San Ramon Airport,San Ramon / Mamore,BO,-13.2639,-64.6039,America/La_Paz
SRE,SLAL,AlcantarÃ­ International Airport,Sucre,BO,-19.24627,-65.15104,America/La_Paz
SRG,WARS,Achmad Yani Airport,Semarang-Java Island,ID,-6.97273,110.375,Asia/Jakarta
SRH,FTTA,Sarh Airport,Sarh,TD,9.14444,18.3744,Africa/Ndjamena
SRJ,SLSB,Capitan Av. German Quiroga G. Airport,San Borja,BO,-14.8592,-66.7375,America/La_Paz
SRN,YSRN,Strahan Airport,Strahan,AU,-42.155,145.29201,Australia/Hobart
SRP,ENSO,Stord Airport,Leirvik,NO,59.7919,5.34085,Europe/Oslo
SRQ,KSRQ,Sarasota Bradenton International Airport,Sarasota/Bradenton,US,27.3954,-82.5544,America/New_York
SRT,HUSO,Soroti Airport,Soroti,UG,1.72769,33.6228,Africa/Kampala
SRW,KRUQ,Mid-Carolina Regional Airport,Salisbury,US,35.6459,-80.5203,America/New_York
SRX,HLGD,Gardabya Airport,Sirt,LY,31.0635,16.595,Africa/Tripoli
SRY,OINZ,Dasht-e Naz Airport,Sari,IR,36.6358,53.1936,Asia/Tehran
SRZ,SLET,El Trompillo Airport,Santa Cruz,BO,-17.8116,-63.1715,America/La_Paz
SSA,SBSV,Deputado Luiz Eduardo Magalhaes International Airport,Salvador,BR,-12.90862,-38.32288,America/Bahia
SSC,KSSC,Shaw Air Force Base,Sumter,US,33.9727,-80.4706,America/New_York
SSD,SCSF,Victor Lafon Airport,San Felipe,CL,-32.7458,-70.705,America/Santiago
SSE,VASL,Solapur Airport,Solapur,IN,17.628,75.9348,Asia/Kolkata
SSF,KSSF,Stinson Municipal Airport,San Antonio,US,29.337,-98.4711,America/Chicago
SSG,FGSL,Malabo Airport,Malabo,GQ,3.75527,8.70872,Africa/Malabo
SSH,HESH,Sharm El Sheikh International Airport,Sharm el-Sheikh,EG,27.9773,34.395,Africa/Cairo
SSI,KSSI,St. Simons Island Airport at McKinnon Field,Brunswick,US,31.1518,-81.3913,America/New_York
SSJ,ENST,Sandnessjoen Airport Stokka,Alstahaug,NO,65.9568,12.4689,Europe/Oslo
SSN,RKSM,Seoul Air Base,Seongnam,KR,37.4458,127.114,Asia/Seoul
SSO,SNLO,Sao Lourenco Airport,Sao Lourenco,BR,-22.0909,-45.0445,America/Sao_Paulo
SSR,NVSH,Sara Airport,Pentecost Island,VU,-15.4708,168.15199,Pacific/Efate
SST,SAZL,Santa Teresita Airport,Santa Teresita,AR,-36.5423,-56.7218,America/Argentina/Buenos_Aires
SSX,LTAQ,Samsun Samair Airport,Samsun,TR,41.27864,36.30518,Europe/Istanbul
SSY,FNBC,Mbanza Congo Airport,Mbanza Congo,AO,-6.2699,14.247,Africa/Luanda
SSZ,SBST,Base Aerea de Santos Airport,Guaruja,BR,-23.92806,-46.29972,America/Sao_Paulo
STA,EKVJ,Stauning Airport,Skjern / Ringkobing,DK,55.9901,8.35391,Europe/Copenhagen
STB,SVSZ,Santa Barbara del Zulia Airport,Santa Barbara del Zulia,VE,8.97455,-71.94325,America/Caracas
STC,KSTC,St Cloud Regional Airport,St Cloud,US,45.5466,-94.0599,America/Chicago
STD,SVSO,Mayor Buenaventura Vivas International Airport,Santo Domingo,VE,7.56538,-72.0351,America/Caracas
STE,KSTE,Stevens Point Municipal Airport,Stevens Point,US,44.5452,-89.5303,America/Chicago
STG,PAPB,St George Airport,St George,US,56.5783,-169.662,America/Nome
STH,YSMR,Strathmore Airport,,AU,-17.85,142.567,Australia/Brisbane
STI,MDST,Cibao International Airport,Santiago,DO,19.4061,-70.6047,America/Santo_Domingo
STJ,KSTJ,Rosecrans Memorial Airport,St Joseph,US,39.7719,-94.9097,America/Chicago
STK,KSTK,Sterling Municipal Airport,Sterling,US,40.6153,-103.265,America/Denver
STL,KSTL,Lambert St Louis International Airport,St Louis,US,38.7487,-90.37,America/Chicago
STM,SBSN,Maestro Wilson Fonseca Airport,Santarem,BR,-2.42472,-54.78583,America/Santarem
STN,EGSS,London Stansted Airport,London,GB,51.885,0.235,Europe/London
STP,KSTP,St Paul Downtown Holman Field,St Paul,US,44.9345,-93.06,America/Chicago
STQ,KOYM,St Marys Municipal Airport,St Marys,US,41.4125,-78.5026,America/New_York
STR,EDDS,Stuttgart Airport,Stuttgart,DE,48.6899,9.22196,Europe/Berlin
STS,KSTS,Charles M. Schulz Sonoma County Airport,Santa Rosa,US,38.509,-122.813,America/Los_Angeles
STT,TIST,Cyril E. King Airport,Charlotte Amalie,VI,18.3373,-64.9734,America/St_Thomas
STV,VASU,Surat Airport,Surat,IN,21.1141,72.7418,Asia/Kolkata
STW,URMT,Stavropol Shpakovskoye Airport,Stavropol,RU,45.1092,42.1128,Europe/Moscow
STX,TISX,Henry E Rohlsen Airport,Christiansted,VI,17.7019,-64.7986,America/St_Thomas
STY,SUSO,Nueva Hesperides International Airport,Salto,UY,-31.4385,-57.9853,America/Montevideo
STZ,SWST,Santa Terezinha Airport,Santa Terezinha,BR,-10.46472,-50.51861,America/Araguaina
SUA,KSUA,Witham Field,Stuart,US,27.1817,-80.2211,America/New_York
SUB,WARR,Juanda International Airport,Surabaya,ID,-7.37983,112.787,Asia/Jakarta
SUD,KSUD,Stroud Municipal Airport,Stroud,US,35.7896,-96.6557,America/Chicago
SUE,KSUE,Door County Cherryland Airport,Sturgeon Bay,US,44.8437,-87.4215,America/Chicago
SUF,LICA,Lamezia Terme Airport,Lamezia Terme,IT,38.9054,16.2423,Europe/Rome
SUG,RPMS,Surigao Airport,Surigao City,PH,9.75584,125.48095,Asia/Manila
SUH,OOSR,Sur Airport,Sur,OM,22.533,59.483,Asia/Muscat
SUI,UGSS,Sukhumi Dranda Airport,Sukhumi,GE,42.8582,41.1281,Asia/Tbilisi
SUJ,LRSM,Satu Mare Airport,Satu Mare,RO,47.7033,22.8857,Europe/Bucharest
SUL,OPSU,Sui Airport,Sui,PK,28.6451,69.1769,Asia/Karachi
SUM,KSMS,Sumter Airport,Sumter,US,33.995,-80.3613,America/New_York
SUN,KSUN,Friedman Memorial Airport,Hailey,US,43.5044,-114.296,America/Boise
SUO,KS21,Sunriver Airport,Sunriver,US,43.8763,-121.453,America/Los_Angeles
SUP,WART,Trunojoyo Airport,Sumenep-Madura Island,ID,-7.02425,113.89021,Asia/Jakarta
SUQ,SESC,Sucua Airport,Sucua,EC,-2.483,-78.167,America/Guayaquil
SUR,CJV7,Summer Beaver Airport,Summer Beaver,CA,52.7086,-88.5419,America/Toronto
SUS,KSUS,Spirit of St Louis Airport,St Louis,US,38.6621,-90.652,America/Chicago
SUT,HTSU,Sumbawanga Airport,Sumbawanga,TZ,-7.967,31.667,Africa/Dar_es_Salaam
SUU,KSUU,Travis Air Force Base,Fairfield,US,38.2627,-121.927,America/Los_Angeles
SUV,NFNA,Nausori International Airport,Nausori,FJ,-18.0433,178.55901,Pacific/Fiji
SUW,KSUW,Richard I Bong Airport,Superior,US,46.6897,-92.0947,America/Chicago
SUX,KSUX,Sioux Gateway Col. Bud Day Field,Sioux City,US,42.4026,-96.3844,America/Chicago
SUY,UENS,Suntar Airport,Suntar,RU,62.185,117.635,Asia/Yakutsk
SVA,PASA,Savoonga Airport,Savoonga,US,63.6864,-170.493,America/Nome
SVB,FMNS,Sambava Airport,Sambava,MG,-14.2786,50.1747,Indian/Antananarivo
SVC,KSVC,Grant County Airport,Silver City,US,32.6365,-108.156,America/Denver
SVD,TVSA,Argyle International Airport,Argyle,VC,13.16267,-61.15137,America/St_Vincent
SVE,KSVE,Susanville Municipal Airport,Susanville,US,40.3757,-120.573,America/Los_Angeles
SVF,DBBS,Save Airport,Save,BJ,8.01817,2.46458,Africa/Porto-Novo
SVG,ENZV,Stavanger Airport Sola,Stavanger,NO,58.8767,5.63778,Europe/Oslo
SVH,KSVH,Statesville Regional Airport,Statesville,US,35.7653,-80.9539,America/New_York
SVI,SKSV,Eduardo Falla Solano Airport,San Vicente Del Caguan,CO,2.15217,-74.7663,America/Bogota
SVJ,ENSH,Svolvaer Helle Airport,Svolvaer,NO,68.2433,14.6692,Europe/Oslo
SVL,EFSA,Savonlinna Airport,Savonlinna,FI,61.9431,28.9451,Europe/Helsinki
SVN,KSVN,Hunter Army Air Field,Savannah,US,32.01,-81.1457,America/New_York
SVO,UUEE,Sheremetyevo International Airport,Moscow,RU,55.9726,37.4146,Europe/Moscow
SVP,FNKU,Kuito Airport,Kuito,AO,-12.4046,16.9474,Africa/Luanda
SVQ,LEZL,Sevilla Airport,Sevilla,ES,37.418,-5.89311,Europe/Madrid
SVT,FBSV,Savuti Airport,Savuti,BW,-18.5206,24.0767,Africa/Gaborone
SVU,NFNS,Savusavu Airport,Savusavu,FJ,-16.8028,179.341,Pacific/Fiji
SVW,PASV,Sparrevohn LRRS Airport,Sparrevohn,US,61.0974,-155.57401,America/Anchorage
SVX,USSS,Koltsovo Airport,Yekaterinburg,RU,56.7431,60.8027,Asia/Yekaterinburg
SVZ,SVSA,San Antonio Del Tachira Airport,San Antonio del Tachira,VE,7.84083,-72.4397,America/Bogota
SWA,ZGOW,Shantou Waisha Airport,Shantou,CN,23.4269,116.762,Asia/Shanghai
SWC,YSWL,Stawell Airport,Stawell,AU,-37.0717,142.741,Australia/Melbourne
SWD,PAWD,Seward Airport,Seward,US,60.1269,-149.41901,America/Anchorage
SWF,KSWF,Stewart International Airport,Newburgh,US,41.5041,-74.1048,America/New_York
SWH,YSWH,Swan Hill Airport,Swan Hill,AU,-35.3758,143.533,Australia/Melbourne
SWJ,NVSX,Southwest Bay Airport,Malekula Island,VU,-16.4864,167.4472,Pacific/Efate
SWN,OPSW,Sahiwal Airport,Sahiwal,PK,31.88944,72.39167,Asia/Karachi
SWO,KSWO,Stillwater Regional Airport,Stillwater,US,36.1612,-97.0857,America/Chicago
SWP,FYSM,Swakopmund Airport,Swakopmund,NA,-22.6619,14.5681,Africa/Windhoek
SWQ,WADS,Sumbawa Besar Airport,Sumbawa Island,ID,-8.48904,117.412,Asia/Makassar
SWS,EGFH,Swansea Airport,Swansea,GB,51.6053,-4.06783,Europe/London
SWT,UNSS,Strezhevoy Airport,Strezhevoy,RU,60.7094,77.66,Asia/Tomsk
SWU,RKSW,Suwon Airport,Suwon,KR,37.2394,127.007,Asia/Seoul
SWV,UHMW,Severo-Evensk Airport,Evensk,RU,61.92167,159.23,Asia/Magadan
SWW,KSWW,Avenger Field,Sweetwater,US,32.4674,-100.467,America/Chicago
SWX,FBSW,Shakawe Airport,Shakawe,BW,-18.3739,21.8326,Africa/Gaborone
SWY,WMBA,Sitiawan Airport,Sitiawan,MY,4.21639,100.69861,Asia/Kuala_Lumpur
SXB,LFST,Strasbourg Airport,Strasbourg,FR,48.5383,7.62823,Europe/Paris
SXE,YWSL,West Sale Airport,West Sale,AU,-38.0917,146.965,Australia/Melbourne
SXG,FLSN,Senanga Airport,Senanga,ZM,-16.1,23.267,Africa/Lusaka
SXI,OIBS,Sirri Island Airport,Sirri,IR,25.9089,54.5394,Asia/Tehran
SXJ,ZWSS,Shanshan Airport,Shanshan,CN,42.9117,90.2475,Asia/Shanghai
SXK,WAPI,Saumlaki Airport,Saumlaki-Yamdena Island,ID,-7.98861,131.306,Asia/Jayapura
SXL,EISG,Sligo Airport,Sligo,IE,54.2802,-8.59921,Europe/Dublin
SXM,TNCM,Princess Juliana International Airport,Saint Martin,SX,18.041,-63.1089,America/Lower_Princes
SXN,FBSN,Sua Pan Airport,Sowa,BW,-20.5534,26.1158,Africa/Gaborone
SXO,SWFX,Sao Felix do Araguaia Airport,Sao Felix Do Araguaia,BR,-11.6324,-50.6896,America/Cuiaba
SXQ,PASX,Soldotna Airport,Soldotna,US,60.4757,-151.034,America/Anchorage
SXR,VISR,Sheikh ul Alam Airport,Srinagar,IN,33.9871,74.7742,Asia/Kolkata
SXS,WBKH,Sahabat [Sahabat 16] Airport,Sahabat,MY,5.08778,119.094,Asia/Kuching
SXT,WMAN,Sungai Tiang Airport,Taman Negara,MY,4.33028,102.395,Asia/Kuala_Lumpur
SXU,HASD,Soddu Airport,Soddu,ET,6.817,37.75,Africa/Addis_Ababa
SXV,VOSM,Salem Airport,Salem,IN,11.7833,78.0656,Asia/Kolkata
SXX,SNFX,Sao Felix do Xingu Airport,Sao Felix Do Xingu,BR,-6.64028,-51.99,America/Belem
SXZ,LTCL,Siirt Airport,Siirt,TR,37.9789,41.8404,Europe/Istanbul
SYA,PASY,Eareckson Air Station,Shemya,US,52.7123,174.114,America/Adak
SYC,SPSY,Shiringayoc Airport,Shiringayoc,PE,-11.8833,-69.2,America/Lima
SYD,YSSY,Sydney Kingsford Smith International Airport,Sydney,AU,-33.9461,151.177,Australia/Sydney
SYE,OYSH,Sadah Airport,Sadah,YE,16.967,43.733,Asia/Aden
SYI,KSYI,Bomar Field Shelbyville Municipal Airport,Shelbyville,US,35.5601,-86.4425,America/Chicago
SYJ,OIKY,Sirjan Airport,Sirjan,IR,29.5509,55.6727,Asia/Tehran
SYK,BIST,Stykkisholmur Airport,Stykkisholmur,IS,65.0581,-22.7942,Atlantic/Reykjavik
SYM,ZPSM,Simao Airport,Simao,CN,22.7933,100.959,Asia/Shanghai
SYN,KSYN,Stanton Airfield,Stanton,US,44.4755,-93.0163,America/Chicago
SYO,RJSY,Shonai Airport,Shonai,JP,38.8122,139.787,Asia/Tokyo
SYP,MPSA,Ruben Cantu Airport,Santiago,PA,8.0856,-80.9453,America/Panama
SYQ,MRPV,Tobias Bolanos International Airport,San Jose,CR,9.95705,-84.1398,America/Costa_Rica
SYR,KSYR,Syracuse Hancock International Airport,Syracuse,US,43.1112,-76.1063,America/New_York
SYS,UERS,Saskylakh Airport,Saskylakh,RU,71.9279,114.08,Asia/Yakutsk
SYT,LFLN,Saint-Yan Airport,Saint-Yan,FR,46.4125,4.01326,Europe/Paris
SYU,YWBS,Warraber Island Airport,Sue Islet,AU,-10.2083,142.825,Australia/Brisbane
SYV,KSYV,Sylvester Airport,Sylvester,US,31.5585,-83.8957,America/New_York
SYW,OPSN,Sehwan Sharif Airport,Sehwan Sharif,PK,26.4731,67.7172,Asia/Karachi
SYX,ZJSY,Sanya Phoenix International Airport,Sanya,CN,18.3029,109.412,Asia/Shanghai
SYY,EGPO,Stornoway Airport,Stornoway,GB,58.2156,-6.33111,Europe/London
SYZ,OISS,Shiraz Shahid Dastghaib International Airport,Shiraz,IR,29.5392,52.5898,Asia/Tehran
SZA,FNSO,Soyo Airport,Soyo,AO,-6.14109,12.3718,Africa/Luanda
SZB,WMSA,Sultan Abdul Aziz Shah International Airport,Subang,MY,3.13058,101.549,Asia/Kuala_Lumpur
SZE,HASM,Semera Airport,Semera,ET,11.7875,40.99167,Africa/Addis_Ababa
SZF,LTFH,Samsun Carsamba Airport,Samsun,TR,41.2545,36.5671,Europe/Istanbul
SZG,LOWS,Salzburg Airport,Salzburg,AT,47.7933,13.0043,Europe/Berlin
SZH,ZBSG,Shuozhou Zirun Airport,Shuozhou,CN,39.27306,112.69111,Asia/Shanghai
SZJ,MUSN,Siguanea Airport,Isla de la Juventud,CU,21.6425,-82.9551,America/Havana
SZK,FASZ,Skukuza Airport,Skukuza,ZA,-24.9609,31.5887,Africa/Johannesburg
SZL,KSZL,Whiteman Air Force Base,Knob Noster,US,38.7303,-93.5479,America/Chicago
SZM,FYSS,Sesriem Airstrip,Sesriem,NA,-24.5128,15.7467,Africa/Windhoek
SZN,KSZN,Santa Cruz Island Airport,Santa Barbara,US,34.0606,-119.915,America/Los_Angeles
SZP,KSZP,Santa Paula Airport,Santa Paula,US,34.3472,-119.061,America/Los_Angeles
SZR,LBSZ,Stara Zagora Airport,Stara Zagora,BG,42.3767,25.6552,Europe/Sofia
SZS,NZRC,Ryans Creek Aerodrome,Oban,NZ,-46.8997,168.101,Pacific/Auckland
SZT,MMSC,San Cristobal De Las Casas Airport,San Cristobal de Las Casas,MX,16.6903,-92.5301,America/Mexico_City
SZV,ZSSZ,Guangfu Airport,Suzhou,CN,31.2631,120.401,Asia/Shanghai
SZW,EDOP,Schwerin Parchim Airport,Schwerin,DE,53.427,11.7834,Europe/Berlin
SZX,ZGSZ,Shenzhen Bao'an International Airport,Shenzhen,CN,22.6393,113.811,Asia/Shanghai
SZY,EPSY,Olsztyn-Mazury Airport,Szymany,PL,53.48194,20.93778,Europe/Warsaw
SZZ,EPSC,Szczecin-Goleniow Solidarnosc Airport,Goleniow,PL,53.5847,14.9022,Europe/Warsaw
TAB,TTCP,Tobago-Crown Point Airport,Scarborough,TT,11.1497,-60.8322,America/Port_of_Spain
TAC,RPVA,Daniel Z. Romualdez Airport,Tacloban City,PH,11.2276,125.028,Asia/Manila
TAD,KTAD,Perry Stokes Airport,Trinidad,US,37.2594,-104.341,America/Denver
TAE,RKTN,Daegu Airport,Daegu,KR,35.8941,128.659,Asia/Seoul
TAF,DAOL,Tafaraoui Airport,Oran,DZ,35.5424,-0.53228,Africa/Algiers
TAG,RPSP,Panglao Bohol International Airport,Panglao,PH,9.5719,123.76948,Asia/Manila
TAH,NVVW,Tanna Airport,Tanna,VU,-19.4551,169.224,Pacific/Efate
TAI,OYTZ,Ta'izz International Airport,Ta'izz,YE,13.686,44.1391,Asia/Aden
TAJ,AYTJ,Tadji Airport,Aitape,PG,-3.19819,142.43096,Pacific/Port_Moresby
TAK,RJOT,Takamatsu Airport,Takamatsu,JP,34.2142,134.01601,Asia/Tokyo
TAL,PATA,Ralph M Calhoun Memorial Airport,Tanana,US,65.1744,-152.10899,America/Anchorage
TAM,MMTM,General Francisco Javier Mina International Airport,Tampico,MX,22.2964,-97.8659,America/Monterrey
TAN,YTGA,Tangalooma Airport,,AU,-27.13,153.36301,Australia/Brisbane
TAO,ZSQD,Qingdao Jiaodong International Airport,Qingdao,CN,36.36194,120.08833,Asia/Shanghai
TAP,MMTP,Tapachula International Airport,Tapachula,MX,14.7943,-92.37,America/Mexico_City
TAQ,YTAR,Tarcoola Airport,Tarcoola,AU,-30.7033,134.584,Australia/Adelaide
TAR,LIBG,Taranto / Grottaglie Airport,Grottaglie,IT,40.5175,17.4032,Europe/Rome
TAS,UZTT,Tashkent International Airport,Tashkent,UZ,41.2579,69.2812,Asia/Tashkent
TAT,LZTT,Poprad-Tatry Airport,Poprad,SK,49.0736,20.2411,Europe/Bratislava
TAU,SKTA,Tauramena Airport,Tauramena,CO,5.01281,-72.7424,America/Bogota
TAW,SUTB,Tacuarembo Airport,Tacuarembo,UY,-31.749,-55.9258,America/Montevideo
TAX,WAPT,Taliabu Island Airport,Tikong-Taliabu Island,ID,-1.64263,124.559,Asia/Jayapura
TAY,EETU,Tartu Airport,Tartu,EE,58.3075,26.6904,Europe/Tallinn
TAZ,UTAT,Dashoguz Airport,Dashoguz,TM,41.7611,59.8267,Asia/Ashgabat
TBB,VVTH,Dong Tac Airport,Tuy Hoa,VN,13.0496,109.334,Asia/Ho_Chi_Minh
TBF,NGTE,Tabiteuea North Airport,Tabiteuea North,KI,-1.22447,174.776,Pacific/Tarawa
TBG,AYTB,Tabubil Airport,Tabubil,PG,-5.27861,141.226,Pacific/Port_Moresby
TBH,RPVU,Romblon Airport,Romblon,PH,12.311,122.085,Asia/Manila
TBI,MYCB,New Bight Airport,Cat Island,BS,24.3153,-75.4523,America/Nassau
TBJ,DTKA,Tabarka 7 Novembre Airport,Tabarka,TN,36.98,8.87694,Africa/Tunis
TBK,YTBR,Timber Creek Airport,Timber Creek,AU,-15.62,130.44501,Australia/Darwin
TBL,YTAB,Tableland Homestead Airport,,AU,-17.2833,126.9,Australia/Perth
TBN,KTBN,Waynesville-St. Robert Regional Forney field,Fort Leonard Wood,US,37.7416,-92.1407,America/Chicago
TBO,HTTB,Tabora Airport,Tabora,TZ,-5.07639,32.8333,Africa/Dar_es_Salaam
TBP,SPME,Capitan FAP Pedro Canga Rodriguez Airport,Tumbes,PE,-3.55253,-80.3814,America/Lima
TBR,KTBR,Statesboro Bulloch County Airport,Statesboro,US,32.4827,-81.7369,America/New_York
TBS,UGTB,Tbilisi International Airport,Tbilisi,GE,41.6692,44.9547,Asia/Tbilisi
TBT,SBTT,Tabatinga Airport,Tabatinga,BR,-4.25567,-69.9358,America/Bogota
TBU,NFTF,Fua'amotu International Airport,Nuku'alofa,TO,-21.2412,-175.14999,Pacific/Tongatapu
TBW,UUOT,Donskoye Airport,Tambov,RU,52.8061,41.4828,Europe/Moscow
TBY,FBTS,Tshabong Airport,Tshabong,BW,-26.0333,22.4,Africa/Gaborone
TBZ,OITT,Tabriz International Airport,Tabriz,IR,38.1339,46.235,Asia/Tehran
TCA,YTNK,Tennant Creek Airport,Tennant Creek,AU,-19.6344,134.183,Australia/Darwin
TCB,MYAT,Treasure Cay Airport,Treasure Cay,BS,26.7453,-77.3913,America/Nassau
TCC,KTCC,Tucumcari Municipal Airport,Tucumcari,US,35.1828,-103.603,America/Denver
TCE,LRTC,Tulcea Airport,Tulcea,RO,45.0625,28.7143,Europe/Bucharest
TCG,ZWTC,Tacheng Airport,Tacheng,CN,46.6725,83.3408,Asia/Shanghai
TCH,FOOT,Tchibanga Airport,Tchibanga,GA,-2.85,11.017,Africa/Libreville
TCL,KTCL,Tuscaloosa Regional Airport,Tuscaloosa,US,33.2206,-87.6114,America/Chicago
TCM,KTCM,McChord Air Force Base,Tacoma,US,47.1377,-122.476,America/Los_Angeles
TCN,MMHC,Tehuacan Airport,Tehuacan,MX,18.4972,-97.4199,America/Mexico_City
TCO,SKCO,La Florida Airport,Tumaco,CO,1.81442,-78.7492,America/Bogota
TCP,HETB,Taba International Airport,Taba,EG,29.5878,34.7781,Africa/Cairo
TCQ,SPTN,Coronel FAP Carlos Ciriani Santa Rosa International Airport,Tacna,PE,-18.0533,-70.2758,America/Lima
TCR,VOTK,Tuticorin Airport,Thoothukkudi,IN,8.72417,78.02583,Asia/Kolkata
TCS,KTCS,Truth Or Consequences Municipal Airport,Truth Or Consequences,US,33.2369,-107.272,America/Denver
TCU,FATN,Thaba Nchu Tar Airport,Homeward,ZA,-29.3178,26.8228,Africa/Johannesburg
TCW,YTOC,Tocumwal Airport,Tocumwal,AU,-35.8117,145.608,Australia/Sydney
TCX,OIMT,Tabas Airport,Tabas,IR,33.6678,56.8927,Asia/Tehran
TCZ,ZUTC,Tengchong Tuofeng Airport,Tengchong,CN,24.93806,98.48583,Asia/Shanghai
TDA,SKTD,Trinidad Airport,Trinidad,CO,5.43278,-71.6625,America/Bogota
TDD,SLTR,Teniente Av. Jorge Henrich Arauz Airport,Trinidad,BO,-14.8187,-64.918,America/La_Paz
TDG,RPMW,Tandag Airport,Tandag,PH,9.07211,126.171,Asia/Manila
TDJ,HDTJ,Tadjoura Airport,Tadjoura,DJ,11.783,42.917,Africa/Djibouti
TDK,UAAT,Taldykorgan Airport,Taldy Kurgan,KZ,45.1262,78.447,Asia/Almaty
TDL,SAZT,Heroes De Malvinas Airport,Tandil,AR,-37.2374,-59.2279,America/Argentina/Buenos_Aires
TDN,YTHD,Theda Station Airport,,AU,-14.7881,126.496,Australia/Perth
TDO,KTDO,Ed Carlson Memorial Field South Lewis County Airport,Toledo,US,46.4772,-122.806,America/Los_Angeles
TDP,SPDR,Trompeteros Airport,Corrientes,PE,-3.80601,-75.0393,America/Lima
TDR,YTDR,Theodore Airport,,AU,-24.9933,150.093,Australia/Brisbane
TDS,AYSS,Sasereme Airport,Sasereme,PG,-7.62278,142.86889,Pacific/Port_Moresby
TDT,FATD,Tanda Tula Airport,Welverdiend,ZA,-24.5336,31.3,Africa/Johannesburg
TDV,FMSN,Samangoky Airport,Tanandava,MG,-21.7,43.733,Indian/Antananarivo
TDW,KTDW,Tradewind Airport,Amarillo,US,35.1699,-101.826,America/Chicago
TDX,VTBO,Trat Airport,Trat,TH,12.2746,102.319,Asia/Bangkok
TDZ,KTDZ,Toledo Executive Airport,Toledo,US,41.5649,-83.4823,America/New_York
TEA,MHTE,Tela Airport,Tela,HN,15.7759,-87.4758,America/Tegucigalpa
TEB,KTEB,Teterboro Airport,Teterboro,US,40.8501,-74.0608,America/New_York
TEC,SBTL,Telemaco Borba Airport,Telemaco Borba,BR,-24.3178,-50.6516,America/Sao_Paulo
TED,EKTS,Thisted Airport,Thisted,DK,57.0688,8.70522,Europe/Copenhagen
TEE,DABS,Cheikh Larbi Tebessi Airport,Tebessi,DZ,35.4316,8.12072,Africa/Algiers
TEF,YTEF,Telfer Airport,,AU,-21.715,122.229,Australia/Perth
TEG,DFET,Tenkodogo Airport,Tenkodogo,BF,11.8,-0.367,Africa/Ouagadougou
TEI,VETJ,Tezu Airport,Tezu,IN,27.9412,96.1344,Asia/Kolkata
TEL,WBKE,Telupid Airport,Telupid,MY,5.62861,117.126,Asia/Kuching
TEM,YTEM,Temora Airport,Temora,AU,-34.4214,147.51199,Australia/Sydney
TEN,ZUTR,Tongren Fenghuang Airport,Tongren,CN,27.88333,109.30889,Asia/Shanghai
TEQ,LTBU,Tekirdag Corlu Airport,Corlu,TR,41.1382,27.9191,Europe/Istanbul
TER,LPLA,Lajes Field,Lajes,PT,38.7618,-27.0908,Atlantic/Azores
TES,HHTS,Tessenei Airport,Tessenei,ER,15.117,36.683,Africa/Asmara
TET,FQTT,Chingozi Airport,Tete,MZ,-16.1048,33.6402,Africa/Maputo
TEU,NZMO,Manapouri Airport,Te Anau,NZ,-45.5331,167.64999,Pacific/Auckland
TEV,LETL,Teruel Airport,Teruel,ES,40.41194,-1.2175,Europe/Madrid
TEX,KTEX,Telluride Regional Airport,Telluride,US,37.9538,-107.908,America/Denver
TEY,BITE,Tingeyri Airport,Tingeyri,IS,65.8703,-23.56,Atlantic/Reykjavik
TEZ,VETZ,Tezpur Airport,Tezpur,IN,26.7091,92.7847,Asia/Kolkata
TFF,SBTF,Tefe Airport,Tefe,BR,-3.38294,-64.7241,America/Manaus
TFI,AYTU,Tufi Airport,Tufi,PG,-9.07595,149.31984,Pacific/Port_Moresby
TFL,SNTO,Juscelino Kubitscheck Airport,Teofilo Otoni,BR,-17.8923,-41.5136,America/Sao_Paulo
TFM,AYTE,Telefomin Airport,Telefomin,PG,-5.12608,141.64192,Pacific/Port_Moresby
TFN,GCXO,Tenerife Norte Airport,Tenerife Island,ES,28.4827,-16.3415,Atlantic/Canary
TFS,GCTS,Tenerife South Airport,Tenerife Island,ES,28.0445,-16.5725,Atlantic/Canary
TFT,OPTT,Taftan Airport,Taftan,PK,28.9642,61.5954,Asia/Karachi
TFU,ZUTF,Chengdu Tianfu International Airport,Chengdu,CN,30.319,104.445,Asia/Shanghai
TGA,WSAT,Tengah Air Base,Singapore,SG,1.38726,103.709,Asia/Singapore
TGC,WBGT,Tanjung Manis Airport,Tanjung Manis,MY,2.17784,111.202,Asia/Kuching
TGD,LYPG,Podgorica Airport,Podgorica,ME,42.3594,19.2519,Europe/Podgorica
TGG,WMKN,Sultan Mahmud Airport,Kuala Terengganu,MY,5.38264,103.103,Asia/Kuala_Lumpur
TGH,NVST,Tongoa Island Airport,Tongoa Island,VU,-16.8911,168.55099,Pacific/Efate
TGI,SPGM,Tingo Maria Airport,Tingo Maria,PE,-9.133,-75.95,America/Lima
TGJ,NWWA,Tiga Airport,Tiga,NC,-21.0961,167.804,Pacific/Noumea
TGK,URRT,Taganrog Yuzhny Airport,Taganrog,RU,47.2,38.85,Europe/Moscow
TGM,LRTM,Transilvania Targu Mures International Airport,Targu Mures,RO,46.4677,24.4125,Europe/Bucharest
TGN,YLTV,Latrobe Valley Airport,Morwell,AU,-38.2072,146.47,Australia/Melbourne
TGO,ZBTL,Tongliao Airport,Tongliao,CN,43.5567,122.2,Asia/Shanghai
TGP,UNIP,Podkamennaya Tunguska Airport,Bor,RU,61.5897,89.994,Asia/Krasnoyarsk
TGQ,SWTS,Tangara da Serra Airport,Tangara Da Serra,BR,-14.662,-57.4435,America/Cuiaba
TGR,DAUK,Touggourt Sidi Madhi Airport,Touggourt,DZ,33.0678,6.08867,Africa/Algiers
TGT,HTTG,Tanga Airport,Tanga,TZ,-5.09236,39.0712,Africa/Dar_es_Salaam
TGU,MHTG,Toncontin International Airport,Tegucigalpa,HN,14.0609,-87.2172,America/Tegucigalpa
TGV,LBTG,Bukhovtsi Airfield,Targovishte,BG,43.3066,26.7009,Europe/Sofia
TGZ,MMTG,Angel Albino Corzo International Airport,Tuxtla Gutierrez,MX,16.5636,-93.0225,America/Mexico_City
THA,KTHA,Tullahoma Regional Arpt/Wm Northern Field,Tullahoma,US,35.3801,-86.2464,America/Chicago
THB,FXTA,Thaba-Tseka Airport,Thaba-Tseka,LS,-29.5228,28.6158,Africa/Maseru
THC,GLTN,Tchien Airport,Tchien,LR,6.04565,-8.13872,Africa/Monrovia
THD,VVTX,Thọ Xuân Airport,Thanh Hóa,VN,19.90167,105.46778,Asia/Bangkok
THE,SBTE,Senador Petronio Portela Airport,Teresina,BR,-5.05994,-42.8235,America/Fortaleza
THF,EDDI,Berlin Tempelhof Airport,Berlin,DE,52.47361,13.40167,Europe/Berlin
THG,YTNG,Thangool Airport,Biloela,AU,-24.4939,150.576,Australia/Brisbane
THH,NZTS,Taharoa Aerodrome,Taharoa,NZ,-38.1811,174.70799,Pacific/Auckland
THI,GQNC,Tichitt Airport,Tichitt,MR,18.45,-9.517,Africa/Nouakchott
THK,VLTK,Thakhek Airport,Thakhek,LA,17.4,104.8,Asia/Bangkok
THL,VYTL,Tachileik Airport,Tachileik,MM,20.4838,99.9354,Asia/Yangon
THM,KTHM,Thompson Falls Airport,Thompson Falls,US,47.5735,-115.281,America/Denver
THN,ESGT,Trollhattan-Vanersborg Airport,Trollhattan,SE,58.3181,12.345,Europe/Stockholm
THO,BITN,Thorshofn Airport,Thorshofn,IS,66.2185,-15.3356,Atlantic/Reykjavik
THQ,ZLTS,Tianshui Maijishan Airport,Tianshui,CN,34.5594,105.86,Asia/Shanghai
THR,OIII,Mehrabad International Airport,Tehran,IR,35.6892,51.3134,Asia/Tehran
THS,VTPO,Sukhothai Airport,Sukhothai,TH,17.238,99.8182,Asia/Bangkok
THT,GQNT,Tamchakett Airport,Tamchakett,MR,17.233,-10.817,Africa/Nouakchott
THU,BGTL,Thule Air Base,Thule,GL,76.5312,-68.7032,America/Thule
THV,KTHV,York Airport,York,US,39.917,-76.873,America/New_York
THX,UOTT,Turukhansk Airport,Turukhansk,RU,65.7972,87.9353,Asia/Krasnoyarsk
THY,FATH,Thohoyandou Airport,Thohoyandou,ZA,-23.0769,30.3836,Africa/Johannesburg
THZ,DRRT,Tahoua Airport,Tahoua,NE,14.8757,5.26536,Africa/Niamey
TIA,LATI,Tirana International Airport Mother Teresa,Tirana,AL,41.4147,19.7206,Europe/Tirane
TIB,SKTB,Tibu Airport,Tibu,CO,8.63152,-72.7304,America/Bogota
TID,DAOB,Bou Chekif Airport,Tiaret,DZ,35.3411,1.46315,Africa/Algiers
TIE,HATP,Tippi Airport,Tippi,ET,7.2024,35.415,Africa/Addis_Ababa
TIF,OETF,Taif Airport,Taif,SA,21.4834,40.5443,Asia/Riyadh
TIH,NTGC,Tikehau Airport,,PF,-15.1196,-148.231,Pacific/Tahiti
TII,OATN,Tarin Kowt Airport,Tarin Kowt,AF,32.6042,65.8658,Asia/Kabul
TIJ,MMTJ,General Abelardo L. Rodriguez International Airport,Tijuana,MX,32.5411,-116.97,America/Los_Angeles
TIK,KTIK,Tinker Air Force Base,Oklahoma City,US,35.4147,-97.3866,America/Chicago
TIM,WABP,Moses Kilangin Airport,Timika-Papua Island,ID,-4.52828,136.88699,Asia/Jayapura
TIN,DAOF,Tindouf Airport,Tindouf,DZ,27.7004,-8.1671,Africa/Algiers
TIO,VYHN,Tilin Airport,Tilin,MM,21.7,94.1,Asia/Yangon
TIP,HLLT,Tripoli International Airport,Tripoli,LY,32.6635,13.159,Africa/Tripoli
TIQ,PGWT,Tinian International Airport,Tinian Island,MP,14.9992,145.619,Pacific/Saipan
TIR,VOTP,Tirupati Airport,Tirupati,IN,13.6325,79.5433,Asia/Kolkata
TIU,NZTU,Timaru Airport,Timaru,NZ,-44.3028,171.22501,Pacific/Auckland
TIV,LYTV,Tivat Airport,Tivat,ME,42.4047,18.7233,Europe/Podgorica
TIW,KTIW,Tacoma Narrows Airport,Tacoma,US,47.2679,-122.578,America/Los_Angeles
TIX,KTIX,Space Coast Regional Airport,Titusville,US,28.5148,-80.7992,America/New_York
TIY,GQND,Tidjikja Airport,Tidjikja,MR,18.5701,-11.4235,Africa/Nouakchott
TIZ,AYTA,Tari Airport,Tari,PG,-5.845,142.948,Pacific/Port_Moresby
TJA,SLTJ,Capitan Oriel Lea Plaza Airport,Tarija,BO,-21.5557,-64.7013,America/La_Paz
TJB,WIBT,Tanjung Balai Airport,Karinmunbesar Island,ID,1.05,103.383,Asia/Jakarta
TJG,WAON,Warukin Airport,Tanta-Tabalong-Borneo Island,ID,-2.21656,115.436,Asia/Makassar
TJH,RJBT,Tajima Airport,Tajima,JP,35.5128,134.787,Asia/Tokyo
TJI,MHTJ,Trujillo Airport,Trujillo,HN,15.9268,-85.9382,America/Tegucigalpa
TJK,LTAW,Tokat Airport,Tokat,TR,40.30743,36.36741,Europe/Istanbul
TJL,SBTG,Plinio Alarcom Airport,Tres Lagoas,BR,-20.75444,-51.68389,America/Campo_Grande
TJM,USTR,Roshchino International Airport,Tyumen,RU,57.1896,65.3243,Asia/Yekaterinburg
TJN,NTKM,Takume Airport,Takume,PF,-15.8547,-142.26801,Pacific/Tahiti
TJQ,WIOD,Buluh Tumbang (H A S Hanandjoeddin) Airport,Tanjung Pandan-Belitung Island,ID,-2.74572,107.755,Asia/Jakarta
TJS,WALG,Tanjung Harapan Airport,Tanjung Selor-Borneo Island,ID,2.83641,117.374,Asia/Makassar
TJU,UTDK,Kulob Airport,Kulyab,TJ,37.9881,69.805,Asia/Dushanbe
TJV,VOTJ,Tanjore Air Force Base,Thanjavur,IN,10.7224,79.1016,Asia/Kolkata
TKA,PATK,Talkeetna Airport,Talkeetna,US,62.3205,-150.09399,America/Anchorage
TKC,FKKC,Tiko Airport,Tiko,CM,4.08919,9.36053,Africa/Douala
TKD,DGTK,Takoradi Airport,Sekondi-Takoradi,GH,4.89606,-1.77476,Africa/Accra
TKF,KTRK,Truckee Tahoe Airport,Truckee,US,39.32,-120.14,America/Los_Angeles
TKG,WICT,Radin Inten II (Branti) Airport,Bandar Lampung-Sumatra Island,ID,-5.24056,105.17556,Asia/Jakarta
TKH,VTPI,Takhli Airport,Takhli,TH,15.2773,100.296,Asia/Bangkok
TKJ,PFTO,Tok Junction Airport,Tok,US,63.3295,-142.95399,America/Anchorage
TKK,PTKK,Chuuk International Airport,Weno Island,FM,7.46187,151.843,Pacific/Chuuk
TKN,RJKN,Tokunoshima Airport,Tokunoshima,JP,27.8364,128.881,Asia/Tokyo
TKO,FXTK,Tlokoeng Airport,Tlokoeng,LS,-29.233,28.883,Africa/Maseru
TKP,NTGT,Takapoto Airport,,PF,-14.7095,-145.246,Pacific/Tahiti
TKQ,HTKA,Kigoma Airport,Kigoma,TZ,-4.8862,29.6709,Africa/Dar_es_Salaam
TKR,VGSG,Thakurgaon Airport,Thakurgaon,BD,26.0164,88.4036,Asia/Dhaka
TKS,RJOS,Tokushima Airport,Tokushima,JP,34.1328,134.60699,Asia/Tokyo
TKT,VTPT,Tak Airport,Tak,TH,16.896,99.2533,Asia/Bangkok
TKU,EFTU,Turku Airport,Turku,FI,60.5141,22.2628,Europe/Helsinki
TKV,NTGO,Tatakoto Airport,Tatakoto,PF,-17.3553,-138.44501,Pacific/Tahiti
TKW,AYTN,Tekin Airport,Tekin,PG,-5.24367,142.16519,Pacific/Port_Moresby
TKX,NTKR,Takaroa Airport,Takaroa,PF,-14.4558,-145.02499,Pacific/Tahiti
TKY,YTKY,Turkey Creek Airport,Turkey Creek,AU,-17.0408,128.20599,Australia/Perth
TKZ,NZTO,Tokoroa Airfield,Tokoroa,NZ,-38.2367,175.892,Pacific/Auckland
TLA,PATE,Teller Airport,Teller,US,65.2404,-166.339,America/Nome
TLB,OPTA,Tarbela Dam Airport,Tarbela,PK,33.9861,72.6114,Asia/Karachi
TLC,MMTO,Licenciado Adolfo Lopez Mateos International Airport,Toluca,MX,19.3371,-99.566,America/Mexico_City
TLD,FBTL,Limpopo Valley Airport,Tuli Lodge,BW,-22.1892,29.1269,Africa/Gaborone
TLE,FMST,Toliara Airport,Toliara,MG,-23.3834,43.7285,Indian/Antananarivo
TLH,KTLH,Tallahassee Regional Airport,Tallahassee,US,30.3965,-84.3503,America/New_York
TLI,WAMI,Toli Toli Airport,Toli Toli-Celebes Island,ID,-1.02977,120.817,Asia/Makassar
TLJ,PATL,Tatalina LRRS Airport,Takotna,US,62.8944,-155.97701,America/Anchorage
TLK,UECT,Talakan Airport,,RU,59.87639,111.04444,Asia/Yakutsk
TLL,EETN,Tallinn Airport,Tallinn,EE,59.4133,24.8328,Europe/Tallinn
TLM,DAON,Zenata – Messali El Hadj Airport,Tlemcen,DZ,35.0167,-1.45,Africa/Algiers
TLN,LFTH,Toulon-Hyeres Airport,Toulon/Hyeres/Le Palyvestre,FR,43.0973,6.14603,Europe/Paris
TLQ,ZWTP,Turpan Jiaohe Airport,Turpan,CN,43.03056,89.10056,Asia/Shanghai
TLR,KTLR,Mefford Field,Tulare,US,36.1563,-119.326,America/Los_Angeles
TLS,LFBO,Toulouse-Blagnac Airport,Toulouse/Blagnac,FR,43.6291,1.36382,Europe/Paris
TLU,SKTL,Tolu Airport,Tolu,CO,9.50945,-75.5854,America/Bogota
TLV,LLBG,Ben Gurion International Airport,Tel Aviv,IL,32.0114,34.8867,Asia/Jerusalem
TLX,SCTL,Panguilemo Airport,Talca,CL,-35.3778,-71.6017,America/Santiago
TLY,UHWP,Plastun Airport,Plastun,RU,44.815,136.29201,Asia/Vladivostok
TLZ,SWKT,Catalao Airport,Catalao,BR,-18.2168,-47.8997,America/Sao_Paulo
TMA,KTMA,Henry Tift Myers Airport,Tifton,US,31.429,-83.4885,America/New_York
TMB,KTMB,Miami Executive Airport,Miami,US,25.64756,-80.43322,America/New_York
TMC,WADT,Tambolaka Airport,Waikabubak-Sumba Island,ID,-9.40972,119.244,Asia/Makassar
TMD,GQNH,Timbedra Airport,Timbedra,MR,16.233,-8.167,Africa/Nouakchott
TME,SKTM,Gustavo Vargas Airport,Tame,CO,6.45108,-71.7603,America/Bogota
TMF,VRNT,Thimarafushi Airport,Thimarafushi,MV,2.21149,73.15375,Indian/Maldives
TMG,WBKM,Tomanggong Airport,Tomanggong,MY,5.4,118.65,Asia/Kuching
TMH,WAKT,Tanah Merah Airport,Tanah Merah-Papua Island,ID,-6.09922,140.298,Asia/Jayapura
TMI,VNTR,Tumling Tar Airport,Tumling Tar,NP,27.315,87.1933,Asia/Kathmandu
TMJ,UZST,Termez Airport,Termez,UZ,37.2867,67.31,Asia/Samarkand
TML,DGLE,Tamale Airport,Tamale,GH,9.55719,-0.86321,Africa/Accra
TMM,FMMT,Toamasina Airport,Toamasina,MG,-18.1095,49.3925,Indian/Antananarivo
TMN,NGTM,Tamana Island Airport,Tamana Island,KI,-2.48583,175.97,Pacific/Tarawa
TMO,SVTM,Tumeremo Airport,Tumeremo,VE,7.25,-61.43333,America/Caracas
TMP,EFTP,Tampere-Pirkkala Airport,Tampere / Pirkkala,FI,61.4141,23.6044,Europe/Helsinki
TMQ,DFEM,Tambao Airport,Tambao,BF,14.8,0.05,Africa/Ouagadougou
TMR,DAAT,Aguenar – Hadj Bey Akhamok Airport,Tamanrasset,DZ,22.8115,5.45108,Africa/Algiers
TMS,FPST,Sao Tome International Airport,Sao Tome,ST,0.37817,6.71215,Africa/Sao_Tome
TMT,SBTB,Trombetas Airport,Oriximina,BR,-1.4896,-56.3968,America/Santarem
TMU,MRTR,Tambor Airport,Nicoya,CR,9.73852,-85.0138,America/Costa_Rica
TMW,YSTW,Tamworth Airport,Tamworth,AU,-31.0839,150.847,Australia/Sydney
TMX,DAUT,Timimoun Airport,Timimoun,DZ,29.2371,0.27603,Africa/Algiers
TMZ,NZTH,Thames Aerodrome,Thames,NZ,-37.1567,175.55,Pacific/Auckland
TNA,ZSJN,Yaoqiang Airport,Jinan,CN,36.8572,117.216,Asia/Shanghai
TNB,WRLH,Tanah Grogot Airport,Tanah Grogot-Borneo Island,ID,-1.91013,116.202,Asia/Makassar
TNC,PATC,Tin City Long Range Radar Station Airport,Tin City,US,65.5631,-167.922,America/Nome
TND,MUTD,Alberto Delgado Airport,Trinidad,CU,21.7883,-79.9972,America/Havana
TNE,RJFG,New Tanegashima Airport,Nakatane,JP,30.6051,130.991,Asia/Tokyo
TNF,LFPN,Toussus-le-Noble Airport,Toussus-le-Noble,FR,48.7519,2.10619,Europe/Paris
TNG,GMTT,Ibn Batouta Airport,Tangier,MA,35.7269,-5.91689,Africa/Casablanca
TNH,ZYTN,Tonghua Sanyuanpu Airport,Tonghua,CN,42.25389,125.70333,Asia/Shanghai
TNI,VIST,Satna Airport,Satna,IN,24.5623,80.8549,Asia/Kolkata
TNJ,WIDN,Kijang Airport,Tanjung Pinang-Bintan Island,ID,0.92268,104.532,Asia/Jakarta
TNL,UKLT,Ternopil International Airport,Ternopil,UA,49.5242,25.7001,Europe/Kyiv
TNM,SCRM,Teniente Rodolfo Marsh Martin Base,Isla Rey Jorge,AQ,-62.1908,-58.9867,America/Punta_Arenas
TNN,RCNN,Tainan Airport,Tainan City,TW,22.9504,120.206,Asia/Taipei
TNO,MRTM,Tamarindo De Santa Cruz Airport,Santa Cruz,CR,10.3135,-85.8155,America/Costa_Rica
TNP,KTNP,Twentynine Palms Airport,Twentynine Palms,US,34.1316,-115.946,America/Los_Angeles
TNR,FMMI,Ivato Airport,Antananarivo,MG,-18.7969,47.4788,Indian/Antananarivo
TNT,KTNT,Dade Collier Training and Transition Airport,Miami,US,25.8618,-80.897,America/New_York
TNU,KTNU,Newton Municipal Airport,Newton,US,41.6744,-93.0217,America/Chicago
TNV,PLFA,Tabuaeran Island Airport,Tabuaeran Island,KI,3.89944,-159.38901,Pacific/Kiritimati
TNX,VDST,Stung Treng Airport,Stung Treng,KH,13.5319,106.015,Asia/Phnom_Penh
TNZ,ZMTL,Tosontsengel Airport,Tosontsengel,MN,48.73898,98.2936,Asia/Ulaanbaatar
TOA,KTOA,Zamperini Field,Torrance,US,33.8034,-118.34,America/Los_Angeles
TOB,HLGN,Gamal Abdel Nasser Airport,Tobruk,LY,31.861,23.907,Africa/Tripoli
TOC,KTOC,Toccoa Rg Letourneau Field,Toccoa,US,34.5938,-83.2958,America/New_York
TOD,WMBT,Pulau Tioman Airport,Pulau Tioman,MY,2.81818,104.16,Asia/Kuala_Lumpur
TOE,DTTZ,Tozeur Nefta International Airport,Tozeur,TN,33.9397,8.11056,Africa/Tunis
TOF,UNTT,Bogashevo Airport,Tomsk,RU,56.3803,85.2083,Asia/Tomsk
TOG,PATG,Togiak Airport,Togiak Village,US,59.0528,-160.397,America/Anchorage
TOH,NVSD,Torres Airstrip,Loh/Linua,VU,-13.328,166.638,Pacific/Efate
TOI,KTOI,Troy Municipal Airport,Troy,US,31.8604,-86.0121,America/Chicago
TOJ,LETO,Torrejon Airport,Madrid,ES,40.4967,-3.44587,Europe/Madrid
TOL,KTOL,Toledo Express Airport,Toledo,US,41.5868,-83.8078,America/New_York
TOM,GATB,Timbuktu Airport,Timbuktu,ML,16.7305,-3.00758,Africa/Bamako
TOO,MRSV,San Vito De Java Airport,Coto Brus,CR,8.82611,-82.9589,America/Costa_Rica
TOP,KTOP,Philip Billard Municipal Airport,Topeka,US,39.0687,-95.6225,America/Chicago
TOQ,SCBE,Barriles Airport,Tocopilla,CL,-22.1411,-70.0629,America/Santiago
TOR,KTOR,Torrington Municipal Airport,Torrington,US,42.0645,-104.153,America/Denver
TOS,ENTC,Tromso Airport,Tromso,NO,69.6833,18.9189,Europe/Oslo
TOT,SMCO,Totness Airport,Totness,SR,5.86583,-56.3275,America/Paramaribo
TOU,NWWU,Touho Airport,Touho,NC,-20.79,165.259,Pacific/Noumea
TOW,SBTD,Toledo Airport,Toledo,BR,-24.6863,-53.6975,America/Sao_Paulo
TOX,USTO,Tobolsk Airport,Tobolsk,RU,58.1358,68.2319,Asia/Yekaterinburg
TOY,RJNT,Toyama Airport,Toyama,JP,36.6483,137.188,Asia/Tokyo
TPA,KTPA,Tampa International Airport,Tampa,US,27.9755,-82.5332,America/New_York
TPC,SETR,Tarapoa Airport,Tarapoa,EC,-0.12296,-76.3378,America/Guayaquil
TPE,RCTP,Taiwan Taoyuan International Airport,Taipei,TW,25.0777,121.233,Asia/Taipei
TPF,KTPF,Peter O Knight Airport,Tampa,US,27.9156,-82.4493,America/New_York
TPG,WMBI,Taiping (Tekah) Airport,Taiping,MY,4.867,100.717,Asia/Kuala_Lumpur
TPH,KTPH,Tonopah Airport,Tonopah,US,38.0602,-117.087,America/Los_Angeles
TPI,AYTI,Tapini Airport,Tapini,PG,-8.35667,146.98917,Pacific/Port_Moresby
TPJ,VNTJ,Suketar Airport,Taplejung,NP,27.3509,87.69525,Asia/Kathmandu
TPK,WITA,Teuku Cut Ali Airport,Tapak Tuan-Sumatra Island,ID,3.26342,97.1838,Asia/Jakarta
TPL,KTPL,Draughon Miller Central Texas Regional Airport,Temple,US,31.1525,-97.4078,America/Chicago
TPN,SETI,Tiputini Airport,Tiputini,EC,-0.77611,-75.5264,America/Guayaquil
TPP,SPST,Cadete FAP Guillermo Del Castillo Paredes Airport,Tarapoto,PE,-6.50874,-76.3732,America/Lima
TPQ,MMEP,Amado Nervo National Airport,Tepic,MX,21.4195,-104.843,America/Mazatlan
TPR,YTMP,Tom Price Airport,Tom Price,AU,-22.746,117.869,Australia/Perth
TPS,LICT,Trapani / Birgi Airport,Trapani,IT,37.9114,12.488,Europe/Rome
TPU,VNTP,Tikapur Airport,Tikapur,NP,28.517,81.15,Asia/Kathmandu
TQD,ORAT,Al Taqaddum Air Base,Al Habbaniyah,IQ,33.3381,43.5971,Asia/Baghdad
TQL,USDS,Tarko-Sale Airport,Tarko-Sale,RU,64.9308,77.8181,Asia/Yekaterinburg
TQN,OATQ,Talolqan Airport,Taloqan,AF,36.7707,69.532,Asia/Kabul
TQO,MMTL,Felipe Carrillo Puerto International Airport,Tulum,MX,20.16667,-87.66667,America/Cancun
TQP,YTEE,Trepell Airport,,AU,-21.835,140.888,Australia/Brisbane
TQQ,WA44,Maranggo Airport,Waha-Tomea Island,ID,-5.76457,123.917,Asia/Makassar
TQS,SKTQ,Tres Esquinas Air Base,Tres Esquinas,CO,0.7459,-75.234,America/Bogota
TRA,RORT,Tarama Airport,Tarama,JP,24.6539,124.675,Asia/Tokyo
TRB,SKTU,Gonzalo Mejia Airport,Turbo,CO,8.07453,-76.7415,America/Bogota
TRC,MMTC,Francisco Sarabia International Airport,Torreon,MX,25.5683,-103.411,America/Monterrey
TRD,ENVA,Trondheim Airport Vaernes,Trondheim,NO,63.4578,10.924,Europe/Oslo
TRE,EGPU,Tiree Airport,Balemartine,GB,56.4992,-6.86917,Europe/London
TRF,ENTO,Sandefjord Airport Torp,Torp,NO,59.1867,10.2586,Europe/Oslo
TRG,NZTG,Tauranga Airport,Tauranga,NZ,-37.6719,176.196,Pacific/Auckland
TRI,KTRI,Tri Cities Regional Tn Va Airport,Bristol/Johnson/Kingsport,US,36.4752,-82.4074,America/New_York
TRK,WALR,Juwata Airport,Tarakan Island,ID,3.32669,117.566,Asia/Makassar
TRL,KTRL,Terrell Municipal Airport,Terrell,US,32.7092,-96.2674,America/Chicago
TRM,KTRM,Jacqueline Cochran Regional Airport,Palm Springs,US,33.6267,-116.16,America/Los_Angeles
TRN,LIMF,Torino / Caselle International Airport,Torino,IT,45.2008,7.64963,Europe/Rome
TRO,YTRE,Taree Airport,Taree,AU,-31.8886,152.51401,Australia/Sydney
TRQ,SBTK,Tarauaca Airport,Tarauaca,BR,-8.15526,-70.7833,America/Rio_Branco
TRR,VCCT,China Bay Airport,Trincomalee,LK,8.53851,81.1819,Asia/Colombo
TRS,LIPQ,Trieste / Ronchi Dei Legionari,Trieste,IT,45.8275,13.4722,Europe/Rome
TRU,SPRU,Capitan FAP Carlos Martinez De Pinillos International Airport,Trujillo,PE,-8.08141,-79.1088,America/Lima
TRV,VOTV,Trivandrum International Airport,Trivandrum,IN,8.48212,76.9201,Asia/Kolkata
TRW,NGTA,Bonriki International Airport,Tarawa,KI,1.38164,173.147,Pacific/Tarawa
TRX,KTRX,Trenton Municipal Airport,Trenton,US,40.0835,-93.5906,America/Chicago
TRY,HUTO,Tororo Airport,Tororo,UG,0.683,34.167,Africa/Kampala
TRZ,VOTR,Tiruchirapally Civil Airport Airport,Tiruchirappally,IN,10.7654,78.7097,Asia/Kolkata
TSA,RCSS,Taipei Songshan Airport,Taipei City,TW,25.0694,121.552,Asia/Taipei
TSB,FYTM,Tsumeb Airport,Tsumeb,NA,-19.2619,17.7325,Africa/Windhoek
TSC,SETH,Taisha Airport,Taisha,EC,-2.38167,-77.5028,America/Guayaquil
TSF,LIPH,Treviso / Sant'Angelo Airport,Treviso,IT,45.6484,12.1944,Europe/Rome
TSH,FZUK,Tshikapa Airport,Tshikapa,CD,-6.43833,20.7947,Africa/Lubumbashi
TSJ,RJDT,Tsushima Airport,Tsushima,JP,34.2849,129.33099,Asia/Tokyo
TSL,MMTN,Tamuin Airport,Tamuin,MX,22.0383,-98.8065,America/Mexico_City
TSM,KSKX,Taos Regional Airport,Taos,US,36.4582,-105.672,America/Denver
TSN,ZBTJ,Tianjin Binhai International Airport,Tianjin,CN,39.1244,117.346,Asia/Shanghai
TSP,KTSP,Tehachapi Municipal Airport,Tehachapi,US,35.135,-118.439,America/Los_Angeles
TSQ,SSTE,Torres Airport,Torres,BR,-29.41494,-49.80998,America/Sao_Paulo
TSR,LRTR,Timisoara Traian Vuia Airport,Timisoara,RO,45.8099,21.3379,Europe/Bucharest
TST,VTST,Trang Airport,Trang,TH,7.50874,99.6166,Asia/Bangkok
TSU,NGTS,Tabiteuea South Airport,Tabiteuea South,KI,-1.47444,175.064,Pacific/Tarawa
TSV,YBTL,Townsville Airport,Townsville,AU,-19.2525,146.765,Australia/Brisbane
TSX,WALT,Tanjung Santan Airport,Santan-Borneo Island,ID,-0.09297,117.453,Asia/Makassar
TSY,WICM,Cibeureum Airport,Tasikmalaya-Java Island,ID,-7.3466,108.246,Asia/Jakarta
TTA,GMAT,Tan Tan Airport,Tan Tan,MA,28.4482,-11.1613,Africa/Casablanca
TTB,LIET,Tortoli' / Arbatax Airport,Arbatax,IT,39.9188,9.68298,Europe/Rome
TTC,SCTT,Las Breas Airport,Taltal,CL,-25.5643,-70.3759,America/Santiago
TTD,KTTD,Portland Troutdale Airport,Portland,US,45.5494,-122.401,America/Los_Angeles
TTE,WAMT,Sultan Khairun Babullah Airport,Sango-Ternate Island,ID,0.83141,127.381,Asia/Jayapura
TTG,SAST,General Enrique Mosconi Airport,Tartagal,AR,-22.6196,-63.7937,America/Argentina/Salta
TTH,OOTH,Thumrait Air Base,Thumrait,OM,17.666,54.0246,Asia/Muscat
TTI,NTTE,Tetiaroa Airport,Tetiaroa,PF,-17.0133,-149.58701,Pacific/Tahiti
TTJ,RJOR,Tottori Airport,Tottori,JP,35.5301,134.16701,Asia/Tokyo
TTN,KTTN,Trenton Mercer Airport,Trenton,US,40.2767,-74.8135,America/New_York
TTO,KBTN,Britton Municipal Airport,Britton,US,45.8152,-97.7431,America/Chicago
TTQ,MRAO,Aerotortuguero Airport,Roxana,CR,10.569,-83.5148,America/Costa_Rica
TTR,WAWT,Pongtiku Airport,Tanah Toraja-Celebes Island,ID,-3.04474,119.822,Asia/Makassar
TTS,FMNT,Tsaratanana Airport,Tsaratanana,MG,-16.75106,47.61902,Indian/Antananarivo
TTT,RCFN,Taitung Airport,Taitung City,TW,22.755,121.102,Asia/Taipei
TTU,GMTN,Saniat Rmel Airport,Tetouan,MA,35.5943,-5.32002,Africa/Casablanca
TTX,YTST,Truscott Mungalalu Airport,,AU,-14.0897,126.381,Australia/Perth
TUA,SETU,Teniente Coronel Luis a Mantilla Airport,Tulcan,EC,0.80951,-77.7081,America/Guayaquil
TUB,NTAT,Tubuai Airport,,PF,-23.3654,-149.524,Pacific/Tahiti
TUC,SANT,Teniente Benjamin Matienzo Airport,San Miguel de Tucuman,AR,-26.8409,-65.1049,America/Argentina/Tucuman
TUD,GOTT,Tambacounda Airport,Tambacounda,SN,13.7368,-13.6531,Africa/Dakar
TUF,LFOT,Tours-Val-de-Loire Airport,Tours/Val de Loire (Loire Valley),FR,47.4322,0.72761,Europe/Paris
TUG,RPUT,Tuguegarao Airport,Tuguegarao City,PH,17.64337,121.73315,Asia/Manila
TUI,OETR,Turaif Domestic Airport,Turaif,SA,31.6927,38.7312,Asia/Riyadh
TUJ,HAMJ,Tume Airport,Maji,ET,5.833,35.533,Africa/Addis_Ababa
TUK,OPTU,Turbat International Airport,Turbat,PK,25.9864,63.0302,Asia/Karachi
TUL,KTUL,Tulsa International Airport,Tulsa,US,36.1984,-95.8881,America/Chicago
TUM,YTMU,Tumut Airport,Tumut,AU,-35.2628,148.241,Australia/Sydney
TUN,DTTA,Tunis Carthage International Airport,Tunis,TN,36.851,10.2272,Africa/Tunis
TUO,NZAP,Taupo Airport,Taupo,NZ,-38.7397,176.084,Pacific/Auckland
TUP,KTUP,Tupelo Regional Airport,Tupelo,US,34.2681,-88.7699,America/Chicago
TUQ,DFOT,Tougan Airport,Tougan,BF,13.067,-3.067,Africa/Ouagadougou
TUR,SBTU,Tucurui Airport,Tucurui,BR,-3.78601,-49.7203,America/Belem
TUS,KTUS,Tucson International Airport,Tucson,US,32.1161,-110.941,America/Phoenix
TUU,OETB,Tabuk Airport,Tabuk,SA,28.3654,36.6189,Asia/Riyadh
TUV,SVTC,Tucupita Airport,Tucupita,VE,9.08899,-62.09417,America/Caracas
TVA,FMMR,Morafenobe Airport,Morafenobe,MG,-17.85008,44.92047,Indian/Antananarivo
TVC,KTVC,Cherry Capital Airport,Traverse City,US,44.7414,-85.5822,America/Detroit
TVF,KTVF,Thief River Falls Regional Airport,Thief River Falls,US,48.0657,-96.185,America/Chicago
TVI,KTVI,Thomasville Regional Airport,Thomasville,US,30.9016,-83.8813,America/New_York
TVL,KTVL,Lake Tahoe Airport,South Lake Tahoe,US,38.8939,-119.995,America/Los_Angeles
TVS,ZBTS,Tangshan Sannühe Airport,Tangshan,CN,39.7178,118.00262,Asia/Shanghai
TVU,NFNM,Matei Airport,Matei,FJ,-16.6906,-179.877,Pacific/Fiji
TVY,VYDW,Dawei Airport,Dawei,MM,14.1039,98.2036,Asia/Yangon
TWB,YTWB,Toowoomba Airport,Toowoomba,AU,-27.5428,151.916,Australia/Brisbane
TWC,ZWTS,Tumxuk Tangwangcheng Airport,Tumxuk,CN,39.88814,79.23191,Asia/Shanghai
TWE,AK49,Taylor Airport,Taylor,US,65.6793,-164.799,America/Nome
TWF,KTWF,Joslin Field Magic Valley Regional Airport,Twin Falls,US,42.4818,-114.488,America/Boise
TWU,WBKW,Tawau Airport,Tawau,MY,4.32016,118.128,Asia/Kuching
TWZ,NZUK,Pukaki Airport,Twitzel,NZ,-44.235,170.118,Pacific/Auckland
TXA,MMTA,Tlaxcala Airport,Apizaco,MX,19.538,-98.1735,America/Mexico_City
TXF,SNTF,Teixeira de Freitas Airport,Teixeira De Freitas,BR,-17.5245,-39.6685,America/Bahia
TXG,RCLG,Taichung Airport,Taichung City,TW,24.1863,120.654,Asia/Taipei
TXK,KTXK,Texarkana Regional Webb Field,Texarkana,US,33.4537,-93.991,America/Chicago
TXL,EDDT,Berlin-Tegel International Airport,Berlin,DE,52.5597,13.2877,Europe/Berlin
TXM,WAST,Teminabuan Airport,Atinjoe-Papua Island,ID,-1.44472,132.021,Asia/Jayapura
TXN,ZSTX,Tunxi International Airport,Huangshan,CN,29.7333,118.256,Asia/Shanghai
TXU,DITB,Tabou Airport,Tabou,CI,4.43781,-7.36273,Africa/Abidjan
TYB,YTIB,Tibooburra Airport,Tibooburra,AU,-29.4511,142.058,Australia/Sydney
TYD,UHBW,Tynda Airport,Tynda,RU,55.2842,124.779,Asia/Yakutsk
TYF,ESST,Torsby Airport,Torsby,SE,60.1576,12.9913,Europe/Stockholm
TYG,YTHY,Thylungra Airport,,AU,-26.0833,143.467,Australia/Brisbane
TYL,SPYL,Capitan Montes Airport,Talara,PE,-4.57664,-81.2541,America/Lima
TYM,MYES,Staniel Cay Airport,Staniel Cay,BS,24.1691,-76.4391,America/Nassau
TYN,ZBYN,Taiyuan Wusu Airport,Taiyuan,CN,37.7469,112.628,Asia/Shanghai
TYP,YTMY,Tobermorey Airport,Tobermorey,AU,-22.2558,137.953,Australia/Darwin
TYR,KTYR,Tyler Pounds Regional Airport,Tyler,US,32.3541,-95.4024,America/Chicago
TYS,KTYS,McGhee Tyson Airport,Knoxville,US,35.811,-83.994,America/New_York
TYT,SUTR,Treinta y Tres Airport,Treinta y Tres,UY,-33.2,-54.35,America/Montevideo
TYZ,KTYL,Taylor Airport,Taylor,US,34.4528,-110.115,America/Phoenix
TZC,KCFS,Tuscola Area Airport,Caro,US,43.4588,-83.4455,America/Detroit
TZL,LQTZ,Tuzla International Airport,Tuzla,BA,44.4587,18.7248,Europe/Sarajevo
TZR,LHTA,Taszar Air Base,Taszar,HU,46.3931,17.9175,Europe/Budapest
TZX,LTCG,Trabzon International Airport,Trabzon,TR,40.9951,39.7897,Europe/Istanbul
UAB,LTAG,Incirlik Air Base,Adana,TR,37.0021,35.4259,Europe/Istanbul
UAH,NTMU,Ua Huka Airport,Ua Huka,PF,-8.93611,-139.552,Pacific/Marquesas
UAI,WPDB,Suai Airport,Suai,TL,-9.30331,125.287,Asia/Dili
UAK,BGBW,Narsarsuaq Airport,Narsarsuaq,GL,61.1605,-45.426,America/Nuuk
UAL,FNUA,Luau Airport,Luau,AO,-10.7158,22.2311,Africa/Luanda
UAM,PGUA,Andersen Air Force Base,Andersen,GU,13.584,144.92999,Pacific/Guam
UAP,NTMP,Ua Pou Airport,Ua Pou,PF,-9.35167,-140.078,Pacific/Marquesas
UAQ,SANU,Domingo Faustino Sarmiento Airport,San Juan,AR,-31.5715,-68.4182,America/Argentina/San_Juan
UAR,GMFB,Bouarfa Airport,Bouarfa,MA,32.51431,-1.98306,Africa/Casablanca
UAS,HKSB,Samburu South Airport,Samburu South,KE,0.53058,37.53419,Africa/Nairobi
UAX,MGUX,Uaxactun Airport,Uaxactun,GT,17.39389,-89.63274,America/Guatemala
UBA,SBUR,Mario de Almeida Franco Airport,Uberaba,BR,-19.76472,-47.96611,America/Sao_Paulo
UBB,YMAA,Mabuiag Island Airport,Mabuiag Island,AU,-9.95,142.183,Australia/Brisbane
UBJ,RJDC,Yamaguchi Ube Airport,Ube,JP,33.93,131.27901,Asia/Tokyo
UBN,ZMCK,Chinggis Khaan International Airport,Ulaanbaatar,MN,47.65158,106.82177,Asia/Ulaanbaatar
UBP,VTUU,Ubon Ratchathani Airport,Ubon Ratchathani,TH,15.2513,104.87,Asia/Bangkok
UBR,WAJU,Ubrub Airport,Ubrub-Papua Island,ID,-3.66667,140.85001,Asia/Jayapura
UBS,KUBS,Columbus Lowndes County Airport,Columbus,US,33.4654,-88.3803,America/Chicago
UBT,SDUB,Ubatuba Airport,Ubatuba,BR,-23.4411,-45.0756,America/Sao_Paulo
UBU,YKAL,Kalumburu Airport,,AU,-14.2883,126.632,Australia/Perth
UCB,ZBUC,Ulanqab Jining Airport,Ulanqab,CN,41.12972,113.10806,Asia/Shanghai
UCK,UKLC,Lutsk Airport,Lutsk,UA,50.6784,25.48717,Europe/Kyiv
UCN,GLBU,Buchanan Airport,Buchanan,LR,5.16765,-9.28347,Africa/Monrovia
UCT,UUYH,Ukhta Airport,Ukhta,RU,63.5669,53.8047,Europe/Moscow
UCY,KUCY,Everett-Stewart Regional Airport,Union City,US,36.3818,-88.9854,America/Chicago
UCZ,SPIZ,Uchiza Airport,Uchiza,PE,-8.467,-76.35,America/Lima
UDA,YUDA,Undara Airport,Mount Surprise,AU,-18.2,144.60001,Australia/Brisbane
UDD,KUDD,Bermuda Dunes Airport,Palm Springs,US,33.7484,-116.275,America/Los_Angeles
UDE,EHVK,Volkel Air Base,Uden,NL,51.6564,5.70861,Europe/Amsterdam
UDI,SBUL,Ten. Cel. Aviador Cesar Bombonato Airport,Uberlandia,BR,-18.88361,-48.22528,America/Sao_Paulo
UDJ,UKLU,Uzhhorod International Airport,Uzhhorod,UA,48.6343,22.2634,Europe/Bratislava
UDN,LIPD,Udine / Campoformido Air Base,Udine,IT,46.0322,13.1868,Europe/Rome
UDR,VAUD,Maharana Pratap Airport,Udaipur,IN,24.6177,73.8961,Asia/Kolkata
UEE,YQNS,Queenstown Airport,Queenstown,AU,-42.075,145.532,Australia/Hobart
UEL,FQQL,Quelimane Airport,Quelimane,MZ,-17.8555,36.8691,Africa/Maputo
UEN,USDU,Urengoy Airport,Urengoy,RU,65.96,78.437,Asia/Yekaterinburg
UEO,ROKJ,Kumejima Airport,Kumejima,JP,26.3635,126.714,Asia/Tokyo
UES,KUES,Waukesha County Airport,Waukesha,US,43.041,-88.2371,America/Chicago
UET,OPQT,Quetta International Airport,Quetta,PK,30.2514,66.9378,Asia/Karachi
UFA,UWUU,Ufa International Airport,Ufa,RU,54.5575,55.8744,Asia/Yekaterinburg
UGA,ZMBN,Bulgan Airport,Bulgan,MN,48.855,103.476,Asia/Ulaanbaatar
UGC,UZNU,Urgench Airport,Urgench,UZ,41.5843,60.6417,Asia/Samarkand
UGN,KUGN,Waukegan Regional Airport,Chicago/Waukegan,US,42.4222,-87.8679,America/Chicago
UGO,FNUG,Uige Airport,Uige,AO,-7.60307,15.0278,Africa/Luanda
UGT,ZMBR,Bulagtai Resort Airport,Umnugobitour,MN,43.7493,104.11499,Asia/Ulaanbaatar
UHE,LKKU,Kunovice Airport,Uherske Hradiste,CZ,49.0294,17.4397,Europe/Prague
UIB,SKUI,El Carano Airport,Quibdo,CO,5.69076,-76.6412,America/Bogota
UIH,VVPC,Phu Cat Airport,Quy Nohn,VN,13.955,109.042,Asia/Ho_Chi_Minh
UII,MHUT,Utila Airport,Utila Island,HN,16.1131,-86.8803,America/Tegucigalpa
UIK,UIBS,Ust-Ilimsk Airport,Ust-Ilimsk,RU,58.1361,102.565,Asia/Irkutsk
UIL,KUIL,Quillayute Airport,Quillayute,US,47.9366,-124.563,America/Los_Angeles
UIN,KUIN,Quincy Regional Baldwin Field,Quincy,US,39.9427,-91.1946,America/Chicago
UIO,SEQM,Nuevo Aeropuerto Internacional Mariscal Sucre,Quito,EC,-0.12917,-78.3575,America/Guayaquil
UIP,LFRQ,Quimper-Cornouaille Airport,Quimper/Pluguffan,FR,47.975,-4.16779,Europe/Paris
UIQ,NVVQ,Quion Hill Airport,Quion Hill,VU,-17.54,168.442,Pacific/Efate
UIR,YQDI,Quirindi Airport,Quirindi,AU,-31.4906,150.51401,Australia/Sydney
UJE,UJAP,Ujae Atoll Airport,Ujae Atoll,MH,8.92806,165.76199,Pacific/Majuro
UKA,HKUK,Ukunda Airstrip,Ukunda,KE,-4.29333,39.5711,Africa/Nairobi
UKB,RJBE,Kobe Airport,Kobe,JP,34.6328,135.224,Asia/Tokyo
UKG,UEBT,Ust-Kuyga Airport,Ust-Kuyga,RU,70.011,135.645,Asia/Vladivostok
UKI,KUKI,Ukiah Municipal Airport,Ukiah,US,39.126,-123.201,America/Los_Angeles
UKK,UASK,Ust-Kamennogorsk Airport,Ust Kamenogorsk,KZ,50.0366,82.4942,Asia/Almaty
UKS,URFB,Belbek Airport,Sevastopol,UA,44.689,33.571,Europe/Simferopol
UKT,KUKT,Quakertown Airport,Quakertown,US,40.4352,-75.3819,America/New_York
UKU,AYNU,Nuku Airport,Nuku,PG,-3.67665,142.48433,Pacific/Port_Moresby
UKX,UITT,Ust-Kut Airport,Ust-Kut,RU,56.8567,105.73,Asia/Irkutsk
ULA,SAWJ,Capitan D Daniel Vazquez Airport,San Julian,AR,-49.3068,-67.8026,America/Argentina/Rio_Gallegos
ULB,NVSU,Ulei Airport,Ambryn Island,VU,-16.3297,168.3011,Pacific/Efate
ULD,FAUL,Prince Mangosuthu Buthelezi Airport,Ulundi,ZA,-28.3206,31.4165,Africa/Johannesburg
ULG,ZMUL,Ulgii Mongolei Airport,Olgii,MN,48.9933,89.9225,Asia/Hovd
ULH,OEAO,Prince Abdul Majeed bin Abdulaziz International Airport,Al-'Ula,SA,26.48333,38.11694,Asia/Riyadh
ULK,UERL,Lensk Airport,Lensk,RU,60.7206,114.826,Asia/Yakutsk
ULM,KULM,New Ulm Municipal Airport,New Ulm,US,44.3196,-94.5023,America/Chicago
ULN,ZMUB,Chinggis Khaan International Airport,Ulan Bator,MN,47.8431,106.767,Asia/Ulaanbaatar
ULO,ZMUG,Ulaangom Airport,Ulaangom,MN,49.97333,92.07972,Asia/Hovd
ULP,YQLP,Quilpie Airport,Quilpie,AU,-26.6122,144.25301,Australia/Brisbane
ULQ,SKUL,Farfan Airport,Tulua,CO,4.08836,-76.2351,America/Bogota
ULU,HUGU,Gulu Airport,Gulu,UG,2.80556,32.2718,Africa/Kampala
ULV,UWLL,Ulyanovsk Baratayevka Airport,Ulyanovsk,RU,54.2683,48.2267,Europe/Ulyanovsk
ULX,FAUS,Ulusaba Airport,Ulusaba,ZA,-24.7854,31.3549,Africa/Johannesburg
ULY,UWLW,Ulyanovsk East Airport,Ulyanovsk,RU,54.401,48.8027,Europe/Ulyanovsk
UMA,MUMA,Punta de Maisi Airport,Maisi,CU,20.2506,-74.1505,America/Havana
UME,ESNU,Umea Airport,Umea,SE,63.7918,20.2828,Europe/Stockholm
UMI,SPIL,Quince Air Base,Quince Mil,PE,-13.2333,-70.7533,America/Lima
UMM,PAST,Summit Airport,Summit,US,63.3315,-149.127,America/Anchorage
UMR,YPWR,Woomera Airfield,Woomera,AU,-31.1442,136.817,Australia/Adelaide
UMS,UEMU,Ust-Maya Airport,Ust-Maya,RU,60.357,134.435,Asia/Khandyga
UMT,PAUM,Umiat Airport,Umiat,US,69.3711,-152.136,America/Anchorage
UMU,SSUM,Umuarama Airport,Umuarama,BR,-23.7987,-53.3138,America/Sao_Paulo
UMY,UKHS,Sumy Airport,Sumy,UA,50.8583,34.7625,Europe/Kyiv
UNA,SBTC,Hotel Transamerica Airport,Una,BR,-15.3552,-38.999,America/Bahia
UND,OAUZ,Konduz Airport,Kunduz,AF,36.6651,68.9108,Asia/Kabul
UNE,FXQN,Qacha's Nek Airport,Qacha's Nek,LS,-30.1117,28.6719,Africa/Johannesburg
UNG,AYKI,Kiunga Airport,Kiunga,PG,-6.12571,141.282,Pacific/Port_Moresby
UNI,TVSU,Union Island International Airport,Union Island,VC,12.60013,-61.41195,America/St_Vincent
UNK,PAUN,Unalakleet Airport,Unalakleet,US,63.8884,-160.799,America/Anchorage
UNN,VTSR,Ranong Airport,Ranong,TH,9.77762,98.5855,Asia/Bangkok
UNT,EGPW,Unst Airport,Shetland Islands,GB,60.7472,-0.85385,Europe/London
UNU,KUNU,Dodge County Airport,Juneau,US,43.4266,-88.7032,America/Chicago
UOA,NTTX,Mururoa Atoll Airport,Mururoa Atoll,PF,-21.867,-138.91701,Pacific/Tahiti
UOL,WAMY,Buol Airport,Buol-Celebes Island,ID,1.15905,121.428,Asia/Makassar
UOS,KUOS,Franklin County Airport,Sewanee,US,35.2051,-85.8981,America/Chicago
UOX,KUOX,University Oxford Airport,Oxford,US,34.3843,-89.5368,America/Chicago
UPB,MUPB,Playa Baracoa Airport,Havana,CU,23.0328,-82.5794,America/Havana
UPG,WAAA,Hasanuddin International Airport,Ujung Pandang-Celebes Island,ID,-5.06163,119.554,Asia/Makassar
UPL,MRUP,Upala Airport,Upala,CR,10.8922,-85.0162,America/Costa_Rica
UPN,MMPN,Licenciado y General Ignacio Lopez Rayon Airport,Uruapan,MX,19.3967,-102.039,America/Mexico_City
UPP,PHUP,Upolu Airport,Hawi,US,20.2653,-155.86,Pacific/Honolulu
UPV,EGDJ,Upavon Aerodrome,Upavon,GB,51.2862,-1.78202,Europe/London
URA,UARR,Uralsk Airport,Uralsk,KZ,51.1508,51.5431,Asia/Oral
URC,ZWWW,Urumqi Diwopu International Airport,Urumqi,CN,43.9071,87.4742,Asia/Shanghai
URD,EDQE,Burg Feuerstein Airport,Ebermannstadt,DE,49.79417,11.13361,Europe/Berlin
URE,EEKE,Kuressaare Airport,Kuressaare,EE,58.2299,22.5095,Europe/Tallinn
URG,SBUG,Rubem Berta Airport,Uruguaiana,BR,-29.7822,-57.0382,America/Sao_Paulo
URJ,USHU,Uray Airport,Uray,RU,60.1033,64.8267,Asia/Yekaterinburg
URM,SVUM,Uriman Airport,Uriman,VE,5.33333,-62.76667,America/Caracas
URO,LFOP,Rouen Airport,Rouen/Vallee de Seine,FR,49.3842,1.1748,Europe/Paris
URR,SKUR,Urrao Airport,Urrao,CO,6.32883,-76.1425,America/Bogota
URS,UUOK,Kursk East Airport,Kursk,RU,51.7506,36.2956,Europe/Moscow
URT,VTSB,Surat Thani Airport,Surat Thani,TH,9.1326,99.1356,Asia/Bangkok
URY,OEGT,Guriat Domestic Airport,Gurayat,SA,31.4119,37.2795,Asia/Riyadh
USA,KJQF,Concord Regional Airport,Concord,US,35.3878,-80.7091,America/New_York
USH,SAWH,Malvinas Argentinas Airport,Ushuahia,AR,-54.8433,-68.2958,America/Argentina/Ushuaia
USI,SYMB,Mabaruma Airport,Mabaruma,GY,8.2,-59.7833,America/Guyana
USJ,UAAL,Usharal Airport,Usharal,KZ,46.19028,80.83139,Asia/Almaty
USK,UUYS,Usinsk Airport,Usinsk,RU,66.0047,57.3672,Europe/Moscow
USL,YUSL,Useless Loop Airport,Useless Loop,AU,-26.1667,113.4,Australia/Perth
USM,VTSM,Samui Airport,Na Thon (Ko Samui Island),TH,9.54779,100.062,Asia/Bangkok
USN,RKPU,Ulsan Airport,Ulsan,KR,35.5935,129.35201,Asia/Seoul
USQ,LTBO,Usak Airport,Usak,TR,38.6815,29.4717,Europe/Istanbul
USR,UEMT,Ust-Nera Airport,Ust-Nera,RU,64.55,143.11501,Asia/Ust-Nera
USS,MUSS,Sancti Spiritus Airport,Sancti Spiritus,CU,21.9704,-79.4427,America/Havana
UST,KSGJ,Northeast Florida Regional Airport,St Augustine,US,29.9592,-81.3398,America/New_York
USU,RPVV,Francisco B. Reyes Airport,Coron,PH,12.1215,120.1,Asia/Manila
UTA,FVMU,Mutare Airport,Mutare,ZW,-18.9975,32.6272,Africa/Harare
UTB,YMTB,Muttaburra Airport,Muttaburra,AU,-22.5833,144.533,Australia/Brisbane
UTE,FABU,Bultfontein Airport,Bultfontein,ZA,-28.27337,26.13584,Africa/Johannesburg
UTG,FXQG,Quthing Airport,Quthing,LS,-30.4075,27.6933,Africa/Maseru
UTH,VTUD,Udon Thani Airport,Udon Thani,TH,17.3864,102.788,Asia/Bangkok
UTI,EFUT,Utti Air Base,Utti / Valkeala,FI,60.8964,26.9384,Europe/Helsinki
UTM,KUTA,Tunica Municipal Airport,Tunica,US,34.681,-90.3467,America/Chicago
UTN,FAUP,Pierre Van Ryneveld Airport,Upington,ZA,-28.3991,21.2602,Africa/Johannesburg
UTO,PAIM,Indian Mountain LRRS Airport,Utopia Creek,US,65.9928,-153.70399,America/Anchorage
UTP,VTBU,U-Tapao International Airport,Rayong,TH,12.6799,101.005,Asia/Bangkok
UTR,VTPU,Uttaradit Airport,Uttaradit,TH,17.617,100.1,Asia/Bangkok
UTS,UUYX,Ust-Tsylma Airport,Ust-Tsylma,RU,65.43729,52.20034,Europe/Moscow
UTT,FAUT,K. D. Matanzima Airport,Mthatha,ZA,-31.5479,28.6743,Africa/Johannesburg
UTW,FAQT,Queenstown Airport,Queenstown,ZA,-31.9202,26.8822,Africa/Johannesburg
UUA,UWKB,Bugulma Airport,Bugulma,RU,54.64,52.8017,Europe/Moscow
UUD,UIUU,Ulan-Ude Airport (Mukhino),Ulan Ude,RU,51.8078,107.438,Asia/Irkutsk
UUK,PAKU,Ugnu-Kuparuk Airport,Kuparuk,US,70.3308,-149.59801,America/Anchorage
UUN,ZMBU,Baruun Urt Airport,Baruun-Urt,MN,46.6603,113.285,Asia/Choibalsan
UUS,UHSS,Yuzhno-Sakhalinsk Airport,Yuzhno-Sakhalinsk,RU,46.8887,142.718,Asia/Sakhalin
UVA,KUVA,Garner Field,Uvalde,US,29.2113,-99.7436,America/Chicago
UVE,NWWV,Ouvea Airport,Ouvea,NC,-20.6406,166.573,Pacific/Noumea
UVF,TLPL,Hewanorra International Airport,Vieux Fort,LC,13.7332,-60.9526,America/St_Lucia
UVL,HEKG,El Kharga Airport,El Kharga,EG,25.4736,30.5907,Africa/Cairo
UYL,HSNN,Nyala Airport,Nyala,SD,12.0535,24.9562,Africa/Khartoum
UYN,ZLYL,Yulin Airport,Yulin,CN,38.2692,109.731,Asia/Shanghai
UYU,SLUY,Uyuni Airport,Quijarro,BO,-20.4463,-66.8484,America/La_Paz
UZC,LYUZ,Ponikve Airport,Uzice,RS,43.8989,19.6977,Europe/Belgrade
UZU,SATU,Curuzu Cuatia Airport,Curuzu Cuatia,AR,-29.7706,-57.9789,America/Argentina/Cordoba
VAA,EFVA,Vaasa Airport,Vaasa,FI,63.0507,21.7622,Europe/Helsinki
VAC,EDWU,Varrelbusch Airport,Cloppenburg,DE,52.90833,8.04056,Europe/Berlin
VAD,KVAD,Moody Air Force Base,Valdosta,US,30.9678,-83.193,America/New_York
VAF,LFLU,Valence-Chabeuil Airport,Valence/Chabeuil,FR,44.9216,4.9699,Europe/Paris
VAG,SBVG,Major Brigadeiro Trompowsky Airport,Varginha,BR,-21.5901,-45.4733,America/Sao_Paulo
VAH,SLVG,Capitan Av. Vidal Villagomez Toledo Airport,Vallegrande,BO,-18.4825,-64.0994,America/La_Paz
VAI,AYVN,Vanimo Airport,Vanimo,PG,-2.69717,141.302,Pacific/Port_Moresby
VAK,PAVA,Chevak Airport,Chevak,US,61.5409,-165.6005,America/Nome
VAL,SNVB,Valenca Airport,Valenca,BR,-13.2965,-38.9924,America/Bahia
VAM,VRMV,Villa Airport,Maamigili,MV,3.47056,72.83583,Indian/Maldives
VAN,LTCI,Van Ferit Melen Airport,Van,TR,38.4682,43.3323,Europe/Istanbul
VAO,AGGV,Suavanao Airport,Suavanao,SB,-7.58556,158.731,Pacific/Guadalcanal
VAP,SCRD,Rodelillo Airport,Vina Del Mar,CL,-33.0681,-71.5575,America/Santiago
VAR,LBWN,Varna Airport,Varna,BG,43.2321,27.8251,Europe/Sofia
VAS,LTAR,Sivas Airport,Sivas,TR,39.8138,36.9035,Europe/Istanbul
VAT,FMMY,Vatomandry Airport,Vatomandry,MG,-19.38333,48.95,Indian/Antananarivo
VAU,NFNV,Vatukoula Airport,Vatukoula,FJ,-17.5,177.842,Pacific/Fiji
VAV,NFTV,Vava'u International Airport,Vava'u Island,TO,-18.5853,-173.96201,Pacific/Tongatapu
VAW,ENSS,Vardo Airport Svartnes,Vardo,NO,70.3554,31.0449,Europe/Oslo
VBA,VYAN,Ann Airport,Aeng,MM,19.7692,94.0261,Asia/Yangon
VBC,VYCZ,Chanmyathazi Airport,Mandalay,MM,21.9405,96.0896,Asia/Yangon
VBG,KVBG,Vandenberg Air Force Base,Lompoc,US,34.7373,-120.584,America/Los_Angeles
VBP,VYBP,Bokpyinn Airport,Bokpyinn,MM,11.267,98.767,Asia/Yangon
VBS,LIPO,Brescia / Montichiari Airport,Brescia,IT,45.4289,10.3306,Europe/Rome
VBV,NFVB,Vanua Balavu Airport,Vanua Balavu,FJ,-17.269,-178.976,Pacific/Fiji
VBY,ESSV,Visby Airport,Visby,SE,57.6628,18.3462,Europe/Stockholm
VCA,VVCT,Tra Noc Airport,Can Tho,VN,10.0851,105.712,Asia/Ho_Chi_Minh
VCD,YVRD,Victoria River Downs Airport,,AU,-16.40212,131.00497,Australia/Darwin
VCE,LIPZ,Venezia / Tessera -  Marco Polo Airport,Venezia,IT,45.5053,12.3519,Europe/Rome
VCH,SUVO,Vichadero Airport,Vichadero,UY,-31.767,-54.617,America/Montevideo
VCL,VVCA,Chu Lai International Airport,Dung Quat Bay,VN,15.4033,108.706,Asia/Ho_Chi_Minh
VCP,SBKP,Viracopos International Airport,Campinas,BR,-23.0074,-47.1345,America/Sao_Paulo
VCR,SVCO,Carora Airport,Carora,VE,10.1756,-70.06522,America/Caracas
VCS,VVCS,Co Ong Airport,Con Ong,VN,8.73183,106.633,Asia/Ho_Chi_Minh
VCT,KVCT,Victoria Regional Airport,Victoria,US,28.8526,-96.9185,America/Chicago
VCV,KVCV,Southern California Logistics Airport,Victorville,US,34.5975,-117.383,America/Los_Angeles
VDA,LLOV,Ovda International Airport,Eilat,IL,29.9403,34.9358,Asia/Jerusalem
VDB,ENFG,Leirin Airport,Fagernes,NO,61.0156,9.28806,Europe/Oslo
VDC,SBVC,Glauber Rocha Airport,Vitória da Conquista,BR,-14.90778,-40.91472,America/Bahia
VDE,GCHI,Hierro Airport,El Hierro Island,ES,27.8148,-17.8871,Atlantic/Canary
VDH,VVDH,Dong Hoi Airport,Dong Hoi,VN,17.515,106.59056,Asia/Bangkok
VDI,KVDI,Vidalia Regional Airport,Vidalia,US,32.1927,-82.3712,America/New_York
VDM,SAVV,Gobernador Castello Airport,Viedma / Carmen de Patagones,AR,-40.8692,-63.0004,America/Argentina/Salta
VDO,VVVD,Van Don International Airport,Vân Đồn,VN,21.11778,107.41417,Asia/Bangkok
VDP,SVVP,Valle de La Pascua Airport,Valle de la Pascua,VE,9.22203,-65.99358,America/Caracas
VDR,SAOD,Villa Dolores Airport,Villa Dolores,AR,-31.9452,-65.1463,America/Argentina/Cordoba
VDS,ENVD,Vadso Airport,Vadso,NO,70.0653,29.8447,Europe/Oslo
VDY,VOJV,Vijayanagar Aerodrome (JSW),Bellary,IN,15.17497,76.63495,Asia/Kolkata
VDZ,PAVD,Valdez Pioneer Field,Valdez,US,61.1339,-146.248,America/Anchorage
VEE,PAVE,Venetie Airport,Venetie,US,67.0087,-146.366,America/Anchorage
VEL,KVEL,Vernal Regional Airport,Vernal,US,40.4409,-109.51,America/Denver
VER,MMVR,General Heriberto Jara International Airport,Veracruz,MX,19.1459,-96.1873,America/Mexico_City
VEV,AGBA,Barakoma Airport,Barakoma,SB,-7.91278,156.70599,Pacific/Guadalcanal
VEY,BIVM,Vestmannaeyjar Airport,Vestmannaeyjar,IS,63.4243,-20.2789,Atlantic/Reykjavik
VFA,FVFA,Victoria Falls International Airport,Victoria Falls,ZW,-18.0959,25.839,Africa/Harare
VGA,VOBZ,Vijayawada Airport,Vijayawada,IN,16.5304,80.7968,Asia/Kolkata
VGD,ULWW,Vologda Airport,Vologda,RU,59.2825,39.9444,Europe/Moscow
VGO,LEVX,Vigo Airport,Vigo,ES,42.2318,-8.62677,Europe/Madrid
VGT,KVGT,North Las Vegas Airport,Las Vegas,US,36.2107,-115.194,America/Los_Angeles
VGZ,SKVG,Villa Garzon Airport,Villa Garzon,CO,0.98194,-76.60417,America/Bogota
VHC,FNSA,Saurimo Airport,Saurimo,AO,-9.68907,20.4319,Africa/Luanda
VHM,ESNV,Vilhelmina Airport,Vilhelmina,SE,64.5791,16.8336,Europe/Stockholm
VHN,KVHN,Culberson County Airport,Van Horn,US,31.0578,-104.784,America/Chicago
VHV,UENI,Verkhnevilyuisk Airport,Verkhnevilyuisk,RU,63.45806,120.26917,Asia/Yakutsk
VHY,LFLV,Vichy-Charmeil Airport,Vichy/Charmeil,FR,46.1697,3.40374,Europe/Paris
VHZ,NTUV,Vahitahi Airport,Vahitahi,PF,-18.78,-138.853,Pacific/Tahiti
VIA,SSVI,Videira Airport,Videira,BR,-26.9997,-51.1419,America/Sao_Paulo
VIC,LIPT,Vicenza Airport,Vicenza,IT,45.5734,11.5295,Europe/Rome
VID,LBVD,Vidin Smurdan Airfield,Vidin,BG,44.0224,22.8161,Europe/Sofia
VIE,LOWW,Vienna International Airport,Vienna,AT,48.1103,16.5697,Europe/Vienna
VIG,SVVG,Juan Pablo Perez Alfonso Airport,El Vigia,VE,8.62414,-71.67267,America/Caracas
VIH,KVIH,Rolla National Airport,Rolla/Vichy,US,38.1274,-91.7695,America/Chicago
VII,VVVH,Vinh Airport,Vinh,VN,18.7376,105.671,Asia/Bangkok
VIJ,TUPW,Virgin Gorda Airport,Spanish Town,VG,18.4464,-64.4275,America/Tortola
VIL,GMMH,Dakhla Airport,Dakhla,EH,23.7183,-15.932,Africa/El_Aaiun
VIN,UKWW,Vinnytsia/Gavyryshivka Airport,Vinnitsa,UA,49.24253,28.61378,Europe/Kyiv
VIP,LSMP,Payerne Airport,Payerne,CH,46.84675,6.9206,Europe/Zurich
VIQ,WPVQ,Viqueque Airport,Viqueque,TL,-8.8838,126.373,Asia/Dili
VIR,FAVG,Virginia Airport,Durban,ZA,-29.7706,31.0584,Africa/Johannesburg
VIS,KVIS,Visalia Municipal Airport,Visalia,US,36.3187,-119.393,America/Los_Angeles
VIT,LEVT,Vitoria/Foronda Airport,Alava,ES,42.8828,-2.72447,Europe/Madrid
VIX,SBVT,Eurico de Aguiar Salles Airport,Vitoria,BR,-20.25806,-40.28639,America/Sao_Paulo
VIY,LFPV,Villacoublay-Velizy (BA 107) Air Base,Villacoublay/Velizy,FR,48.7744,2.20154,Europe/Paris
VJB,FQXA,Xai-Xai Airport,Xai-Xai,MZ,-25.0378,33.6274,Africa/Maputo
VJI,KVJI,Virginia Highlands Airport,Abingdon,US,36.6871,-82.0333,America/New_York
VKG,VVRG,Rach Gia Airport,Rach Gia,VN,9.95803,105.13238,Asia/Ho_Chi_Minh
VKO,UUWW,Vnukovo International Airport,Moscow,RU,55.5915,37.2615,Europe/Moscow
VKS,KVKS,Vicksburg Municipal Airport,Vicksburg,US,32.2393,-90.9284,America/Chicago
VKT,UUYW,Vorkuta Airport,Vorkuta,RU,67.4886,63.9931,Europe/Moscow
VKV,ULAH,Vaskovo Airport,Arkhangelsk,RU,64.4417,40.4217,Europe/Moscow
VKX,KVKX,Potomac Airfield,Friendly,US,38.7476,-76.9572,America/New_York
VLA,KVLA,Vandalia Municipal Airport,Vandalia,US,38.9915,-89.1662,America/Chicago
VLC,LEVC,Valencia Airport,Valencia,ES,39.4893,-0.48162,Europe/Madrid
VLD,KVLD,Valdosta Regional Airport,Valdosta,US,30.7825,-83.2767,America/New_York
VLG,SAZV,Villa Gesell Airport,Villa Gesell,AR,-37.2354,-57.0292,America/Argentina/Buenos_Aires
VLI,NVVV,Port Vila Bauerfield Airport,Port Vila,VU,-17.6993,168.32001,Pacific/Efate
VLK,URRY,Zavetnoe Airport,Zavetnoe,RU,46.5443,43.6457,Europe/Moscow
VLL,LEVD,Valladolid Airport,Valladolid,ES,41.7061,-4.85194,Europe/Madrid
VLM,SLVM,Teniente Coronel Rafael Pabon Airport,Villamontes,BO,-21.2552,-63.4056,America/La_Paz
VLN,SVVA,Arturo Michelena International Airport,Valencia,VE,10.14973,-67.9284,America/Caracas
VLP,SWVC,Vila Rica Airport,Vila Rica,BR,-9.97944,-51.14222,America/Cuiaba
VLR,SCLL,Vallenar Airport,Vallenar,CL,-28.5964,-70.756,America/Santiago
VLS,NVSV,Valesdir Airport,Valesdir,VU,-16.7961,168.177,Pacific/Efate
VLU,ULOL,Velikiye Luki Airport,Velikiye Luki,RU,56.3811,30.6081,Europe/Moscow
VLV,SVVL,Dr. Antonio Nicolas Briceno Airport,Valera,VE,9.34048,-70.58406,America/Caracas
VME,SAOR,Villa Reynolds Airport,Villa Reynolds,AR,-33.7299,-65.3874,America/Argentina/San_Luis
VMU,AYBA,Baimuru Airport,Baimuru,PG,-7.49686,144.8199,Pacific/Port_Moresby
VNA,VLSV,Saravane Airport,Saravane,LA,15.70944,106.4107,Asia/Vientiane
VNC,KVNC,Venice Municipal Airport,Venice,US,27.0716,-82.4403,America/New_York
VND,FMSU,Vangaindrano Airport,Vangaindrano,MG,-23.35077,47.5817,Indian/Antananarivo
VNE,LFRV,Vannes-Meucon Airport,Vannes/Meucon,FR,47.7233,-2.71856,Europe/Paris
VNO,EYVI,Vilnius International Airport,Vilnius,LT,54.6341,25.2858,Europe/Vilnius
VNR,YVRS,Vanrook Station Airport,,AU,-16.9633,141.95,Australia/Brisbane
VNS,VEBN,Lal Bahadur Shastri Airport,Varanasi,IN,25.4524,82.8593,Asia/Kolkata
VNT,EVVA,Ventspils International Airport,Ventspils,LV,57.3578,21.5442,Europe/Riga
VNX,FQVL,Vilankulo Airport,Vilanculo,MZ,-22.0184,35.3133,Africa/Maputo
VNY,KVNY,Van Nuys Airport,Van Nuys,US,34.2098,-118.49,America/Los_Angeles
VOD,LKVO,Vodochody Airport,Vodochoky,CZ,50.2166,14.3958,Europe/Prague
VOG,URWW,Volgograd International Airport,Volgograd,RU,48.7825,44.3455,Europe/Volgograd
VOH,FMNV,Vohimarina Airport,Vohemar,MG,-13.3758,50.0028,Indian/Antananarivo
VOI,GLVA,Voinjama Airport,Voinjama,LR,8.4,-9.767,Africa/Monrovia
VOK,KVOK,Volk Field,Camp Douglas,US,43.939,-90.2534,America/Chicago
VOL,LGBL,Nea Anchialos Airport,Nea Anchialos,GR,39.2196,22.7943,Europe/Athens
VOT,SDVG,Votuporanga Airport,Votuporanga,BR,-20.4632,-50.0045,America/Sao_Paulo
VOZ,UUOO,Voronezh International Airport,Voronezh,RU,51.8142,39.2296,Europe/Moscow
VPE,FNGI,Ngjiva Pereira Airport,Ngiva,AO,-17.0435,15.6838,Africa/Luanda
VPN,BIVO,Vopnafjordur Airport,Vopnafjordur,IS,65.7206,-14.8506,Atlantic/Reykjavik
VPS,KVPS,Eglin Air Force Base,Valparaiso,US,30.4832,-86.5254,America/Chicago
VPY,FQCH,Chimoio Airport,Chimoio,MZ,-19.1513,33.429,Africa/Maputo
VPZ,KVPZ,Porter County Municipal Airport,Valparaiso,US,41.454,-87.0071,America/Chicago
VQQ,KVQQ,Cecil Field,Jacksonville,US,30.2187,-81.8767,America/New_York
VQS,TJVQ,Antonio Rivera Rodriguez Airport,Vieques Island,PR,18.1348,-65.4936,America/Puerto_Rico
VRA,MUVR,Juan Gualberto Gomez International Airport,Varadero,CU,23.0344,-81.4353,America/Havana
VRB,KVRB,Vero Beach Municipal Airport,Vero Beach,US,27.6556,-80.4179,America/New_York
VRC,RPUV,Virac Airport,Virac,PH,13.5764,124.206,Asia/Manila
VRE,FAVR,Vredendal Airport,Vredendal,ZA,-31.641,18.5448,Africa/Johannesburg
VRI,ULDW,Varandey Airport,Varandey,RU,68.8485,58.2014,Europe/Moscow
VRK,EFVR,Varkaus Airport,Varkaus / Joroinen,FI,62.1711,27.8686,Europe/Helsinki
VRL,LPVR,Vila Real Airport,Vila Real,PT,41.2743,-7.72047,Europe/Lisbon
VRN,LIPX,Verona / Villafranca Airport,Verona,IT,45.3957,10.8885,Europe/Rome
VRO,MUKW,Kawama Airport,Matanzas,CU,23.124,-81.3016,America/Havana
VRU,FAVB,Vryburg Airport,Vyrburg,ZA,-26.9824,24.7288,Africa/Johannesburg
VRZ,SSOL,Lavras Airport,Lavras,BR,-21.2406,-44.9639,America/Sao_Paulo
VSA,MMVA,Carlos Rovirosa Perez International Airport,Villahermosa,MX,17.997,-92.8174,America/Mexico_City
VSE,LPVZ,Viseu Airport,Viseu,PT,40.7255,-7.88899,Europe/Lisbon
VSF,KVSF,Hartness State (Springfield) Airport,Springfield,US,43.3436,-72.5173,America/New_York
VSG,UKCW,Luhansk International Airport,Luhansk,UA,48.4174,39.3741,Europe/Kyiv
VSK,KS98,Vista Field,Kennewick,US,46.2186,-119.21,America/Los_Angeles
VST,ESOW,Stockholm Vasteras Airport,Stockholm / Vasteras,SE,59.5894,16.6336,Europe/Stockholm
VSV,VISV,Shravasti Airport,Shravasti,IN,27.50306,82.02694,Asia/Kolkata
VTB,UMII,Vitebsk East Airport,Vitebsk,BY,55.1265,30.3496,Europe/Minsk
VTE,VLVT,Wattay International Airport,Vientiane,LA,17.9883,102.563,Asia/Vientiane
VTF,NFVL,Vatulele Airport,Vatulele,FJ,-18.5125,177.63901,Pacific/Fiji
VTG,VVVT,Vung Tau Airport,Vung Tau,VN,10.3725,107.095,Asia/Ho_Chi_Minh
VTL,LFSZ,Vittel Champ De Course Airport,Luxeuil,FR,48.2239,5.93528,Europe/Paris
VTM,LLNV,Nevatim Air Base,Beersheba,IL,31.2083,35.0123,Asia/Jerusalem
VTN,KVTN,Miller Field,Valentine,US,42.8578,-100.548,America/Chicago
VTU,MUVT,Hermanos Ameijeiras Airport,Las Tunas,CU,20.9876,-76.9358,America/Havana
VTZ,VOVZ,Vishakhapatnam Airport,Visakhapatnam,IN,17.7212,83.2245,Asia/Kolkata
VUP,SKVP,Alfonso Lopez Pumarejo Airport,Valledupar,CO,10.435,-73.2495,America/Bogota
VUS,ULWU,Velikiy Ustyug Airport,Velikiy Ustyug,RU,60.7883,46.26,Europe/Moscow
VVB,FMMH,Mahanoro Airport,Mahanoro,MG,-19.833,48.8,Indian/Antananarivo
VVC,SKVV,Vanguardia Airport,Villavicencio,CO,4.16787,-73.6138,America/Bogota
VVI,SLVR,Viru Viru International Airport,Santa Cruz,BO,-17.6448,-63.1354,America/La_Paz
VVK,ESSW,Vastervik Airport,Vastervik,SE,57.78,16.5236,Europe/Stockholm
VVO,UHWW,Vladivostok International Airport,Vladivostok,RU,43.399,132.14799,Asia/Vladivostok
VVZ,DAAP,Illizi Takhamalt Airport,Illizi,DZ,26.7235,8.62265,Africa/Algiers
VXC,FQLC,Lichinga Airport,Lichinga,MZ,-13.274,35.2663,Africa/Maputo
VXE,GVSV,Sao Pedro Airport,Sao Pedro,CV,16.8332,-25.0553,Atlantic/Cape_Verde
VXO,ESMX,Vaxjo Kronoberg Airport,Vaxjo,SE,56.9291,14.728,Europe/Stockholm
VYD,FAVY,Vryheid Airport,Vryheid,ZA,-27.7869,30.7964,Africa/Johannesburg
VYI,UENW,Vilyuisk Airport,Vilyuisk,RU,63.75667,121.69334,Asia/Yakutsk
VYS,KVYS,Illinois Valley Regional-Walter A Duncan field,Peru,US,41.3519,-89.1531,America/Chicago
WAA,PAIW,Wales Airport,Wales,US,65.6226,-168.095,America/Nome
WAC,HAWC,Waca Airport,Waca,ET,7.167,37.167,Africa/Addis_Ababa
WAE,OEWD,Wadi Al Dawasir Airport,Wadi al-Dawasir,SA,20.5043,45.1996,Asia/Riyadh
WAF,OPWN,Wana Airport,Waana,PK,32.3047,69.5704,Asia/Karachi
WAG,NZWU,Wanganui Airport,Wanganui,NZ,-39.9622,175.02499,Pacific/Auckland
WAH,KBWP,Harry Stern Airport,Wahpeton,US,46.2441,-96.6074,America/Chicago
WAI,FMNW,Ambalabe Airport,Antsohihy,MG,-14.8988,47.9939,Indian/Antananarivo
WAK,FMSZ,Ankazoabo Airport,Ankazoabo,MG,-22.29644,44.53154,Indian/Antananarivo
WAL,KWAL,Wallops Flight Facility Airport,Wallops Island,US,37.9402,-75.4664,America/New_York
WAM,FMMZ,Ambatondrazaka Airport,Ambatondrazaka,MG,-17.79538,48.44258,Indian/Antananarivo
WAO,AYWB,Wabo Airport,Wabo,PG,-6.98944,145.07511,Pacific/Port_Moresby
WAP,SCAP,Alto Palena Airport,Alto Palena,CL,-43.6119,-71.8061,America/Santiago
WAQ,FMMG,Antsalova Airport,Antsalova,MG,-18.70127,44.61492,Indian/Antananarivo
WAR,WAJR,Waris Airport,Waris-Papua Island,ID,-3.22243,140.979,Asia/Jayapura
WAT,EIWF,Waterford Airport,Waterford,IE,52.1872,-7.08696,Europe/Dublin
WAV,YWAV,Wave Hill Airport,,AU,-17.3933,131.118,Australia/Darwin
WAW,EPWA,Warsaw Chopin Airport,Warsaw,PL,52.1657,20.9671,Europe/Warsaw
WAX,HLZW,Zwara Airport,Zuwara,LY,32.9523,12.0155,Africa/Tripoli
WAY,KWAY,Greene County Airport,Waynesburg,US,39.9001,-80.1331,America/New_York
WAZ,YWCK,Warwick Airport,Warwick,AU,-28.1494,151.94299,Australia/Brisbane
WBA,WAPV,WahaiSeram Island,Seram Island,ID,-2.81417,129.48199,Asia/Jayapura
WBD,FMNF,Avaratra Airport,Befandriana,MG,-15.2,48.483,Indian/Antananarivo
WBG,ETNS,Schleswig Airport,Schleswig,DE,54.4593,9.51633,Europe/Berlin
WBM,AYWD,Wapenamanda Airport,,PG,-5.6433,143.895,Pacific/Port_Moresby
WBO,FMSB,Antsoa Airport,Beroroha,MG,-21.60698,45.13602,Indian/Antananarivo
WBQ,PAWB,Beaver Airport,Beaver,US,66.3622,-147.407,America/Anchorage
WBR,KRQB,Roben Hood Airport,Big Rapids,US,43.7226,-85.5041,America/Detroit
WBU,KBDU,Boulder Municipal Airport,Boulder,US,40.0394,-105.226,America/Denver
WBW,KWBW,Wilkes Barre Wyoming Valley Airport,Wilkes-Barre,US,41.2972,-75.8512,America/New_York
WCA,SCST,Gamboa Airport,Castro,CL,-42.4903,-73.7728,America/Santiago
WCH,SCTN,Chaiten Airport,Chaiten,CL,-42.9328,-72.6991,America/Santiago
WCR,PALR,Chandalar Lake Airport,Chandalar Lake,US,67.5045,-148.483,America/Anchorage
WDG,KWDG,Enid Woodring Regional Airport,Enid,US,36.3792,-97.7911,America/Chicago
WDH,FYWH,Hosea Kutako International Airport,Windhoek,NA,-22.4799,17.4709,Africa/Windhoek
WDI,YWND,Wondai Airport,,AU,-26.2833,151.858,Australia/Brisbane
WDR,KWDR,Barrow County Airport,Winder,US,33.9829,-83.6674,America/New_York
WEF,ZSWF,Weifang Airport,Weifang,CN,36.6467,119.119,Asia/Shanghai
WEH,ZSWH,Weihai Airport,Weihai,CN,37.1871,122.229,Asia/Shanghai
WEI,YBWP,Weipa Airport,Weipa,AU,-12.6786,141.925,Australia/Brisbane
WEL,FAWM,Welkom Airport,Welkom,ZA,-27.998,26.6696,Africa/Johannesburg
WET,WABG,Wagethe Airport,Wagethe-Papua Island,ID,-4.04423,136.278,Asia/Jayapura
WEW,YWWA,Wee Waa Airport,,AU,-30.2583,149.408,Australia/Sydney
WEX,EICD,Castlebridge Airport,Wexford,IE,52.33333,-6.46667,Europe/Dublin
WFI,FMSF,Fianarantsoa Airport,Fianarantsoa,MG,-21.4416,47.1117,Indian/Antananarivo
WFK,KFVE,Northern Aroostook Regional Airport,Frenchville,US,47.2855,-68.3128,America/New_York
WGA,YSWG,Wagga Wagga City Airport,Wagga Wagga,AU,-35.1653,147.466,Australia/Sydney
WGB,OPBR,Bahawalnagar Airport,Bahawalnagar,PK,29.9463,73.2491,Asia/Karachi
WGC,VOWA,Warangal Airport,Warrangal,IN,17.9144,79.6022,Asia/Kolkata
WGE,YWLG,Walgett Airport,Walgett,AU,-30.0328,148.12601,Australia/Sydney
WGO,KOKV,Winchester Regional Airport,Winchester,US,39.1435,-78.1444,America/New_York
WGP,WADW,Waingapu Airport,Waingapu-Sumba Island,ID,-9.66922,120.302,Asia/Makassar
WGT,YWGT,Wangaratta Airport,Wangaratta,AU,-36.4158,146.30701,Australia/Melbourne
WHA,ZSWA,Wuhu Xuanzhou Airport,Wuhu,CN,31.10444,118.66722,Asia/Shanghai
WHF,HSSW,Wadi Halfa Airport,Wadi Halfa,SD,21.8027,31.52158,Africa/Khartoum
WHK,NZWK,Whakatane Airport,Whakatane,NZ,-37.9206,176.914,Pacific/Auckland
WHO,NZFJ,Franz Josef Aerodrome,Franz Josef,NZ,-43.3631,170.134,Pacific/Auckland
WHP,KWHP,Whiteman Airport,Los Angeles,US,34.2593,-118.413,America/Los_Angeles
WHS,EGEH,Whalsay Airport,Whalsay,GB,60.3775,-0.92556,Europe/London
WHT,KARM,Wharton Regional Airport,Wharton,US,29.2543,-96.1544,America/Chicago
WHU,ZSWU,Wuhu Air Base,Wuhu,CN,31.3906,118.409,Asia/Shanghai
WIC,EGPC,Wick Airport,Wick,GB,58.4589,-3.09306,Europe/London
WIE,ETOU,Wiesbaden Army Airfield,Wiesbaden,DE,50.0498,8.3254,Europe/Berlin
WIK,NZKE,Waiheke Reeve Airport,Waiheke,NZ,-36.8089,175.086,Pacific/Auckland
WIL,HKNW,Nairobi Wilson Airport,Nairobi,KE,-1.32172,36.8148,Africa/Nairobi
WIN,YWTN,Winton Airport,Winton,AU,-22.3636,143.086,Australia/Brisbane
WIO,YWCA,Wilcannia Airport,Wilcannia,AU,-31.5264,143.375,Australia/Sydney
WIR,NZWO,Wairoa Airport,Wairoa,NZ,-39.0069,177.407,Pacific/Auckland
WIT,YWIT,Wittenoom Airport,,AU,-22.2183,118.348,Australia/Perth
WIX,MMTX,Tuxpan Airport,Zapotiltic,MX,19.5839,-103.384,America/Mexico_City
WJF,KWJF,General WM J Fox Airfield,Lancaster,US,34.7411,-118.219,America/Los_Angeles
WJR,HKWJ,Wajir Airport,Wajir,KE,1.73324,40.0916,Africa/Nairobi
WJU,RKNW,Wonju Airport,Wonju,KR,37.4381,127.96,Asia/Seoul
WKA,NZWF,Wanaka Airport,Wanaka,NZ,-44.7222,169.246,Pacific/Auckland
WKB,YWKB,Warracknabeal Airport,Warracknabeal,AU,-36.3211,142.41901,Australia/Melbourne
WKF,FAWK,Waterkloof Air Force Base,Pretoria,ZA,-25.83,28.2225,Africa/Johannesburg
WKI,FVWT,Hwange Airport,Hwange,ZW,-18.3625,26.5167,Africa/Harare
WKJ,RJCW,Wakkanai Airport,Wakkanai,JP,45.4042,141.80099,Asia/Tokyo
WKR,MYAW,Abaco I Walker C Airport,Walkers Cay,BS,27.2667,-78.3997,America/Nassau
WLA,YWAL,Wallal Airport,Wallal,AU,-19.7736,120.649,Australia/Perth
WLC,YWCH,Walcha Airport,Walcha,AU,-31.0,151.567,Australia/Sydney
WLD,KWLD,Strother Field,Winfield/Arkansas City,US,37.1686,-97.0376,America/Chicago
WLE,YMLS,Miles Airport,Miles,AU,-26.8083,150.175,Australia/Brisbane
WLG,NZWN,Wellington International Airport,Wellington,NZ,-41.3272,174.80499,Pacific/Auckland
WLH,NVSW,Walaha Airport,Walaha,VU,-15.412,167.69099,Pacific/Efate
WLK,PASK,Selawik Airport,Selawik,US,66.6001,-159.98599,America/Anchorage
WLL,YWOR,Wollogorang Airport,,AU,-17.22,137.923,Australia/Darwin
WLO,YWTL,Waterloo Airport,,AU,-16.63,129.32001,Australia/Darwin
WLP,YANG,West Angelas Airport,,AU,-23.13556,118.70697,Australia/Perth
WLS,NLWW,Hihifo Airport,Wallis Island,WF,-13.2383,-176.19901,Pacific/Wallis
WLW,KWLW,Willows Glenn County Airport,Willows,US,39.5164,-122.218,America/Los_Angeles
WMA,FMNX,Mandritsara Airport,Mandritsara,MG,-15.83305,48.83328,Indian/Antananarivo
WMB,YWBL,Warrnambool Airport,Warrnambool,AU,-38.2953,142.44701,Australia/Melbourne
WMC,KWMC,Winnemucca Municipal Airport,Winnemucca,US,40.8966,-117.806,America/Los_Angeles
WMD,FMSC,Mandabe Airport,Mandabe,MG,-21.0463,44.94041,Indian/Antananarivo
WME,YMNE,Mount Keith Airport,,AU,-27.2864,120.555,Australia/Perth
WMH,KBPK,Ozark Regional Airport,Mountain Home,US,36.3689,-92.4705,America/Chicago
WMI,EPMO,Warsaw Modlin Airport,Warsaw,PL,52.4511,20.6518,Europe/Warsaw
WML,FMMC,Malaimbandy Airport,Malaimbandy,MG,-20.35539,45.54337,Indian/Antananarivo
WMN,FMNR,Maroantsetra Airport,Maroantsetra,MG,-15.4367,49.6883,Indian/Antananarivo
WMO,PAWM,White Mountain Airport,White Mountain,US,64.6892,-163.41299,America/Nome
WMP,FMNP,Mampikony Airport,Mampikony,MG,-16.07227,47.64416,Indian/Antananarivo
WMR,FMNC,Mananara Nord Airport,Mananara Nord,MG,-16.1639,49.7738,Indian/Antananarivo
WMT,ZUMT,Zunyi Maotai Airport,Zunyi,CN,27.96806,106.43889,Asia/Shanghai
WMX,WAJW,Wamena Airport,Wamena-Papua Island,ID,-4.10251,138.957,Asia/Jayapura
WNA,PANA,Napakiak Airport,Napakiak,US,60.6903,-161.979,America/Anchorage
WND,YWDA,Windarra Airport,,AU,-28.475,122.242,Australia/Perth
WNN,CKL3,Wunnumin Lake Airport,Wunnumin Lake,CA,52.8939,-89.2892,America/Winnipeg
WNP,RPUN,Naga Airport,Naga,PH,13.5849,123.27,Asia/Manila
WNR,YWDH,Windorah Airport,Windorah,AU,-25.4131,142.66701,Australia/Brisbane
WNS,OPNH,Nawabshah Airport,Nawabash,PK,26.2194,68.3901,Asia/Karachi
WNZ,ZSWZ,Wenzhou Yongqiang Airport,Wenzhou,CN,27.9122,120.852,Asia/Shanghai
WOA,AYWO,Wonenara Airport,Wonenara,PG,-6.79686,145.89194,Pacific/Port_Moresby
WOE,EHWO,Woensdrecht Air Base,Bergen Op Zoom,NL,51.4491,4.34203,Europe/Amsterdam
WOL,YWOL,Wollongong Airport,,AU,-34.5611,150.789,Australia/Sydney
WON,YWDL,Wondoola Airport,,AU,-18.575,140.892,Australia/Brisbane
WOT,RCWA,Wang-an Airport,Wang-an,TW,23.36737,119.50278,Asia/Taipei
WOW,PAUO,Willow Airport,Willow,US,61.7542,-150.052,America/Anchorage
WPA,SCAS,Cabo 1° Juan Roman Airport,Puerto Aysen,CL,-45.3992,-72.6703,America/Santiago
WPB,FMNG,Port Berge Airport,Port Berge,MG,-15.58429,47.62359,Indian/Antananarivo
WPC,CZPC,Pincher Creek Airport,Pincher Creek,CA,49.5206,-113.997,America/Edmonton
WPK,YWMP,Wrotham Park Airport,,AU,-16.6583,144.002,Australia/Brisbane
WPR,SCFM,Capitan Fuentes Martinez Airport Airport,Porvenir,CL,-53.2537,-70.3192,America/Punta_Arenas
WPU,SCGZ,Guardiamarina Zanartu Airport,Puerto Williams,CL,-54.9311,-67.6263,America/Argentina/Ushuaia
WRB,KWRB,Robins Air Force Base,Warner Robins,US,32.6401,-83.5919,America/New_York
WRE,NZWR,Whangarei Airport,Whangarei,NZ,-35.7683,174.36501,Pacific/Auckland
WRG,PAWG,Wrangell Airport,Wrangell,US,56.4843,-132.37,America/Sitka
WRI,KWRI,Mc Guire Air Force Base,Wrightstown,US,40.0156,-74.5917,America/New_York
WRL,KWRL,Worland Municipal Airport,Worland,US,43.9657,-107.951,America/Denver
WRO,EPWR,Copernicus Wroclaw Airport,Wroclaw,PL,51.1027,16.8858,Europe/Warsaw
WRT,EGNO,Warton Airport,Warton,GB,53.7451,-2.88306,Europe/London
WRW,YWWG,Warrawagine Airport,,AU,-20.84646,120.70533,Australia/Perth
WRY,EGEW,Westray Airport,Westray,GB,59.3503,-2.95,Europe/London
WRZ,VCCW,Weerawila International Airport,Weerawila,LK,6.25449,81.2352,Asia/Colombo
WSD,KWSD,Condron Army Air Field,White Sands,US,32.3415,-106.403,America/Denver
WSF,PACS,Cape Sarichef Airport,Cape Sarichef,US,54.5824,-164.914,America/Nome
WSG,KAFJ,Washington County Airport,Washington,US,40.1365,-80.2902,America/New_York
WSH,KHWV,Brookhaven Airport,Shirley,US,40.8219,-72.8694,America/New_York
WSI,YSWS,Western Sydney International (Nancy-Bird Walton) Airport,Sydney,AU,-33.88806,150.71472,Australia/Sydney
WSK,ZUWS,Wushan Chongqing Airport,Wushan,CN,31.064,109.706,Asia/Shanghai
WSN,PFWS,South Naknek Nr 2 Airport,South Naknek,US,58.7034,-157.008,America/Anchorage
WSO,SMWS,Washabo Airport,Washabo,SR,5.25015,-57.1738,America/Guyana
WSP,MNWP,Waspam Airport,Waspam,NI,14.7392,-83.9694,America/Managua
WSR,WASW,Wasior Airport,Wasior-Papua Island,ID,-2.73359,134.51801,Asia/Jayapura
WST,KWST,Westerly State Airport,Westerly,US,41.3496,-71.8034,America/New_York
WSU,AYWS,Wasu Airport,Wasu,PG,-5.96171,147.19823,Pacific/Port_Moresby
WSY,YWHI,Whitsunday Island Airport,,AU,-20.2667,148.767,Australia/Brisbane
WSZ,NZWS,Westport Airport,Westport,NZ,-41.7381,171.58099,Pacific/Auckland
WTA,FMMU,Tambohorano Airport,Tambohorano,MG,-17.4761,43.9728,Indian/Antananarivo
WTB,YBWW,Toowoomba Wellcamp Airport,Wellcamp,AU,-27.55833,151.79333,Australia/Brisbane
WTD,MYGW,West End Airport,West End,BS,26.6853,-78.975,America/Nassau
WTK,PAWN,Noatak Airport,Noatak,US,67.5661,-162.97501,America/Nome
WTN,EGXW,RAF Waddington,Waddington,GB,53.1662,-0.52381,Europe/London
WTP,AYWT,Woitape Airport,Fatima Mission,PG,-8.54583,147.2525,Pacific/Port_Moresby
WTS,FMMX,Tsiroanomandidy Airport,Tsiroanomandidy,MG,-18.75968,46.05407,Indian/Antananarivo
WTZ,NZWT,Whitianga Airport,Whitianga,NZ,-36.8317,175.679,Pacific/Auckland
WUA,ZBUH,Wuhai Airport,Wuhai,CN,39.79194,106.80333,Asia/Shanghai
WUD,YWUD,Wudinna Airport,Wudinna,AU,-33.0433,135.44701,Australia/Adelaide
WUG,AYWU,Wau Airport,Wau,PG,-7.34556,146.71861,Pacific/Port_Moresby
WUH,ZHHH,Wuhan Tianhe International Airport,Wuhan,CN,30.7838,114.208,Asia/Shanghai
WUI,YMMI,Murrin Murrin Airport,Leonora,AU,-28.7053,121.891,Australia/Perth
WUN,YWLU,Wiluna Airport,Wiluna,AU,-26.6292,120.221,Australia/Perth
WUS,ZSWY,Nanping Wuyishan Airport,Wuyishan,CN,27.7019,118.001,Asia/Shanghai
WUU,HSWW,Wau Airport,Wau,SS,7.72583,27.975,Africa/Juba
WUX,ZSWX,Sunan Shuofang International Airport,Wuxi,CN,31.4944,120.429,Asia/Shanghai
WUZ,ZGWZ,Wuzhou Xijiang Airport,Wuzhou,CN,23.40139,111.09861,Asia/Shanghai
WVB,FYWB,Walvis Bay Airport,Walvis Bay,NA,-22.9799,14.6453,Africa/Windhoek
WVI,KWVI,Watsonville Municipal Airport,Watsonville,US,36.9357,-121.79,America/Los_Angeles
WVK,FMSK,Manakara Airport,Manakara,MG,-22.1197,48.0217,Indian/Antananarivo
WVL,KWVL,Waterville Robert Lafleur Airport,Waterville,US,44.5332,-69.6755,America/New_York
WVN,EDWI,Wilhelmshaven-Mariensiel Airport,Wilhelmshaven,DE,53.50222,8.05222,Europe/Berlin
WWD,KWWD,Cape May County Airport,Wildwood,US,39.0085,-74.9083,America/New_York
WWI,YWWI,Woodie Woodie Airport,Woodie Woodie,AU,-21.6628,121.234,Australia/Perth
WWK,AYWK,Wewak International Airport,Wewak,PG,-3.58383,143.66901,Pacific/Port_Moresby
WWR,KWWR,West Woodward Airport,Woodward,US,36.438,-99.52267,America/Chicago
WWT,PAEW,Newtok Airport,Newtok,US,60.9391,-164.64101,America/Nome
WWY,YWWL,West Wyalong Airport,West Wyalong,AU,-33.9372,147.19099,Australia/Sydney
WXF,EGVT,Wethersfield Airport,Wethersfield,GB,51.9719,0.50944,Europe/London
WXN,ZUWX,Wanxian Airport,Wanxian,CN,30.8017,108.433,Asia/Shanghai
WYA,YWHA,Whyalla Airport,Whyalla,AU,-33.0589,137.51401,Australia/Adelaide
WYE,GFYE,Yengema Airport,Yengema,SL,8.61047,-11.0454,Africa/Freetown
WYN,YWYM,Wyndham Airport,Wyndham,AU,-15.5114,128.153,Australia/Perth
WYS,KWYS,Yellowstone Airport,West Yellowstone,US,44.6884,-111.118,America/Denver
XAB,LFOI,Abbeville-Buigny-Saint-Maclou Airport,Abbeville (Buigny/Saint-Maclou),FR,50.1435,1.83189,Europe/Paris
XAC,LFCH,Arcachon-La Teste-de-Buch Airport,Arcachon/La Teste-de-Buch,FR,44.5964,-1.11083,Europe/Paris
XAI,ZHXY,Xinyang Minggang Airport,Xinyang,CN,32.54139,114.07778,Asia/Shanghai
XAN,LFOF,Alencon Valframbert Airport,Evreux,FR,48.4475,0.10917,Europe/Paris
XAP,SBCH,Chapeco Airport,Chapeco,BR,-27.1342,-52.6566,America/Sao_Paulo
XAR,DFOY,Aribinda Airport,Aribinda,BF,14.217,-0.883,Africa/Ouagadougou
XAS,LFMS,Ales-Deaux Airport,Ales/Deaux,FR,44.0697,4.14212,Europe/Paris
XAU,SOOS,Saul Airport,Saul,GF,3.61361,-53.2042,America/Cayenne
XAV,LFKA,Albertville Airport,Angers,FR,45.6272,6.32972,Europe/Paris
XBE,CNE3,Bearskin Lake Airport,Bearskin Lake,CA,53.9656,-91.0272,America/Winnipeg
XBG,DFEB,Bogande Airport,Bogande,BF,12.983,-0.167,Africa/Ouagadougou
XBJ,OIMB,Birjand Airport,Birjand,IR,32.8981,59.2661,Asia/Tehran
XBK,LFHS,Bourg-Ceyzeriat Airport,Bourg/Ceyzeriat,FR,46.2009,5.29203,Europe/Paris
XBO,DFEA,Boulsa Airport,Boulsa,BF,12.65,-0.567,Africa/Ouagadougou
XBQ,LFOQ,Blois-Le Breuil Airport,Blois/Le Breuil,FR,47.6785,1.20884,Europe/Paris
XBV,LFGF,Beaune-Challanges Airport,Beaune/Challanges,FR,47.0059,4.89342,Europe/Paris
XCB,LFQI,Cambrai-Epinoy (BA 103) Air Base,Cambrai/Epinoy,FR,50.2218,3.15424,Europe/Paris
XCD,LFLH,Chalon-Champforgeuil Airport,Chalon/Champforgueil,FR,46.8261,4.81763,Europe/Paris
XCH,YPXM,Christmas Island Airport,Christmas Island,CX,-10.4506,105.69,Indian/Christmas
XCM,CYCK,Chatham Kent Airport,Chatham-Kent,CA,42.3064,-82.0819,America/Toronto
XCO,YOLA,Colac Airport,,AU,-38.2867,143.67999,Australia/Melbourne
XCP,LFAD,Compiegne Margny Airport,Compiegne,FR,49.4344,2.80611,Europe/Paris
XCR,LFOK,Chalons-Vatry Air Base,Chalons/Vatry,FR,48.7761,4.18449,Europe/Paris
XCX,LFCA,Chatellerault Airport,Biarritz,FR,46.7814,0.55194,Europe/Paris
XCZ,LFQV,Charleville-Mezieres Airport,Charleville-Mezieres,FR,49.7839,4.64708,Europe/Paris
XDA,LFBY,Dax Seyresse Airport,Perigueux,FR,43.6892,-1.06889,Europe/Paris
XDE,DFOU,Diebougou Airport,Diebougou,BF,10.95,-3.25,Africa/Ouagadougou
XDJ,DFCJ,Djibo Airport,Djibo,BF,14.1,-1.633,Africa/Ouagadougou
XDK,LFAK,Dunkerque Les Moeres Airport,Les Moeres,FR,51.0406,2.55028,Europe/Brussels
XEN,ZYXC,Xingcheng Air Base,,CN,40.5803,120.698,Asia/Shanghai
XFN,ZHXF,Xiangfan Airport,Xiangfan,CN,32.1506,112.291,Asia/Shanghai
XFW,EDHI,Hamburg-Finkenwerder Airport,Hamburg,DE,53.53528,9.83556,Europe/Berlin
XGA,DFOG,Gaoua Airport,Gaoua,BF,10.2992,-3.25083,Africa/Ouagadougou
XGG,DFEG,Gorom-Gorom Airport,Gorom-Gorom,BF,14.45,-0.233,Africa/Ouagadougou
XGN,FNXA,Xangongo Airport,Xangongo,AO,-16.7554,14.9653,Africa/Luanda
XGR,CYLU,Kangiqsualujjuaq (Georges River) Airport,Kangiqsualujjuaq,CA,58.7114,-65.9928,America/Toronto
XGT,LFCE,Gueret St Laurent Airport,Cahors,FR,46.1792,1.95833,Europe/Paris
XIC,ZUXC,Xichang Qingshan Airport,Xichang,CN,27.9891,102.184,Asia/Shanghai
XIJ,OKAJ,Ahmed Al Jaber Air Base,Ahmed Al Jaber AB,KW,28.9348,47.7919,Asia/Kuwait
XIL,ZBXH,Xilinhot Airport,Xilinhot,CN,43.9156,115.964,Asia/Shanghai
XIN,ZGXN,Xingning Airport,Xingning,CN,24.1492,115.758,Asia/Shanghai
XIY,ZLXY,Xi'an Xianyang International Airport,Xianyang,CN,34.4471,108.752,Asia/Shanghai
XJM,OPMA,Mangla Airport,Mangla,PK,33.0501,73.6384,Asia/Karachi
XKA,DFEL,Kantchari Airport,Kantchari,BF,12.467,1.5,Africa/Ouagadougou
XKH,VLXK,Xieng Khouang Airport,Xieng Khouang,LA,19.45,103.158,Asia/Vientiane
XKS,CYAQ,Kasabonika Airport,Kasabonika,CA,53.5247,-88.6428,America/Winnipeg
XKY,DFCA,Kaya Airport,Kaya,BF,13.067,-1.1,Africa/Ouagadougou
XLN,LFAF,Laon - Chambry Airport,Laon-Chambry,FR,49.5958,3.63167,Europe/Paris
XLR,LFDI,Libourne-Artigues-de-Lussac Airport,Libourne/Artigues-de-Lussac,FR,44.9825,-0.13472,Europe/Paris
XLS,GOSS,Saint Louis Airport,Saint Louis,SN,16.0508,-16.4632,Africa/Dakar
XLU,DFCL,Leo Airport,Leo,BF,11.1,-2.1,Africa/Ouagadougou
XLW,EDWD,Lemwerder Airport,Lemwerder,DE,53.1447,8.62444,Europe/Berlin
XMC,YMCO,Mallacoota Airport,Mallacoota,AU,-37.5983,149.72,Australia/Melbourne
XMD,KMDS,Madison Municipal Airport,Madison,US,44.016,-97.0859,America/Chicago
XME,LFQJ,Maubeuge-Elesmes Airport,Maubeuge/Elesmes,FR,50.3105,4.03312,Europe/Paris
XMF,LFSM,Montbeliard-Courcelles Airport,Montbeliard/Courcelles,FR,47.487,6.79054,Europe/Paris
XMG,VNMN,Mahendranagar Airport,Mahendranagar,NP,28.9632,80.1479,Asia/Kathmandu
XMH,NTGI,Manihi Airport,,PF,-14.4368,-146.07001,Pacific/Tahiti
XMI,HTMI,Masasi Airport,Masasi,TZ,-10.733,38.767,Africa/Dar_es_Salaam
XMJ,LFBM,Mont-de-Marsan (BA 118) Air Base,Mont-de-Marsan,FR,43.9117,-0.5075,Europe/Paris
XMK,LFLQ,Montelimar - Ancone Airport,Annecy,FR,44.5836,4.74056,Europe/Paris
XML,YMIN,Minlaton Airport,,AU,-34.75,137.533,Australia/Adelaide
XMN,ZSAM,Xiamen Gaoqi International Airport,Xiamen,CN,24.544,118.128,Asia/Shanghai
XMS,SEMC,Coronel E Carvajal Airport,Macas,EC,-2.29917,-78.1208,America/Guayaquil
XMU,LFHY,Moulins-Montbeugny Airport,Moulins/Montbeugny,FR,46.5346,3.42372,Europe/Paris
XMW,LFDB,Montauban Airport,Montauban,FR,44.0257,1.37804,Europe/Paris
XMY,YYMI,Yam Island Airport,Yam Island,AU,-9.90111,142.776,Australia/Brisbane
XNA,KXNA,Northwest Arkansas Regional Airport,Fayetteville/Springdale/,US,36.2819,-94.3068,America/Chicago
XNN,ZLXN,Xining Caojiabu Airport,Xining,CN,36.5275,102.043,Asia/Shanghai
XNU,DFON,Nouna Airport,Nouna,BF,12.75,-3.867,Africa/Ouagadougou
XOG,LFMO,Orange-Caritat (BA 115) Air Base,Orange/Caritat,FR,44.1405,4.86672,Europe/Paris
XPA,DFEP,Pama Airport,Pama,BF,11.25,0.7,Africa/Ouagadougou
XPL,MHPR,Tegucigalpa Palmerola International Airport,Comayagua,HN,14.3825,-87.62111,America/Tegucigalpa
XPR,KIEN,Pine Ridge Airport,Pine Ridge,US,43.0225,-102.511,America/Denver
XQP,MRQP,Quepos Managua Airport,Quepos,CR,9.44316,-84.1298,America/Costa_Rica
XRH,YSRI,RAAF Base Richmond,Richmond,AU,-33.6006,150.78101,Australia/Sydney
XRY,LEJR,Jerez Airport,Jerez de la Forntera,ES,36.7446,-6.06011,Europe/Madrid
XSB,OMBY,Sir Bani Yas Airport,Sir Bani Yas,AE,24.2822,52.58207,Asia/Dubai
XSC,MBSC,South Caicos Airport,South Caicos,TC,21.5157,-71.5285,America/Grand_Turk
XSD,KTNX,Tonopah Test Range Airport,Tonopah,US,37.7988,-116.781,America/Los_Angeles
XSE,DFES,Sebba Airport,Sebba,BF,13.45,0.517,Africa/Ouagadougou
XSI,CZSN,South Indian Lake Airport,South Indian Lake,CA,56.7928,-98.9072,America/Winnipeg
XSJ,LFAG,Peronne-Saint-Quentin Airport,Peronne/Saint-Quentin,FR,49.8685,3.02958,Europe/Paris
XSL,LFDS,Sarlat Domme Airport,Rochefort,FR,44.7933,1.24472,Europe/Paris
XSP,WSSL,Seletar Airport,Seletar,SG,1.41695,103.868,Asia/Kuala_Lumpur
XSU,LFOD,Saumur-Saint-Florent Airport,Saumur/Saint-Florent,FR,47.2568,-0.11514,Europe/Paris
XTB,LFDT,Tarbes Laloubere Airport,Rochefort,FR,43.2161,0.07861,Europe/Paris
XTG,YTGM,Thargomindah Airport,Thargomindah,AU,-27.9864,143.811,Australia/Brisbane
XTL,CYBQ,Tadoule Lake Airport,Tadoule Lake,CA,58.7061,-98.5122,America/Winnipeg
XTO,YTAM,Taroom Airport,Taroom,AU,-25.8017,149.89999,Australia/Brisbane
XTR,YTAA,Tara Airport,,AU,-27.1567,150.47701,Australia/Brisbane
XUZ,ZSXZ,Xuzhou Guanyin Airport,Xuzhou,CN,34.05906,117.55528,Asia/Shanghai
XVF,LFHV,Villefranche-Tarare Airport,Villefranche/Tarare,FR,45.91998,4.63493,Europe/Paris
XVN,LFGW,Verdun-Le Rozelier Airport,Verdun/Le Rozelier,FR,49.1224,5.46905,Europe/Paris
XVO,LFQW,Vesoul-Frotey Airport,Vesoul/Frotey,FR,47.6376,6.20392,Europe/Paris
XVS,LFAV,Valenciennes-Denain Airport,Valenciennes/Denain,FR,50.3258,3.46126,Europe/Paris
XWA,KXWA,Williston Basin International Airport,Williston,US,48.25972,-103.75056,America/Chicago
XWP,ESFA,Hassleholm Bokeberg Airport,Hassleholm,SE,56.13441,13.87565,Europe/Stockholm
XXN,OERY,Riyadh Air Base,Riyadh,SA,24.7098,46.7252,Asia/Riyadh
XYA,AGGY,Yandina Airport,Yandina,SB,-9.09282,159.21841,Pacific/Guadalcanal
XYE,VYYE,Ye Airport,Ye,MM,15.3,97.867,Asia/Yangon
XYR,AYED,Edwaki Airport,Yellow River Mission,PG,-3.88399,141.79223,Pacific/Port_Moresby
XZA,DFEZ,Zabre Airport,Zabre,BF,11.167,-0.617,Africa/Ouagadougou
YAA,CAJ4,Anahim Lake Airport,Anahim Lake,CA,52.4525,-125.303,America/Vancouver
YAB,CYAB,Arctic Bay Airport,Arctic Bay,CA,73.00577,-85.04251,America/Rankin_Inlet
YAC,CYAC,Cat Lake Airport,Cat Lake,CA,51.7272,-91.8244,America/Winnipeg
YAG,CYAG,Fort Frances Municipal Airport,Fort Frances,CA,48.6542,-93.4397,America/Winnipeg
YAH,CYAH,La Grande-4 Airport,La Grande-4,CA,53.7547,-73.6753,America/Toronto
YAI,SCCH,Gral. Bernardo O´Higgins Airport,Chillan,CL,-36.5825,-72.0314,America/Santiago
YAK,PAYA,Yakutat Airport,Yakutat,US,59.5033,-139.66,America/Yakutat
YAL,CYAL,Alert Bay Airport,Alert Bay,CA,50.5822,-126.916,America/Vancouver
YAM,CYAM,Sault Ste Marie Airport,Sault Ste Marie,CA,46.485,-84.5094,America/Detroit
YAN,FZIR,Yangambi Airport,Yangambi,CD,0.783,24.467,Africa/Lubumbashi
YAO,FKKY,Yaounde Airport,Yaounde,CM,3.83604,11.5235,Africa/Douala
YAP,PTYA,Yap International Airport,Yap Island,FM,9.49891,138.08299,Pacific/Chuuk
YAR,CYAD,La Grande-3 Airport,La Grande-3,CA,53.5717,-76.1964,America/Toronto
YAS,NFSW,Yasawa Island Airport,Yasawa Island,FJ,-16.7589,177.545,Pacific/Fiji
YAT,CYAT,Attawapiskat Airport,Attawapiskat,CA,52.9275,-82.4319,America/Toronto
YAU,CTP9,Donaldson Airport,Kattiniq,CA,61.6622,-73.3214,America/Toronto
YAV,CYAV,Winnipeg / St. Andrews Airport,Winnipeg,CA,50.0564,-97.0325,America/Winnipeg
YAW,CYAW,Shearwater Airport,Halifax,CA,44.63722,-63.50222,America/Halifax
YAX,CKB6,Wapekeka Airport,Angling Lake,CA,53.8492,-89.5794,America/Winnipeg
YAY,CYAY,St. Anthony Airport,St. Anthony,CA,51.3919,-56.0831,America/St_Johns
YAZ,CYAZ,Tofino / Long Beach Airport,Tofino,CA,49.07983,-125.7756,America/Vancouver
YBA,CYBA,Banff Airport,Banff,CA,51.20734,-115.54186,America/Edmonton
YBB,CYBB,Kugaaruk Airport,Kugaaruk,CA,68.5344,-89.8081,America/Cambridge_Bay
YBC,CYBC,Baie Comeau Airport,Baie-Comeau,CA,49.1325,-68.2044,America/Toronto
YBE,CYBE,Uranium City Airport,Uranium City,CA,59.5614,-108.481,America/Swift_Current
YBG,CYBG,CFB Bagotville,Bagotville,CA,48.3306,-70.9964,America/Toronto
YBI,CCE4,Black Tickle Airport,Black Tickle,CA,53.4694,-55.785,America/St_Johns
YBK,CYBK,Baker Lake Airport,Baker Lake,CA,64.2989,-96.0778,America/Rankin_Inlet
YBL,CYBL,Campbell River Airport,Campbell River,CA,49.9508,-125.271,America/Vancouver
YBO,CBW4,Bob Quinn Lake Airport,Bob Quinn Lake,CA,56.9667,-130.25,America/Vancouver
YBP,ZUYB,Yibin Wuliangye Airport,Yibin,CN,28.858,104.525,Asia/Shanghai
YBR,CYBR,Brandon Municipal Airport,Brandon,CA,49.91,-99.9519,America/Winnipeg
YBT,CYBT,Brochet Airport,Brochet,CA,57.8894,-101.679,America/Winnipeg
YBV,CYBV,Berens River Airport,Berens River,CA,52.3589,-97.0183,America/Winnipeg
YBW,CYBW,Calgary / Springbank Airport,Calgary,CA,51.1031,-114.374,America/Edmonton
YBX,CYBX,Lourdes de Blanc Sablon Airport,Lourdes-De-Blanc-Sablon,CA,51.4436,-57.1853,America/Blanc-Sablon
YBY,CYBF,Bonnyville Airport,Bonnyville,CA,54.3042,-110.744,America/Edmonton
YCB,CYCB,Cambridge Bay Airport,Cambridge Bay,CA,69.1081,-105.138,America/Cambridge_Bay
YCC,CYCC,Cornwall Regional Airport,Cornwall,CA,45.0928,-74.5633,America/Toronto
YCD,CYCD,Nanaimo Airport,Nanaimo,CA,49.0523,-123.87,America/Vancouver
YCE,CYCE,James T. Field Memorial Aerodrome,Centralia,CA,43.2856,-81.5083,America/Toronto
YCG,CYCG,Castlegar/West Kootenay Regional Airport,Castlegar,CA,49.2964,-117.632,America/Vancouver
YCH,CYCH,Miramichi Airport,Miramichi,CA,47.0078,-65.4492,America/Moncton
YCK,CEB3,Colville Lake Airport,Colville Lake,CA,67.0333,-126.083,America/Inuvik
YCL,CYCL,Charlo Airport,Charlo,CA,47.9908,-66.3303,America/Moncton
YCM,CYSN,Niagara District Airport,St Catharines,CA,43.1917,-79.1717,America/Toronto
YCN,CYCN,Cochrane Airport,Cochrane,CA,49.1056,-81.0136,America/Toronto
YCO,CYCO,Kugluktuk Airport,Kugluktuk,CA,67.8167,-115.144,America/Cambridge_Bay
YCQ,CYCQ,Chetwynd Airport,Chetwynd,CA,55.6872,-121.627,America/Dawson_Creek
YCR,CYCR,Cross Lake (Charlie Sinclair Memorial) Airport,Cross Lake,CA,54.6106,-97.7608,America/Winnipeg
YCS,CYCS,Chesterfield Inlet Airport,Chesterfield Inlet,CA,63.3469,-90.7311,America/Rankin_Inlet
YCT,CYCT,Coronation Airport,Coronation,CA,52.075,-111.445,America/Edmonton
YCU,ZBYC,Yuncheng Guangong Airport,Yuncheng,CN,35.11639,111.03139,Asia/Shanghai
YCW,CYCW,Chilliwack Airport,Chilliwack,CA,49.1528,-121.939,America/Vancouver
YCY,CYCY,Clyde River Airport,Clyde River,CA,70.4861,-68.5167,America/Iqaluit
YCZ,CYCZ,Fairmont Hot Springs Airport,Fairmont Hot Springs,CA,50.3303,-115.873,America/Edmonton
YDA,CYDA,Dawson City Airport,Dawson City,CA,64.0431,-139.12801,America/Dawson
YDB,CYDB,Burwash Airport,Burwash,CA,61.3711,-139.041,America/Dawson
YDC,CYDC,Princeton Airport,Town of Princeton,CA,49.4681,-120.511,America/Vancouver
YDF,CYDF,Deer Lake Airport,Deer Lake,CA,49.2108,-57.3914,America/St_Johns
YDG,CYID,Digby / Annapolis Regional Airport,Digby,CA,44.54585,-65.78542,America/Halifax
YDL,CYDL,Dease Lake Airport,Dease Lake,CA,58.4222,-130.032,America/Vancouver
YDM,CYDM,Ross River Airport,Ross River,CA,61.9706,-132.423,America/Whitehorse
YDN,CYDN,Dauphin Barker Airport,Dauphin,CA,51.1008,-100.052,America/Winnipeg
YDO,CYDO,Dolbeau St Felicien Airport,Dolbeau-St-Felicien,CA,48.7785,-72.375,America/Toronto
YDP,CYDP,Nain Airport,Nain,CA,56.5492,-61.6803,America/Goose_Bay
YDQ,CYDQ,Dawson Creek Airport,Dawson Creek,CA,55.7423,-120.183,America/Dawson_Creek
YDT,CZBA,Burlington Executive,Burlington,CA,43.44145,-79.8501,America/Toronto
YDV,CZTA,Bloodvein River Airport,Bloodvein River,CA,51.7833,-96.7,America/Winnipeg
YEB,CPF2,Bar River Airport,Bar River,CA,46.4203,-84.0922,America/Toronto
YEC,RKTY,Yecheon Airport,Yecheon,KR,36.6319,128.355,Asia/Seoul
YEE,CYEE,Huronia Airport,Midland,CA,44.6833,-79.9283,America/Toronto
YEG,CYEG,Edmonton International Airport,Edmonton,CA,53.3097,-113.58,America/Edmonton
YEI,LTBR,Bursa Yenisehir Airport,Bursa,TR,40.2552,29.5626,Europe/Istanbul
YEK,CYEK,Arviat Airport,Arviat,CA,61.0942,-94.0708,America/Rankin_Inlet
YEL,CYEL,Elliot Lake Municipal Airport,Elliot Lake,CA,46.3514,-82.5614,America/Toronto
YEM,CYEM,Manitoulin East Municipal Airport,Manitowaning,CA,45.8428,-81.8581,America/Toronto
YEN,CYEN,Estevan Airport,Estevan,CA,49.2103,-102.966,America/Regina
YEO,EGDY,RNAS Yeovilton,Yeovil,GB,51.0094,-2.63882,Europe/London
YER,CYER,Fort Severn Airport,Fort Severn,CA,56.0189,-87.6761,America/Toronto
YES,OISY,Yasouj Airport,Yasuj,IR,30.7005,51.5451,Asia/Tehran
YET,CYET,Edson Airport,Edson,CA,53.5789,-116.465,America/Edmonton
YEU,CYEU,Eureka Airport,Eureka,CA,79.9947,-85.8142,America/Atikokan
YEV,CYEV,Inuvik Mike Zubko Airport,Inuvik,CA,68.3042,-133.483,America/Inuvik
YEY,CYEY,Amos Magny Airport,Amos,CA,48.5639,-78.2497,America/Toronto
YFA,CYFA,Fort Albany Airport,Fort Albany,CA,52.2014,-81.6969,America/Toronto
YFB,CYFB,Iqaluit Airport,Iqaluit,CA,63.7564,-68.5558,America/Iqaluit
YFC,CYFC,Fredericton Airport,Fredericton,CA,45.8689,-66.5372,America/Moncton
YFD,CYFD,Brantford Municipal Airport,Brantford,CA,43.1314,-80.3425,America/Toronto
YFE,CYFE,Forestville Airport,Forestville,CA,48.7461,-69.0972,America/Toronto
YFH,CYFH,Fort Hope Airport,Fort Hope,CA,51.5619,-87.9078,America/Toronto
YFI,CFG6,Fort Mackay / Firebag,Suncor Energy Site,CA,57.27583,-110.97667,America/Edmonton
YFJ,CYWE,Wekweeti Airport,Wekweeti,CA,64.1908,-114.077,America/Edmonton
YFO,CYFO,Flin Flon Airport,Flin Flon,CA,54.6781,-101.682,America/Winnipeg
YFR,CYFR,Fort Resolution Airport,Fort Resolution,CA,61.1808,-113.69,America/Edmonton
YFS,CYFS,Fort Simpson Airport,Fort Simpson,CA,61.7602,-121.237,America/Inuvik
YFX,CCK4,St. Lewis (Fox Harbour) Airport,St. Lewis,CA,52.3728,-55.6739,America/St_Johns
YGB,CYGB,Texada Gillies Bay Airport,Texada,CA,49.6942,-124.518,America/Vancouver
YGD,CYGD,Goderich Airport,Goderich,CA,43.7669,-81.7106,America/Toronto
YGE,CYGE,Golden Airport,Golden,CA,51.2992,-116.982,America/Edmonton
YGH,CYGH,Fort Good Hope Airport,Fort Good Hope,CA,66.2408,-128.651,America/Inuvik
YGJ,RJOH,Miho Yonago Airport,Yonago,JP,35.4922,133.23599,Asia/Tokyo
YGK,CYGK,Kingston Norman Rogers Airport,Kingston,CA,44.2253,-76.5969,America/Toronto
YGL,CYGL,La Grande Riviere Airport,La Grande Riviere,CA,53.6253,-77.7042,America/Toronto
YGM,CYGM,Gimli Industrial Park Airport,Gimli,CA,50.6281,-97.0433,America/Winnipeg
YGO,CYGO,Gods Lake Narrows Airport,Gods Lake Narrows,CA,54.5589,-94.4914,America/Winnipeg
YGP,CYGP,Gaspe (Michel-Pouliot) Airport,Gaspe,CA,48.7753,-64.4786,America/Toronto
YGQ,CYGQ,Geraldton Greenstone Regional Airport,Geraldton,CA,49.7783,-86.9394,America/Toronto
YGR,CYGR,Iles-de-la-Madeleine Airport,Iles-de-la-Madeleine,CA,47.4247,-61.7781,America/Halifax
YGT,CYGT,Igloolik Airport,Igloolik,CA,69.3647,-81.8161,America/Iqaluit
YGV,CYGV,Havre St Pierre Airport,Havre St-Pierre,CA,50.2819,-63.6114,America/Toronto
YGW,CYGW,Kuujjuarapik Airport,Kuujjuarapik,CA,55.2819,-77.7653,America/Iqaluit
YGX,CYGX,Gillam Airport,Gillam,CA,56.3575,-94.7106,America/Winnipeg
YGZ,CYGZ,Grise Fiord Airport,Grise Fiord,CA,76.4261,-82.9092,America/Iqaluit
YHA,CCP4,Port Hope Simpson Airport,Port Hope Simpson,CA,52.5281,-56.2861,America/St_Johns
YHB,CYHB,Hudson Bay Airport,Hudson Bay,CA,52.8167,-102.311,America/Regina
YHD,CYHD,Dryden Regional Airport,Dryden,CA,49.8317,-92.7442,America/Winnipeg
YHE,CYHE,Hope Airport,Hope,CA,49.3683,-121.498,America/Vancouver
YHF,CYHF,Hearst Rene Fontaine Municipal Airport,Hearst,CA,49.7142,-83.6861,America/Toronto
YHI,CYHI,Ulukhaktok Holman Airport,Ulukhaktok,CA,70.7628,-117.806,America/Edmonton
YHJ,ZSYH,Nanchang Yaohu Airport,Nanchang,CN,28.70097,116.10769,Asia/Shanghai
YHK,CYHK,Gjoa Haven Airport,Gjoa Haven,CA,68.6356,-95.8497,America/Cambridge_Bay
YHM,CYHM,John C. Munro Hamilton International Airport,Hamilton,CA,43.1736,-79.935,America/Toronto
YHN,CYHN,Hornepayne Municipal Airport,Hornepayne,CA,49.1931,-84.7589,America/Toronto
YHO,CYHO,Hopedale Airport,Hopedale,CA,55.4483,-60.2286,America/Goose_Bay
YHP,CPV7,Poplar Hill Airport,Poplar Hill,CA,52.1133,-94.2556,America/Winnipeg
YHR,CYHR,Chevery Airport,Chevery,CA,50.4689,-59.6367,America/Blanc-Sablon
YHT,CYHT,Haines Junction Airport,Haines Junction,CA,60.7892,-137.54601,America/Whitehorse
YHU,CYHU,Montreal / Saint-Hubert Airport,Montreal,CA,45.5175,-73.4169,America/Toronto
YHY,CYHY,Hay River / Merlyn Carter Airport,Hay River,CA,60.8397,-115.783,America/Edmonton
YHZ,CYHZ,Halifax / Stanfield International Airport,Halifax,CA,44.8808,-63.5086,America/Halifax
YIA,WAHI,Yogyakarta International Airport,Yogyakarta,ID,-7.90746,110.05448,Asia/Jakarta
YIB,CYIB,Atikokan Municipal Airport,Atikokan,CA,48.7739,-91.6386,America/Atikokan
YIE,ZBES,Aershan Yiershi Airport,Arxan,CN,47.31056,119.91194,Asia/Shanghai
YIF,CYIF,St Augustin Airport,St-Augustin,CA,51.2117,-58.6583,America/Blanc-Sablon
YIH,ZHYC,Yichang Airport,Yichang,CN,30.55655,111.47999,Asia/Shanghai
YIK,CYIK,Ivujivik Airport,Ivujivik,CA,62.4173,-77.9253,America/Iqaluit
YIN,ZWYN,Yining Airport,Yining,CN,43.9558,81.3303,Asia/Shanghai
YIO,CYIO,Pond Inlet Airport,Pond Inlet,CA,72.6833,-77.9667,America/Iqaluit
YIP,KYIP,Willow Run Airport,Detroit,US,42.2379,-83.5304,America/Detroit
YIV,CYIV,Island Lake Airport,Island Lake,CA,53.8572,-94.6536,America/Winnipeg
YIW,ZSYW,Yiwu Airport,Yiwu,CN,29.3447,120.032,Asia/Shanghai
YJA,CYJA,Jasper Airport,Jasper,CA,52.9967,-118.059,America/Edmonton
YJF,CYJF,Fort Liard Airport,Fort Liard,CA,60.2358,-123.469,America/Inuvik
YJM,CYJM,Fort St James Airport,Fort St. James,CA,54.3972,-124.263,America/Vancouver
YJN,CYJN,St Jean Airport,St Jean,CA,45.2944,-73.2811,America/Toronto
YJS,ZKSE,Samjiyon Airport,Samjiyon,KP,41.9059,128.41,Asia/Pyongyang
YJT,CYJT,Stephenville Airport,Stephenville,CA,48.5442,-58.55,America/St_Johns
YKA,CYKA,Kamloops Airport,Kamloops,CA,50.7022,-120.444,America/Vancouver
YKC,CYKC,Collins Bay Airport,Collins Bay,CA,58.2361,-103.678,America/Regina
YKF,CYKF,Waterloo Airport,Kitchener,CA,43.4608,-80.3786,America/Toronto
YKG,CYAS,Kangirsuk Airport,Kangirsuk,CA,60.0272,-69.9992,America/Toronto
YKH,ZYYK,Yingkou Lanqi Airport,Yingkou,CN,40.54252,122.3586,Asia/Shanghai
YKJ,CYKJ,Key Lake Airport,Key Lake,CA,57.2561,-105.618,America/Regina
YKL,CYKL,Schefferville Airport,Schefferville,CA,54.8053,-66.8053,America/Toronto
YKM,KYKM,Yakima Air Terminal McAllister Field,Yakima,US,46.5682,-120.544,America/Los_Angeles
YKN,KYKN,Chan Gurney Municipal Airport,Yankton,US,42.9167,-97.3859,America/Chicago
YKO,LTCW,Hakkari Yuksekova Airport,Yuksekova,TR,37.55167,44.23361,Europe/Istanbul
YKQ,CYKQ,Waskaganish Airport,Waskaganish,CA,51.4733,-78.7583,America/Iqaluit
YKS,UEEE,Yakutsk Airport,Yakutsk,RU,62.0933,129.771,Asia/Yakutsk
YKU,CSU2,Chisasibi Airport,Chisasibi,CA,53.8056,-78.9169,America/Toronto
YKX,CYKX,Kirkland Lake Airport,Kirkland Lake,CA,48.2103,-79.9814,America/Toronto
YKY,CYKY,Kindersley Airport,Kindersley,CA,51.5175,-109.181,America/Swift_Current
YKZ,CYKZ,Buttonville Municipal Airport,Toronto,CA,43.8622,-79.37,America/Toronto
YLB,CYLB,Lac La Biche Airport,Lac La Biche,CA,54.7703,-112.032,America/Edmonton
YLC,CYLC,Kimmirut Airport,Kimmirut,CA,62.85,-69.8833,America/Iqaluit
YLD,CYLD,Chapleau Airport,Chapleau,CA,47.82,-83.3467,America/Toronto
YLE,CEM3,Whati Airport,Whati,CA,63.1317,-117.246,America/Edmonton
YLG,YYAL,Yalgoo Airport,Yalgoo,AU,-28.3553,116.684,Australia/Perth
YLH,CYLH,Lansdowne House Airport,Lansdowne House,CA,52.1956,-87.9342,America/Toronto
YLI,EFYL,Ylivieska Airport,Ylivieska,FI,64.0605,24.716,Europe/Helsinki
YLJ,CYLJ,Meadow Lake Airport,Meadow Lake,CA,54.1253,-108.523,America/Swift_Current
YLK,CYLS,Lake Simcoe Regional Airport,Barrie-Orillia,CA,44.4853,-79.5556,America/Toronto
YLL,CYLL,Lloydminster Airport,Lloydminster,CA,53.3092,-110.073,America/Edmonton
YLQ,CYLQ,La Tuque Airport,La Tuque,CA,47.4097,-72.7889,America/Toronto
YLR,CYLR,Leaf Rapids Airport,Leaf Rapids,CA,56.5133,-99.9853,America/Winnipeg
YLT,CYLT,Alert Airport,Alert,CA,82.5178,-62.2806,America/Iqaluit
YLV,UBEE,Yevlakh Airport,Yevlakh,AZ,40.6319,47.1419,Asia/Baku
YLW,CYLW,Kelowna Airport,Kelowna,CA,49.9561,-119.378,America/Vancouver
YLX,ZGYL,Yulin Fumian Airport,Yulin,CN,22.43806,110.12083,Asia/Shanghai
YLY,CYNJ,Langley Airport,Langley,CA,49.1008,-122.631,America/Vancouver
YMA,CYMA,Mayo Airport,Mayo,CA,63.6164,-135.868,America/Whitehorse
YME,CYME,Matane Airport,Matane,CA,48.8569,-67.4533,America/Toronto
YMG,CYMG,Manitouwadge Airport,Manitouwadge,CA,49.0839,-85.8606,America/Toronto
YMH,CYMH,Mary's Harbour Airport,Mary's Harbour,CA,52.3028,-55.8472,America/St_Johns
YMJ,CYMJ,Moose Jaw Air Vice Marshal C. M. McEwen Airport,Moose Jaw,CA,50.3303,-105.559,America/Regina
YMK,USDK,Mys Kamenny Airport,Mys Kamennyi,RU,68.483,73.567,Asia/Yekaterinburg
YML,CYML,Charlevoix Airport,Charlevoix,CA,47.5975,-70.2239,America/Toronto
YMM,CYMM,Fort McMurray Airport,Fort McMurray,CA,56.6533,-111.222,America/Edmonton
YMN,CYFT,Makkovik Airport,Makkovik,CA,55.0769,-59.1864,America/Goose_Bay
YMO,CYMO,Moosonee Airport,Moosonee,CA,51.2911,-80.6078,America/Toronto
YMS,SPMS,Moises Benzaquen Rengifo Airport,Yurimaguas,PE,-5.89377,-76.1182,America/Lima
YMT,CYMT,Chapais Airport,Chibougamau,CA,49.7719,-74.5281,America/Toronto
YMW,CYMW,Maniwaki Airport,Maniwaki,CA,46.2728,-75.9906,America/Toronto
YMX,CYMX,Montreal International (Mirabel) Airport,Montreal,CA,45.6795,-74.0387,America/Toronto
YNA,CYNA,Natashquan Airport,Natashquan,CA,50.19,-61.7892,America/Blanc-Sablon
YNB,OEYN,Yenbo Airport,Yanbu,SA,24.1442,38.0634,Asia/Riyadh
YNC,CYNC,Wemindji Airport,Wemindji,CA,53.0106,-78.8311,America/Iqaluit
YND,CYND,Ottawa / Gatineau Airport,Gatineau,CA,45.5217,-75.5636,America/Toronto
YNE,CYNE,Norway House Airport,Norway House,CA,53.9583,-97.8442,America/Winnipeg
YNG,KYNG,Youngstown Warren Regional Airport,Youngstown/Warren,US,41.2607,-80.6791,America/New_York
YNH,CYNH,Hudsons Hope Airport,Hudson's Hope,CA,56.0356,-121.976,America/Dawson_Creek
YNJ,ZYYJ,Yanji Chaoyangchuan Airport,Yanji,CN,42.8828,129.451,Asia/Shanghai
YNL,CYNL,Points North Landing Airport,Points North Landing,CA,58.2767,-104.082,America/Regina
YNM,CYNM,Matagami Airport,Matagami,CA,49.7617,-77.8028,America/Toronto
YNN,CYNN,Nejanilini Lake Airport,Nejanilini Lake,CA,59.4875,-97.7803,America/Winnipeg
YNO,CKQ3,North Spirit Lake Airport,North Spirit Lake,CA,52.49,-92.9711,America/Winnipeg
YNS,CYHH,Nemiscau Airport,Nemiscau,CA,51.6911,-76.1356,America/Toronto
YNT,ZSYT,Yantai Laishan Airport,Yantai,CN,37.4017,121.372,Asia/Shanghai
YNX,CSK6,Snap Lake Airport,Snap Lake,CA,63.5936,-110.906,America/Edmonton
YNY,RKNY,Yangyang International Airport,Sokcho / Gangneung,KR,38.0613,128.66901,Asia/Seoul
YNZ,ZSYN,Yancheng Airport,Yancheng,CN,33.42583,120.20306,Asia/Shanghai
YOA,CYOA,Ekati Airport,Ekati,CA,64.6989,-110.615,America/Edmonton
YOC,CYOC,Old Crow Airport,Old Crow,CA,67.5706,-139.839,America/Dawson
YOD,CYOD,CFB Cold Lake,Cold Lake,CA,54.405,-110.279,America/Edmonton
YOG,CNT3,Ogoki Post Airport,Ogoki Post,CA,51.6586,-85.9017,America/Toronto
YOH,CYOH,Oxford House Airport,Oxford House,CA,54.9333,-95.2789,America/Winnipeg
YOJ,CYOJ,High Level Airport,High Level,CA,58.6214,-117.165,America/Edmonton
YOL,DNYO,Yola Airport,Yola,NG,9.25755,12.4304,Africa/Lagos
YOO,CYOO,Oshawa Airport,Oshawa,CA,43.9228,-78.895,America/Toronto
YOP,CYOP,Rainbow Lake Airport,Rainbow Lake,CA,58.4914,-119.408,America/Edmonton
YOS,CYOS,Owen Sound / Billy Bishop Regional Airport,Owen Sound,CA,44.5903,-80.8375,America/Toronto
YOT,LLYT,Yotvata Airfield,Yotvata,IL,29.9062,35.0667,Asia/Jerusalem
YOW,CYOW,Ottawa Macdonald-Cartier International Airport,Ottawa,CA,45.3225,-75.6692,America/Toronto
YPA,CYPA,Prince Albert Glass Field,Prince Albert,CA,53.2142,-105.673,America/Regina
YPC,CYPC,Paulatuk (Nora Aliqatchialuk Ruben) Airport,Paulatuk,CA,69.36084,-124.07547,America/Inuvik
YPD,CNK4,Parry Sound Area Municipal Airport,Parry Sound,CA,45.2575,-79.8297,America/Toronto
YPE,CYPE,Peace River Airport,Peace River,CA,56.2269,-117.447,America/Edmonton
YPG,CYPG,Southport Airport,Portage,CA,49.9031,-98.2739,America/Winnipeg
YPH,CYPH,Inukjuak Airport,Inukjuak,CA,58.4719,-78.0769,America/Toronto
YPJ,CYLA,Aupaluk Airport,Aupaluk,CA,59.2967,-69.5997,America/Toronto
YPL,CYPL,Pickle Lake Airport,Pickle Lake,CA,51.4464,-90.2142,America/Atikokan
YPM,CYPM,Pikangikum Airport,Pikangikum,CA,51.8197,-93.9733,America/Winnipeg
YPN,CYPN,Port Menier Airport,Port-Menier,CA,49.8364,-64.2886,America/Toronto
YPO,CYPO,Peawanuck Airport,Peawanuck,CA,54.9881,-85.4433,America/Toronto
YPQ,CYPQ,Peterborough Airport,Peterborough,CA,44.23,-78.3633,America/Toronto
YPR,CYPR,Prince Rupert Airport,Prince Rupert,CA,54.2861,-130.44501,America/Vancouver
YPS,CYPD,Port Hawkesbury Airport,Port Hawkesbury,CA,45.6567,-61.3681,America/Glace_Bay
YPW,CYPW,Powell River Airport,Powell River,CA,49.8342,-124.5,America/Vancouver
YPX,CYPX,Puvirnituq Airport,Puvirnituq,CA,60.0506,-77.2869,America/Iqaluit
YPY,CYPY,Fort Chipewyan Airport,Fort Chipewyan,CA,58.7672,-111.117,America/Edmonton
YPZ,CYPZ,Burns Lake Airport,Burns Lake,CA,54.3764,-125.951,America/Vancouver
YQA,CYQA,Muskoka Airport,Muskoka,CA,44.9747,-79.3033,America/Toronto
YQB,CYQB,Quebec Jean Lesage International Airport,Quebec,CA,46.7911,-71.3933,America/Toronto
YQC,CYHA,Quaqtaq Airport,Quaqtaq,CA,61.0464,-69.6178,America/Iqaluit
YQD,CYQD,The Pas Airport,The Pas,CA,53.9714,-101.091,America/Winnipeg
YQF,CYQF,Red Deer Regional Airport,Red Deer,CA,52.1822,-113.894,America/Edmonton
YQG,CYQG,Windsor Airport,Windsor,CA,42.2756,-82.9556,America/Toronto
YQH,CYQH,Watson Lake Airport,Watson Lake,CA,60.1164,-128.82201,America/Whitehorse
YQI,CYQI,Yarmouth Airport,Yarmouth,CA,43.8269,-66.0881,America/Halifax
YQK,CYQK,Kenora Airport,Kenora,CA,49.7883,-94.3631,America/Winnipeg
YQL,CYQL,Lethbridge County Airport,Lethbridge,CA,49.6303,-112.8,America/Edmonton
YQM,CYQM,Greater Moncton International Airport,Moncton,CA,46.1122,-64.6786,America/Moncton
YQN,CYQN,Nakina Airport,Nakina,CA,50.1828,-86.6964,America/Toronto
YQQ,CYQQ,Comox Airport,Comox,CA,49.7108,-124.887,America/Vancouver
YQR,CYQR,Regina International Airport,Regina,CA,50.4319,-104.666,America/Regina
YQS,CYQS,St Thomas Municipal Airport,St Thomas,CA,42.77,-81.1108,America/Toronto
YQT,CYQT,Thunder Bay Airport,Thunder Bay,CA,48.3719,-89.3239,America/Toronto
YQU,CYQU,Grande Prairie Airport,Grande Prairie,CA,55.1797,-118.885,America/Edmonton
YQV,CYQV,Yorkton Municipal Airport,Yorkton,CA,51.2647,-102.462,America/Regina
YQW,CYQW,North Battleford Airport,North Battleford,CA,52.7692,-108.244,America/Swift_Current
YQX,CYQX,Gander International Airport,Gander,CA,48.9369,-54.5681,America/St_Johns
YQY,CYQY,Sydney / J.A. Douglas McCurdy Airport,Sydney,CA,46.1614,-60.0478,America/Glace_Bay
YQZ,CYQZ,Quesnel Airport,Quesnel,CA,53.0261,-122.51,America/Vancouver
YRA,CYRA,Rae Lakes Airport,Gameti,CA,64.1161,-117.31,America/Edmonton
YRB,CYRB,Resolute Bay Airport,Resolute Bay,CA,74.7169,-94.9694,America/Resolute
YRF,CYCA,Cartwright Airport,Cartwright,CA,53.6828,-57.0419,America/Goose_Bay
YRG,CCZ2,Rigolet Airport,Rigolet,CA,54.1797,-58.4575,America/Goose_Bay
YRI,CYRI,Riviere-du-Loup Airport,Riviere-du-Loup,CA,47.7644,-69.5847,America/Toronto
YRJ,CYRJ,Roberval Airport,Roberval,CA,48.52,-72.2656,America/Toronto
YRL,CYRL,Red Lake Airport,Red Lake,CA,51.0669,-93.7931,America/Winnipeg
YRM,CYRM,Rocky Mountain House Airport,Rocky Mountain House,CA,52.4297,-114.904,America/Edmonton
YRO,CYRO,Ottawa / Rockcliffe Airport,Ottawa,CA,45.4603,-75.6461,America/Toronto
YRP,CYRP,Ottawa / Carp Airport,Carp,CA,45.3192,-76.0222,America/Toronto
YRQ,CYRQ,Trois-Rivieres Airport,Trois-Rivieres,CA,46.3528,-72.6794,America/Toronto
YRS,CYRS,Red Sucker Lake Airport,Red Sucker Lake,CA,54.1672,-93.5572,America/Winnipeg
YRT,CYRT,Rankin Inlet Airport,Rankin Inlet,CA,62.8114,-92.1158,America/Rankin_Inlet
YRV,CYRV,Revelstoke Airport,Revelstoke,CA,50.9667,-118.183,America/Vancouver
YSA,CSB2,Sable Island Landing Strip,Sable Island,CA,43.93035,-59.95977,America/Halifax
YSB,CYSB,Sudbury Airport,Sudbury,CA,46.625,-80.7989,America/Toronto
YSC,CYSC,Sherbrooke Airport,Sherbrooke,CA,45.4386,-71.6914,America/Toronto
YSE,CYSE,Squamish Airport,Squamish,CA,49.7817,-123.162,America/Vancouver
YSF,CYSF,Stony Rapids Airport,Stony Rapids,CA,59.2503,-105.841,America/Regina
YSG,CYLK,Lutselk'e Airport,Lutselk'e,CA,62.4183,-110.682,America/Edmonton
YSH,CYSH,Smiths Falls-Montague (Russ Beach) Airport,Smiths Falls,CA,44.9458,-75.9406,America/Toronto
YSJ,CYSJ,Saint John Airport,Saint John,CA,45.3161,-65.8903,America/Moncton
YSK,CYSK,Sanikiluaq Airport,Sanikiluaq,CA,56.5378,-79.2467,America/Iqaluit
YSL,CYSL,St Leonard Airport,St Leonard,CA,47.1575,-67.8347,America/Moncton
YSM,CYSM,Fort Smith Airport,Fort Smith,CA,60.0203,-111.962,America/Edmonton
YSN,CZAM,Salmon Arm Airport,Salmon Arm,CA,50.6828,-119.229,America/Vancouver
YSO,CCD4,Postville Airport,Postville,CA,54.9106,-59.7867,America/Goose_Bay
YSP,CYSP,Marathon Airport,Marathon,CA,48.7553,-86.3444,America/Toronto
YSQ,ZYSQ,Songyuan Chaganhu Airport,Songyuan,CN,44.93811,124.55018,Asia/Shanghai
YST,CYST,St. Theresa Point Airport,St. Theresa Point,CA,53.8456,-94.8519,America/Winnipeg
YSU,CYSU,Summerside Airport,Summerside,CA,46.4406,-63.8336,America/Halifax
YSY,CYSY,Sachs Harbour (David Nasogaluak Jr. Saaryuaq) Airport,Sachs Harbour,CA,71.9939,-125.243,America/Inuvik
YTA,CYTA,Pembroke Airport,Pembroke,CA,45.8644,-77.2517,America/Toronto
YTD,CZLQ,Thicket Portage Airport,Thicket Portage,CA,55.3189,-97.7078,America/Winnipeg
YTE,CYTE,Cape Dorset Airport,Cape Dorset,CA,64.23,-76.5267,America/Iqaluit
YTF,CYTF,Alma Airport,Alma,CA,48.5089,-71.6419,America/Toronto
YTH,CYTH,Thompson Airport,Thompson,CA,55.8011,-97.8642,America/Winnipeg
YTL,CYTL,Big Trout Lake Airport,Big Trout Lake,CA,53.8178,-89.8969,America/Winnipeg
YTM,CYFJ,La Macaza / Mont-Tremblant International Inc Airport,Riviere Rouge,CA,46.4094,-74.78,America/Toronto
YTQ,CYTQ,Tasiujaq Airport,Tasiujaq,CA,58.6678,-69.9558,America/Toronto
YTR,CYTR,CFB Trenton,Trenton,CA,44.1189,-77.5281,America/Toronto
YTS,CYTS,Timmins/Victor M. Power,Timmins,CA,48.5697,-81.3767,America/Toronto
YTW,ZWYT,Yutian Wanfang Airport,Yutian,CN,36.81083,81.78083,Asia/Shanghai
YTY,ZSYA,Yangzhou Taizhou Airport,Yangzhou,CN,32.5634,119.7198,Asia/Shanghai
YTZ,CYTZ,Billy Bishop Toronto City Centre Airport,Toronto,CA,43.6275,-79.3962,America/Toronto
YUB,CYUB,Tuktoyaktuk Airport,Tuktoyaktuk,CA,69.4333,-133.026,America/Inuvik
YUD,CYMU,Umiujaq Airport,Umiujaq,CA,56.5361,-76.5183,America/Iqaluit
YUE,YYND,Yuendumu Airport,Yuendumu,AU,-22.2542,131.782,Australia/Darwin
YUL,CYUL,Montreal / Pierre Elliott Trudeau International Airport,Montreal,CA,45.4706,-73.7408,America/Toronto
YUM,KNYL,Yuma MCAS/Yuma International Airport,Yuma,US,32.6566,-114.606,America/Phoenix
YUS,ZYLS,Yushu Batang Airport,Yushu,CN,32.83639,97.03639,Asia/Shanghai
YUT,CYUT,Repulse Bay Airport,Repulse Bay,CA,66.5214,-86.2247,America/Rankin_Inlet
YUX,CYUX,Hall Beach Airport,Hall Beach,CA,68.7761,-81.2436,America/Iqaluit
YUY,CYUY,Rouyn Noranda Airport,Rouyn-Noranda,CA,48.2061,-78.8356,America/Toronto
YVA,FMCN,Iconi Airport,Moroni,KM,-11.7108,43.2439,Indian/Comoro
YVB,CYVB,Bonaventure Airport,Bonaventure,CA,48.0711,-65.4603,America/Toronto
YVC,CYVC,La Ronge Airport,La Ronge,CA,55.1514,-105.262,America/Regina
YVE,CYVK,Vernon Airport,Vernon,CA,50.2481,-119.331,America/Vancouver
YVG,CYVG,Vermilion Airport,Vermilion,CA,53.3558,-110.824,America/Edmonton
YVM,CYVM,Qikiqtarjuaq Airport,Qikiqtarjuaq,CA,67.5458,-64.0314,America/Iqaluit
YVO,CYVO,Val-d'Or Airport,Val-d'Or,CA,48.0533,-77.7828,America/Toronto
YVP,CYVP,Kuujjuaq Airport,Kuujjuaq,CA,58.0961,-68.4269,America/Toronto
YVQ,CYVQ,Norman Wells Airport,Norman Wells,CA,65.2816,-126.798,America/Inuvik
YVR,CYVR,Vancouver International Airport,Vancouver,CA,49.1939,-123.184,America/Vancouver
YVT,CYVT,Buffalo Narrows Airport,Buffalo Narrows,CA,55.8419,-108.418,America/Swift_Current
YVV,CYVV,Wiarton Airport,Wiarton,CA,44.7458,-81.1072,America/Toronto
YVZ,CYVZ,Deer Lake Airport,Deer Lake,CA,52.6558,-94.0614,America/Winnipeg
YWA,CYWA,Petawawa Airport,Petawawa,CA,45.9522,-77.3192,America/Toronto
YWB,CYKG,Kangiqsujuaq (Wakeham Bay) Airport,Kangiqsujuaq,CA,61.5886,-71.9294,America/Toronto
YWG,CYWG,Winnipeg / James Armstrong Richardson International Airport,Winnipeg,CA,49.91,-97.2399,America/Winnipeg
YWH,CYWH,Victoria Inner Harbour Airport,Victoria,CA,48.42283,-123.3875,America/Vancouver
YWJ,CYWJ,Deline Airport,Deline,CA,65.2111,-123.436,America/Inuvik
YWK,CYWK,Wabush Airport,Wabush,CA,52.9219,-66.8644,America/Goose_Bay
YWL,CYWL,Williams Lake Airport,Williams Lake,CA,52.1831,-122.054,America/Vancouver
YWM,CCA6,Williams Harbour Airport,Williams Harbour,CA,52.5669,-55.7847,America/St_Johns
YWP,CYWP,Webequie Airport,Webequie,CA,52.95939,-87.37487,America/Toronto
YWY,CYWY,Wrigley Airport,Wrigley,CA,63.2094,-123.437,America/Inuvik
YXC,CYXC,Cranbrook Airport,Cranbrook,CA,49.6108,-115.782,America/Edmonton
YXD,CYXD,Edmonton City Centre (Blatchford Field) Airport,Edmonton,CA,53.5725,-113.521,America/Edmonton
YXE,CYXE,Saskatoon John G. Diefenbaker International Airport,Saskatoon,CA,52.1708,-106.7,America/Regina
YXH,CYXH,Medicine Hat Airport,Medicine Hat,CA,50.0189,-110.721,America/Edmonton
YXJ,CYXJ,Fort St John Airport,Fort St.John,CA,56.2381,-120.74,America/Dawson_Creek
YXK,CYXK,Rimouski Airport,Rimouski,CA,48.4781,-68.4969,America/Toronto
YXL,CYXL,Sioux Lookout Airport,Sioux Lookout,CA,50.1139,-91.9053,America/Winnipeg
YXN,CYXN,Whale Cove Airport,Whale Cove,CA,62.24,-92.5981,America/Rankin_Inlet
YXP,CYXP,Pangnirtung Airport,Pangnirtung,CA,66.145,-65.7136,America/Iqaluit
YXQ,CYXQ,Beaver Creek Airport,Beaver Creek,CA,62.4103,-140.867,America/Dawson
YXR,CYXR,Earlton (Timiskaming Regional) Airport,Earlton,CA,47.6974,-79.84735,America/Toronto
YXS,CYXS,Prince George Airport,Prince George,CA,53.8894,-122.679,America/Vancouver
YXT,CYXT,Terrace Airport,Terrace,CA,54.4685,-128.576,America/Vancouver
YXU,CYXU,London Airport,London,CA,43.0356,-81.1539,America/Toronto
YXX,CYXX,Abbotsford Airport,Abbotsford,CA,49.0253,-122.361,America/Los_Angeles
YXY,CYXY,Whitehorse / Erik Nielsen International Airport,Whitehorse,CA,60.7096,-135.067,America/Whitehorse
YXZ,CYXZ,Wawa Airport,Wawa,CA,47.9667,-84.7867,America/Toronto
YYA,ZGYY,Yueyang Sanhe Airport,Yueyang,CN,29.314,113.278,Asia/Shanghai
YYB,CYYB,North Bay Airport,North Bay,CA,46.3636,-79.4228,America/Toronto
YYC,CYYC,Calgary International Airport,Calgary,CA,51.1139,-114.02,America/Edmonton
YYD,CYYD,Smithers Airport,Smithers,CA,54.8247,-127.183,America/Vancouver
YYE,CYYE,Fort Nelson Airport,Fort Nelson,CA,58.8364,-122.597,America/Fort_Nelson
YYF,CYYF,Penticton Airport,Penticton,CA,49.4631,-119.602,America/Vancouver
YYG,CYYG,Charlottetown Airport,Charlottetown,CA,46.29,-63.1211,America/Halifax
YYH,CYYH,Taloyoak Airport,Taloyoak,CA,69.5467,-93.5767,America/Cambridge_Bay
YYJ,CYYJ,Victoria International Airport,Victoria,CA,48.6469,-123.426,America/Vancouver
YYL,CYYL,Lynn Lake Airport,Lynn Lake,CA,56.8639,-101.076,America/Winnipeg
YYM,CYYM,Cowley Airport,Cowley,CA,49.6364,-114.094,America/Edmonton
YYN,CYYN,Swift Current Airport,Swift Current,CA,50.2919,-107.691,America/Swift_Current
YYQ,CYYQ,Churchill Airport,Churchill,CA,58.7392,-94.065,America/Winnipeg
YYR,CYYR,Goose Bay Airport,Goose Bay,CA,53.3192,-60.4258,America/Goose_Bay
YYT,CYYT,St. John's International Airport,St. John's,CA,47.6186,-52.7519,America/St_Johns
YYU,CYYU,Kapuskasing Airport,Kapuskasing,CA,49.4139,-82.4675,America/Toronto
YYW,CYYW,Armstrong Airport,Armstrong,CA,50.2903,-88.9097,America/Toronto
YYY,CYYY,Mont Joli Airport,Mont-Joli,CA,48.6086,-68.2081,America/Toronto
YYZ,CYYZ,Lester B. Pearson International Airport,Toronto,CA,43.6772,-79.6306,America/Toronto
YZD,CYZD,Downsview Airport,Toronto,CA,43.7425,-79.4656,America/Toronto
YZE,CYZE,Gore Bay Manitoulin Airport,Gore Bay,CA,45.8853,-82.5678,America/Toronto
YZF,CYZF,Yellowknife Airport,Yellowknife,CA,62.4628,-114.44,America/Edmonton
YZG,CYZG,Salluit Airport,Salluit,CA,62.1794,-75.6672,America/Toronto
YZH,CYZH,Slave Lake Airport,Slave Lake,CA,55.2931,-114.777,America/Edmonton
YZP,CYZP,Sandspit Airport,Sandspit,CA,53.2543,-131.814,America/Vancouver
YZR,CYZR,Chris Hadfield Airport,Sarnia,CA,42.9994,-82.3089,America/Toronto
YZS,CYZS,Coral Harbour Airport,Coral Harbour,CA,64.1933,-83.3594,America/Atikokan
YZT,CYZT,Port Hardy Airport,Port Hardy,CA,50.6806,-127.367,America/Vancouver
YZU,CYZU,Whitecourt Airport,Whitecourt,CA,54.1439,-115.787,America/Edmonton
YZV,CYZV,Sept-Iles Airport,Sept-Iles,CA,50.2233,-66.2656,America/Toronto
YZW,CYZW,Teslin Airport,Teslin,CA,60.1728,-132.743,America/Whitehorse
YZX,CYZX,CFB Greenwood,Greenwood,CA,44.9844,-64.9169,America/Halifax
YZY,CYZY,Mackenzie Airport,Mackenzie,CA,55.3044,-123.132,America/Vancouver
YZZ,CAD4,Trail Airport,Trail,CA,49.0556,-117.609,America/Vancouver
ZAC,CZAC,York Landing Airport,York Landing,CA,56.0894,-96.0892,America/Winnipeg
ZAD,LDZD,Zemunik Airport,Zadar,HR,44.1083,15.3467,Europe/Zagreb
ZAG,LDZA,Zagreb Airport,Zagreb,HR,45.7429,16.0688,Europe/Zagreb
ZAH,OIZH,Zahedan International Airport,Zahedan,IR,29.4757,60.9062,Asia/Tehran
ZAJ,OAZJ,Zaranj Airport,Zaranj,AF,30.97222,61.86583,Asia/Kabul
ZAL,SCVD,Pichoy Airport,Valdivia,CL,-39.65,-73.0861,America/Santiago
ZAM,RPMZ,Zamboanga International Airport,Zamboanga City,PH,6.92242,122.06,Asia/Manila
ZAO,LFCC,Cahors-Lalbenque Airport,Cahors/Lalbenque,FR,44.3514,1.47528,Europe/Paris
ZAR,DNZA,Zaria Airport,Zaria,NG,11.1302,7.68581,Africa/Lagos
ZAT,ZPZT,Zhaotong Airport,Zhaotong,CN,27.3256,103.755,Asia/Shanghai
ZAZ,LEZG,Zaragoza Air Base,Zaragoza,ES,41.6662,-1.04155,Europe/Madrid
ZBD,CZBB,Vancouver / Boundary Bay Airport,Boundary Bay,CA,49.0742,-123.012,America/Vancouver
ZBE,LKZA,Zabreh Ostrava Airport,Zabreh,CZ,49.9283,18.0783,Europe/Prague
ZBF,CZBF,Bathurst Airport,Bathurst,CA,47.6297,-65.7389,America/Moncton
ZBM,CZBM,Bromont (Roland Desourdy) Airport,Bromont,CA,45.2908,-72.7414,America/Toronto
ZBO,YBWN,Bowen Airport,Bowen,AU,-20.0183,148.215,Australia/Brisbane
ZBR,OIZC,Konarak Airport,Chabahar,IR,25.4433,60.3821,Asia/Tehran
ZBY,VLSB,Sayaboury Airport,Sayaboury,LA,19.233,101.733,Asia/Vientiane
ZCA,EDLA,Arnsberg-Menden Airport,Neheim-Husten,DE,51.48389,7.89833,Europe/Berlin
ZCL,MMZC,General Leobardo C. Ruiz International Airport,Zacatecas,MX,22.8971,-102.687,America/Mexico_City
ZCN,ETHC,Celle Airport,Celle,DE,52.5912,10.0221,Europe/Berlin
ZCO,SCTC,Maquehue Airport,Temuco,CL,-38.7668,-72.6371,America/Santiago
ZEC,FASC,Secunda Airport,Secunda,ZA,-26.5241,29.1701,Africa/Johannesburg
ZEE,CZEE,Kelsey Airport,Kelsey,CA,56.0375,-96.5097,America/Winnipeg
ZEL,CBBC,Bella Bella (Campbell Island) Airport,Bella Bella,CA,52.185,-128.157,America/Vancouver
ZEM,CZEM,Eastmain River Airport,Eastmain River,CA,52.2264,-78.5225,America/Iqaluit
ZER,VEZO,Zero Airport,Ziro,IN,27.5883,93.8281,Asia/Kolkata
ZFA,CZFA,Faro Airport,Faro,CA,62.2075,-133.37601,America/Whitehorse
ZFD,CZFD,Fond-Du-Lac Airport,Fond-Du-Lac,CA,59.3344,-107.182,America/Swift_Current
ZFG,CZFG,Pukatawagan Airport,Pukatawagan,CA,55.7492,-101.266,America/Winnipeg
ZFL,ZWZS,Zhaosu Tianma Airport,Zhaosu,CN,43.08981,81.22912,Asia/Shanghai
ZFM,CZFM,Fort Mcpherson Airport,Fort Mcpherson,CA,67.4075,-134.86099,America/Inuvik
ZFN,CZFN,Tulita Airport,Tulita,CA,64.9097,-125.573,America/Inuvik
ZGF,CZGF,Grand Forks Airport,Grand Forks,CA,49.0156,-118.431,America/Los_Angeles
ZGI,CZGI,Gods River Airport,Gods River,CA,54.8397,-94.0786,America/Winnipeg
ZGL,YSGW,South Galway Airport,,AU,-25.6833,142.108,Australia/Brisbane
ZGM,FLNA,Ngoma Airport,Ngoma,ZM,-15.9658,25.9333,Africa/Lusaka
ZGR,CZGR,Little Grand Rapids Airport,Little Grand Rapids,CA,52.0456,-95.4658,America/Winnipeg
ZGU,NVSQ,Gaua Island Airport,Gaua Island,VU,-14.2181,167.58701,Pacific/Efate
ZHA,ZGZJ,Zhanjiang Airport,Zhanjiang,CN,21.2144,110.358,Asia/Shanghai
ZHI,LSZG,Grenchen Airport,Grenchen,CH,47.1816,7.41719,Europe/Zurich
ZHM,VGSH,Shamshernagar Airport,Shamshernagar,BD,24.417,91.883,Asia/Dhaka
ZHP,CZHP,High Prairie Airport,High Prairie,CA,55.3936,-116.475,America/Edmonton
ZHY,ZLZW,Zhongwei Shapotou Airport,Zhongwei,CN,37.57278,105.15444,Asia/Shanghai
ZHZ,EDAQ,Halle-Oppin Airport,Oppin,DE,51.55222,12.05389,Europe/Berlin
ZIA,UUBW,Ramenskoye Airport,Zhukovsky,RU,55.5533,38.15,Europe/Moscow
ZIC,SCTO,Victoria Airport,Victoria,CL,-38.2456,-72.3486,America/Santiago
ZIG,GOGG,Ziguinchor Airport,Ziguinchor,SN,12.5556,-16.2818,Africa/Dakar
ZIH,MMZH,Ixtapa Zihuatanejo International Airport,Ixtapa,MX,17.6016,-101.461,America/Mexico_City
ZIN,LSMI,Interlaken Air Base,Interlaken,CH,46.6766,7.87908,Europe/Zurich
ZIX,UEVV,Zhigansk Airport,Zhigansk,RU,66.7965,123.361,Asia/Yakutsk
ZJG,CZJG,Jenpeg Airport,Jenpeg,CA,54.5189,-98.0461,America/Winnipeg
ZJI,LSZL,Locarno Airport,Locarno,CH,46.1608,8.87861,Europe/Zurich
ZJN,CZJN,Swan River Airport,Swan River,CA,52.1206,-101.236,America/Winnipeg
ZKB,FLKY,Kasaba Bay Airport,Kasaba Bay,ZM,-8.525,30.663,Africa/Lusaka
ZKE,CZKE,Kashechewan Airport,Kashechewan,CA,52.2825,-81.6778,America/Toronto
ZKG,CTK6,Kegaska Airport,Kegaska,CA,50.1958,-61.2658,America/Blanc-Sablon
ZKM,FOOS,Sette Cama Airport,Sette Cama,GA,-2.533,9.767,Africa/Libreville
ZKP,UESU,Zyryanka Airport,Zyryanka,RU,65.7367,150.705,Asia/Srednekolymsk
ZLO,MMZO,Playa De Oro International Airport,Manzanillo,MX,19.1448,-104.559,America/Mexico_City
ZLR,SCLN,Municipal de Linares Airport,Linares,CL,-35.8617,-71.5486,America/Santiago
ZLT,CTU5,La Tabatiere Airport,La Tabatiere,CA,50.8308,-58.9756,America/Blanc-Sablon
ZLX,HSZA,Zalingei Airport,Zalingei,SD,12.9,23.483,Africa/Khartoum
ZMG,EDBM,Magdeburg Airport,Magdeburg,DE,52.07361,11.62639,Europe/Berlin
ZMH,CZML,South Cariboo Region / 108 Mile Airport,108 Mile,CA,51.7361,-121.333,America/Vancouver
ZMM,MMZM,Zamora Airport,Zamora,MX,20.045,-102.276,America/Mexico_City
ZMT,CZMT,Masset Airport,Masset,CA,54.0275,-132.125,America/Vancouver
ZND,DRZR,Zinder Airport,Zinder,NE,13.779,8.98376,Africa/Niamey
ZNE,YNWN,Newman Airport,Newman,AU,-23.4178,119.803,Australia/Perth
ZNF,ETID,Hanau Army Air Field,Hanau,DE,50.1692,8.96159,Europe/Berlin
ZNG,CZNG,Poplar River Airport,Poplar River,CA,53.0,-97.2667,America/Winnipeg
ZNV,EDRK,Koblenz-Winningen Airport,Koblenz,DE,50.32556,7.52861,Europe/Berlin
ZNZ,HTZA,Zanzibar Airport,Kiembi Samaki,TZ,-6.22202,39.2249,Africa/Dar_es_Salaam
ZOJ,EDLM,Marl-Loemuhle Airport,Marl,DE,51.6472,7.16333,Europe/Berlin
ZOS,SCJO,Canal Bajo Carlos - Hott Siebert Airport,Osorno,CL,-40.6112,-73.061,America/Santiago
ZOW,EDWN,Nordhorn-Lingen Airport,Klausheide,DE,52.4575,7.18222,Europe/Berlin
ZPB,CZPB,Sachigo Lake Airport,Sachigo Lake,CA,53.8911,-92.1964,America/Winnipeg
ZPC,SCPC,Pucon Airport,Pucon,CL,-39.2928,-71.9159,America/Santiago
ZPH,KZPH,Zephyrhills Municipal Airport,Zephyrhills,US,28.2282,-82.1559,America/New_York
ZPO,CZPO,Pinehouse Lake Airport,Pinehouse Lake,CA,55.5281,-106.582,America/Regina
ZPQ,ETHE,Rheine Bentlage Airport,Rheine,DE,52.2912,7.387,Europe/Berlin
ZQC,EDRY,Speyer Airport,Speyer,DE,49.30472,8.45139,Europe/Berlin
ZQF,EDRT,Trier-Fohren Airport,Trier,DE,49.86389,6.7875,Europe/Berlin
ZQL,EDTD,Donaueschingen-Villingen Airport,Donaueschingen,DE,47.97333,8.52222,Europe/Berlin
ZQN,NZQN,Queenstown International Airport,Queenstown,NZ,-45.0211,168.739,Pacific/Auckland
ZQW,EDRZ,Zweibrucken Airport,Zweibrucken,DE,49.2094,7.40056,Europe/Berlin
ZRE,LYZR,Zrenjanin Airport,Zrenjanin,RS,45.33976,20.45408,Europe/Belgrade
ZRH,LSZH,Zurich Airport,Zurich,CH,47.4647,8.54917,Europe/Zurich
ZRI,WABO,Serui Airport,Serui-Japen Island,ID,-1.87558,136.241,Asia/Jayapura
ZRJ,CZRJ,Round Lake (Weagamow Lake) Airport,Round Lake,CA,52.9436,-91.3128,America/Winnipeg
ZRM,WAJI,Sarmi Airport,Sarmi-Papua Island,ID,-1.86955,138.75,Asia/Jayapura
ZSA,MYSM,San Salvador Airport,San Salvador,BS,24.0633,-74.524,America/Nassau
ZSE,FMEP,Pierrefonds Airport,St Pierre,RE,-21.3209,55.425,Indian/Reunion
ZSJ,CZSJ,Sandy Lake Airport,Sandy Lake,CA,53.0642,-93.3444,America/Winnipeg
ZSP,CEW3,St. Paul Airport,St. Paul,CA,53.9933,-111.38,America/Edmonton
ZSS,DISS,Sassandra Airport,Sassandra,CI,4.92833,-6.13278,Africa/Abidjan
ZST,CZST,Stewart Airport,Stewart,CA,55.93541,-129.98243,America/Vancouver
ZTA,NTGY,Tureia Airport,Tureia,PF,-20.7897,-138.57001,Pacific/Tahiti
ZTB,CTB6,Tete-a-la-Baleine Airport,Tete-a-la-Baleine,CA,50.6744,-59.3836,America/Blanc-Sablon
ZTH,LGZA,Dionysios Solomos Airport,Zakynthos Island,GR,37.7509,20.8843,Europe/Athens
ZTM,CZTM,Shamattawa Airport,Shamattawa,CA,55.8656,-92.0814,America/Winnipeg
ZTR,UKKV,Zhytomyr Airport,Zhytomyr,UA,50.27056,28.73861,Europe/Kyiv
ZTU,UBBY,Zaqatala International Airport,Zaqatala,AZ,41.56222,46.66722,Asia/Baku
ZUC,CZUC,Ignace Municipal Airport,Ignace,CA,49.4297,-91.7178,America/Winnipeg
ZUD,SCAC,Pupelde Airport,Ancud,CL,-41.9039,-73.7967,America/Santiago
ZUH,ZGSD,Zhuhai Airport,Zhuhai,CN,22.0064,113.376,Asia/Shanghai
ZUL,OEZL,Zilfi Airport,Zilfi,SA,26.35,44.833,Asia/Riyadh
ZUM,CZUM,Churchill Falls Airport,Churchill Falls,CA,53.5619,-64.1064,America/Goose_Bay
ZVA,FMMN,Miandrivazo Airport,Miandrivazo,MG,-19.5628,45.4508,Indian/Antananarivo
ZVK,VLSK,Savannakhet Airport,Savannakhet,LA,16.5566,104.76,Asia/Bangkok
ZWA,FMND,Andapa Airport,Andapa,MG,-14.6517,49.6206,Indian/Antananarivo
ZWH,CZWH,Lac Brochet Airport,Lac Brochet,CA,58.6175,-101.469,America/Winnipeg
ZWK,EPSU,Suwalki Airport,Suwalki,PL,54.0728,22.8992,Europe/Warsaw
ZWL,CZWL,Wollaston Lake Airport,Wollaston Lake,CA,58.1069,-103.172,America/Regina
ZXB,ENJA,Jan Mayen Jan Mayensfield,Olonkinbyen,NO,70.96111,-8.57583,Europe/Oslo
ZYI,ZUZY,Zunyi Xinzhou Airport,Zunyi,CN,27.5895,107.0007,Asia/Shanghai
ZYL,VGSY,Osmany International Airport,Sylhet,BD,24.9632,91.8668,Asia/Dhaka
ZZE,UBBZ,Zangilan International Airport,Zangilan,AZ,39.09441,46.7341,Asia/Baku
ZZO,UHSO,Zonalnoye Airport,Tymovskoye,RU,50.6692,142.761,Asia/Sakhalin
ZZU,FWUU,Mzuzu Airport,Mzuzu,MW,-11.4447,34.0118,Africa/Blantyre
ZZV,KZZV,Zanesville Municipal Airport,Zanesville,US,39.9444,-81.8921,America/New_York
